token,roomId,userId
eyJhbGciOiJIUzI1NiIsInR5cCI6IkpXVCJ9.eyJpZCI6IjY5ZmQxZDZkZTdhNmI1YjIwMzU5MjdjNiIsImVtYWlsIjoibG9hZHRlc3QtMDAwMUBpY2hhbmdlLnRlc3QiLCJyb2xlIjoic3R1ZGVudCIsImlhdCI6MTc3ODE5NTgyMSwiZXhwIjoxNzc4MjAzMDIxfQ.0iylxKifDcx6pDdRdZ2Lrlqhl46DOFM13NWnZd7-LbU,69fd1d6de7a6b5b2035927c5,69fd1d6de7a6b5b2035927c6
eyJhbGciOiJIUzI1NiIsInR5cCI6IkpXVCJ9.eyJpZCI6IjY5ZmQxZDZkZTdhNmI1YjIwMzU5MjdjNyIsImVtYWlsIjoibG9hZHRlc3QtMDAwMkBpY2hhbmdlLnRlc3QiLCJyb2xlIjoic3R1ZGVudCIsImlhdCI6MTc3ODE5NTgyMSwiZXhwIjoxNzc4MjAzMDIxfQ.-p__4wAbnXXIKBAIaIRDM_AzFFO07Smlrz4cmalVX-E,69fd1d6de7a6b5b2035927c5,69fd1d6de7a6b5b2035927c7
eyJhbGciOiJIUzI1NiIsInR5cCI6IkpXVCJ9.eyJpZCI6IjY5ZmQxZDZkZTdhNmI1YjIwMzU5MjdjOCIsImVtYWlsIjoibG9hZHRlc3QtMDAwM0BpY2hhbmdlLnRlc3QiLCJyb2xlIjoic3R1ZGVudCIsImlhdCI6MTc3ODE5NTgyMSwiZXhwIjoxNzc4MjAzMDIxfQ.3d1q7pwlss13REA23rCwfLfSnNMAqfVoXqRJJ08loGs,69fd1d6de7a6b5b2035927c5,69fd1d6de7a6b5b2035927c8
eyJhbGciOiJIUzI1NiIsInR5cCI6IkpXVCJ9.eyJpZCI6IjY5ZmQxZDZkZTdhNmI1YjIwMzU5MjdjOSIsImVtYWlsIjoibG9hZHRlc3QtMDAwNEBpY2hhbmdlLnRlc3QiLCJyb2xlIjoic3R1ZGVudCIsImlhdCI6MTc3ODE5NTgyMSwiZXhwIjoxNzc4MjAzMDIxfQ.ieipkpFfYDrcgNTM3040ARLwfUNBGT9Mh8cmwQTK6Zk,69fd1d6de7a6b5b2035927c5,69fd1d6de7a6b5b2035927c9
eyJhbGciOiJIUzI1NiIsInR5cCI6IkpXVCJ9.eyJpZCI6IjY5ZmQxZDZkZTdhNmI1YjIwMzU5MjdjYSIsImVtYWlsIjoibG9hZHRlc3QtMDAwNUBpY2hhbmdlLnRlc3QiLCJyb2xlIjoic3R1ZGVudCIsImlhdCI6MTc3ODE5NTgyMSwiZXhwIjoxNzc4MjAzMDIxfQ.iQTOrtR8KOUWS3W3trV9F8GZWi_gt_2IQQMfjAur_iA,69fd1d6de7a6b5b2035927c5,69fd1d6de7a6b5b2035927ca
eyJhbGciOiJIUzI1NiIsInR5cCI6IkpXVCJ9.eyJpZCI6IjY5ZmQxZDZkZTdhNmI1YjIwMzU5MjdjYiIsImVtYWlsIjoibG9hZHRlc3QtMDAwNkBpY2hhbmdlLnRlc3QiLCJyb2xlIjoic3R1ZGVudCIsImlhdCI6MTc3ODE5NTgyMSwiZXhwIjoxNzc4MjAzMDIxfQ.UtXQab44XgOl8duQEu_jkAUEuvlOYUwZ427Z2QNcsnA,69fd1d6de7a6b5b2035927c5,69fd1d6de7a6b5b2035927cb
eyJhbGciOiJIUzI1NiIsInR5cCI6IkpXVCJ9.eyJpZCI6IjY5ZmQxZDZkZTdhNmI1YjIwMzU5MjdjYyIsImVtYWlsIjoibG9hZHRlc3QtMDAwN0BpY2hhbmdlLnRlc3QiLCJyb2xlIjoic3R1ZGVudCIsImlhdCI6MTc3ODE5NTgyMSwiZXhwIjoxNzc4MjAzMDIxfQ.XapnY-T5SqFLz3zolU-2gEUZvKVzKLWK3W-P2R0WKjI,69fd1d6de7a6b5b2035927c5,69fd1d6de7a6b5b2035927cc
eyJhbGciOiJIUzI1NiIsInR5cCI6IkpXVCJ9.eyJpZCI6IjY5ZmQxZDZkZTdhNmI1YjIwMzU5MjdjZCIsImVtYWlsIjoibG9hZHRlc3QtMDAwOEBpY2hhbmdlLnRlc3QiLCJyb2xlIjoic3R1ZGVudCIsImlhdCI6MTc3ODE5NTgyMSwiZXhwIjoxNzc4MjAzMDIxfQ.qy1lyrKLF4Fi6IztBY71U4AZQsOraTEq8cnTUBu-n_E,69fd1d6de7a6b5b2035927c5,69fd1d6de7a6b5b2035927cd
eyJhbGciOiJIUzI1NiIsInR5cCI6IkpXVCJ9.eyJpZCI6IjY5ZmQxZDZkZTdhNmI1YjIwMzU5MjdjZSIsImVtYWlsIjoibG9hZHRlc3QtMDAwOUBpY2hhbmdlLnRlc3QiLCJyb2xlIjoic3R1ZGVudCIsImlhdCI6MTc3ODE5NTgyMSwiZXhwIjoxNzc4MjAzMDIxfQ.ooQF3Huo9mRMjpyddDbpSJnvzkWbf0mFh97Xi4Kz6GM,69fd1d6de7a6b5b2035927c5,69fd1d6de7a6b5b2035927ce
eyJhbGciOiJIUzI1NiIsInR5cCI6IkpXVCJ9.eyJpZCI6IjY5ZmQxZDZkZTdhNmI1YjIwMzU5MjdjZiIsImVtYWlsIjoibG9hZHRlc3QtMDAxMEBpY2hhbmdlLnRlc3QiLCJyb2xlIjoic3R1ZGVudCIsImlhdCI6MTc3ODE5NTgyMSwiZXhwIjoxNzc4MjAzMDIxfQ.muM-_cu4D5HK_lD4oH8UEiUx8NbIHH4K_f3TvdGET80,69fd1d6de7a6b5b2035927c5,69fd1d6de7a6b5b2035927cf
eyJhbGciOiJIUzI1NiIsInR5cCI6IkpXVCJ9.eyJpZCI6IjY5ZmQxZDZkZTdhNmI1YjIwMzU5MjdkMCIsImVtYWlsIjoibG9hZHRlc3QtMDAxMUBpY2hhbmdlLnRlc3QiLCJyb2xlIjoic3R1ZGVudCIsImlhdCI6MTc3ODE5NTgyMSwiZXhwIjoxNzc4MjAzMDIxfQ.zS8Olbc3xqJsyuHv1bw4bWfld0w17OzMrucq_nebmB8,69fd1d6de7a6b5b2035927c5,69fd1d6de7a6b5b2035927d0
eyJhbGciOiJIUzI1NiIsInR5cCI6IkpXVCJ9.eyJpZCI6IjY5ZmQxZDZkZTdhNmI1YjIwMzU5MjdkMSIsImVtYWlsIjoibG9hZHRlc3QtMDAxMkBpY2hhbmdlLnRlc3QiLCJyb2xlIjoic3R1ZGVudCIsImlhdCI6MTc3ODE5NTgyMSwiZXhwIjoxNzc4MjAzMDIxfQ.iDONNxGf-aNJTXunQ4jNxq3mMuFZkJdjD9RY1gemmzE,69fd1d6de7a6b5b2035927c5,69fd1d6de7a6b5b2035927d1
eyJhbGciOiJIUzI1NiIsInR5cCI6IkpXVCJ9.eyJpZCI6IjY5ZmQxZDZkZTdhNmI1YjIwMzU5MjdkMiIsImVtYWlsIjoibG9hZHRlc3QtMDAxM0BpY2hhbmdlLnRlc3QiLCJyb2xlIjoic3R1ZGVudCIsImlhdCI6MTc3ODE5NTgyMSwiZXhwIjoxNzc4MjAzMDIxfQ.7_8M8mYAcK4j-0hk4RFR3ZHcZ2jo6Ej_j2pr3Oixz9A,69fd1d6de7a6b5b2035927c5,69fd1d6de7a6b5b2035927d2
eyJhbGciOiJIUzI1NiIsInR5cCI6IkpXVCJ9.eyJpZCI6IjY5ZmQxZDZkZTdhNmI1YjIwMzU5MjdkMyIsImVtYWlsIjoibG9hZHRlc3QtMDAxNEBpY2hhbmdlLnRlc3QiLCJyb2xlIjoic3R1ZGVudCIsImlhdCI6MTc3ODE5NTgyMSwiZXhwIjoxNzc4MjAzMDIxfQ.fEss7xE9cP2CmfIELh341LeBWhI9GILdEDAbs_m-TUU,69fd1d6de7a6b5b2035927c5,69fd1d6de7a6b5b2035927d3
eyJhbGciOiJIUzI1NiIsInR5cCI6IkpXVCJ9.eyJpZCI6IjY5ZmQxZDZkZTdhNmI1YjIwMzU5MjdkNCIsImVtYWlsIjoibG9hZHRlc3QtMDAxNUBpY2hhbmdlLnRlc3QiLCJyb2xlIjoic3R1ZGVudCIsImlhdCI6MTc3ODE5NTgyMSwiZXhwIjoxNzc4MjAzMDIxfQ.UOeqHzBzmNaJnppVRudR7KQ0H6buPGvm9F56B8e39Xc,69fd1d6de7a6b5b2035927c5,69fd1d6de7a6b5b2035927d4
eyJhbGciOiJIUzI1NiIsInR5cCI6IkpXVCJ9.eyJpZCI6IjY5ZmQxZDZkZTdhNmI1YjIwMzU5MjdkNSIsImVtYWlsIjoibG9hZHRlc3QtMDAxNkBpY2hhbmdlLnRlc3QiLCJyb2xlIjoic3R1ZGVudCIsImlhdCI6MTc3ODE5NTgyMSwiZXhwIjoxNzc4MjAzMDIxfQ.fvqBNjRUypsfO_c2AS3eK9MCKXLccaBkgpYoVgx-X_I,69fd1d6de7a6b5b2035927c5,69fd1d6de7a6b5b2035927d5
eyJhbGciOiJIUzI1NiIsInR5cCI6IkpXVCJ9.eyJpZCI6IjY5ZmQxZDZkZTdhNmI1YjIwMzU5MjdkNiIsImVtYWlsIjoibG9hZHRlc3QtMDAxN0BpY2hhbmdlLnRlc3QiLCJyb2xlIjoic3R1ZGVudCIsImlhdCI6MTc3ODE5NTgyMSwiZXhwIjoxNzc4MjAzMDIxfQ.nMDFWGv0pjL9lHfnFyrgJeQe476_p47EJzJkttdD24s,69fd1d6de7a6b5b2035927c5,69fd1d6de7a6b5b2035927d6
eyJhbGciOiJIUzI1NiIsInR5cCI6IkpXVCJ9.eyJpZCI6IjY5ZmQxZDZkZTdhNmI1YjIwMzU5MjdkNyIsImVtYWlsIjoibG9hZHRlc3QtMDAxOEBpY2hhbmdlLnRlc3QiLCJyb2xlIjoic3R1ZGVudCIsImlhdCI6MTc3ODE5NTgyMSwiZXhwIjoxNzc4MjAzMDIxfQ.RNUwnlwYvOAvkw_o7DJUJuE-dM_yXghVuqrS5jE15Co,69fd1d6de7a6b5b2035927c5,69fd1d6de7a6b5b2035927d7
eyJhbGciOiJIUzI1NiIsInR5cCI6IkpXVCJ9.eyJpZCI6IjY5ZmQxZDZkZTdhNmI1YjIwMzU5MjdkOCIsImVtYWlsIjoibG9hZHRlc3QtMDAxOUBpY2hhbmdlLnRlc3QiLCJyb2xlIjoic3R1ZGVudCIsImlhdCI6MTc3ODE5NTgyMSwiZXhwIjoxNzc4MjAzMDIxfQ.n94wI0OAMhY2zwdyNMCEu1kdiAnidClMkSrhgTMMht0,69fd1d6de7a6b5b2035927c5,69fd1d6de7a6b5b2035927d8
eyJhbGciOiJIUzI1NiIsInR5cCI6IkpXVCJ9.eyJpZCI6IjY5ZmQxZDZkZTdhNmI1YjIwMzU5MjdkOSIsImVtYWlsIjoibG9hZHRlc3QtMDAyMEBpY2hhbmdlLnRlc3QiLCJyb2xlIjoic3R1ZGVudCIsImlhdCI6MTc3ODE5NTgyMSwiZXhwIjoxNzc4MjAzMDIxfQ.-NOOUHScmqtWmh_50v81O3IyznAZDcUZTRauLgtTYyE,69fd1d6de7a6b5b2035927c5,69fd1d6de7a6b5b2035927d9
eyJhbGciOiJIUzI1NiIsInR5cCI6IkpXVCJ9.eyJpZCI6IjY5ZmQxZDZkZTdhNmI1YjIwMzU5MjdkYSIsImVtYWlsIjoibG9hZHRlc3QtMDAyMUBpY2hhbmdlLnRlc3QiLCJyb2xlIjoic3R1ZGVudCIsImlhdCI6MTc3ODE5NTgyMSwiZXhwIjoxNzc4MjAzMDIxfQ.V3pOBp1ri2wOy10J0aRK-kbtpb63YMojnG8UrRDWPVA,69fd1d6de7a6b5b2035927c5,69fd1d6de7a6b5b2035927da
eyJhbGciOiJIUzI1NiIsInR5cCI6IkpXVCJ9.eyJpZCI6IjY5ZmQxZDZkZTdhNmI1YjIwMzU5MjdkYiIsImVtYWlsIjoibG9hZHRlc3QtMDAyMkBpY2hhbmdlLnRlc3QiLCJyb2xlIjoic3R1ZGVudCIsImlhdCI6MTc3ODE5NTgyMSwiZXhwIjoxNzc4MjAzMDIxfQ.qv8uEIzQ3arK7nIrX1NQO9JHZD9-0YgfeiPRYMT0-bY,69fd1d6de7a6b5b2035927c5,69fd1d6de7a6b5b2035927db
eyJhbGciOiJIUzI1NiIsInR5cCI6IkpXVCJ9.eyJpZCI6IjY5ZmQxZDZkZTdhNmI1YjIwMzU5MjdkYyIsImVtYWlsIjoibG9hZHRlc3QtMDAyM0BpY2hhbmdlLnRlc3QiLCJyb2xlIjoic3R1ZGVudCIsImlhdCI6MTc3ODE5NTgyMSwiZXhwIjoxNzc4MjAzMDIxfQ.56Hwk3n5vhMxbJmHmMHcK0Uo6mnMlbctYJTnf1EZkAo,69fd1d6de7a6b5b2035927c5,69fd1d6de7a6b5b2035927dc
eyJhbGciOiJIUzI1NiIsInR5cCI6IkpXVCJ9.eyJpZCI6IjY5ZmQxZDZkZTdhNmI1YjIwMzU5MjdkZCIsImVtYWlsIjoibG9hZHRlc3QtMDAyNEBpY2hhbmdlLnRlc3QiLCJyb2xlIjoic3R1ZGVudCIsImlhdCI6MTc3ODE5NTgyMSwiZXhwIjoxNzc4MjAzMDIxfQ.t48Qt_Et5gz80U2p5IgCLF7dGeJQX9TfV8OjY3YkqIc,69fd1d6de7a6b5b2035927c5,69fd1d6de7a6b5b2035927dd
eyJhbGciOiJIUzI1NiIsInR5cCI6IkpXVCJ9.eyJpZCI6IjY5ZmQxZDZkZTdhNmI1YjIwMzU5MjdkZSIsImVtYWlsIjoibG9hZHRlc3QtMDAyNUBpY2hhbmdlLnRlc3QiLCJyb2xlIjoic3R1ZGVudCIsImlhdCI6MTc3ODE5NTgyMSwiZXhwIjoxNzc4MjAzMDIxfQ.2I6P5pccfTAi4rUVJ4aypEktXu54Iomi5tVpachk8wM,69fd1d6de7a6b5b2035927c5,69fd1d6de7a6b5b2035927de
eyJhbGciOiJIUzI1NiIsInR5cCI6IkpXVCJ9.eyJpZCI6IjY5ZmQxZDZkZTdhNmI1YjIwMzU5MjdkZiIsImVtYWlsIjoibG9hZHRlc3QtMDAyNkBpY2hhbmdlLnRlc3QiLCJyb2xlIjoic3R1ZGVudCIsImlhdCI6MTc3ODE5NTgyMSwiZXhwIjoxNzc4MjAzMDIxfQ.xtpcrwoPFL2ZFwr8eGx3XatCTz8Q3bULbw-R9QUDzAI,69fd1d6de7a6b5b2035927c5,69fd1d6de7a6b5b2035927df
eyJhbGciOiJIUzI1NiIsInR5cCI6IkpXVCJ9.eyJpZCI6IjY5ZmQxZDZkZTdhNmI1YjIwMzU5MjdlMCIsImVtYWlsIjoibG9hZHRlc3QtMDAyN0BpY2hhbmdlLnRlc3QiLCJyb2xlIjoic3R1ZGVudCIsImlhdCI6MTc3ODE5NTgyMSwiZXhwIjoxNzc4MjAzMDIxfQ.kKXZEa2QjqtdziKMffa8bswKlY7RuAvidxvCe8NyPzs,69fd1d6de7a6b5b2035927c5,69fd1d6de7a6b5b2035927e0
eyJhbGciOiJIUzI1NiIsInR5cCI6IkpXVCJ9.eyJpZCI6IjY5ZmQxZDZkZTdhNmI1YjIwMzU5MjdlMSIsImVtYWlsIjoibG9hZHRlc3QtMDAyOEBpY2hhbmdlLnRlc3QiLCJyb2xlIjoic3R1ZGVudCIsImlhdCI6MTc3ODE5NTgyMSwiZXhwIjoxNzc4MjAzMDIxfQ.uiSBWnyak3eTZ8LAI7gIPqgaCuMDxzs8z35uHqVmVm0,69fd1d6de7a6b5b2035927c5,69fd1d6de7a6b5b2035927e1
eyJhbGciOiJIUzI1NiIsInR5cCI6IkpXVCJ9.eyJpZCI6IjY5ZmQxZDZkZTdhNmI1YjIwMzU5MjdlMiIsImVtYWlsIjoibG9hZHRlc3QtMDAyOUBpY2hhbmdlLnRlc3QiLCJyb2xlIjoic3R1ZGVudCIsImlhdCI6MTc3ODE5NTgyMSwiZXhwIjoxNzc4MjAzMDIxfQ.QDStNoN6Q774nA8K76xY-WJduqt4HwvQAIVusIt8zmc,69fd1d6de7a6b5b2035927c5,69fd1d6de7a6b5b2035927e2
eyJhbGciOiJIUzI1NiIsInR5cCI6IkpXVCJ9.eyJpZCI6IjY5ZmQxZDZkZTdhNmI1YjIwMzU5MjdlMyIsImVtYWlsIjoibG9hZHRlc3QtMDAzMEBpY2hhbmdlLnRlc3QiLCJyb2xlIjoic3R1ZGVudCIsImlhdCI6MTc3ODE5NTgyMSwiZXhwIjoxNzc4MjAzMDIxfQ.mBUqkBtcx_ZIXaMpUueSXDjFIHjpYuSz4x9eQI3lxJI,69fd1d6de7a6b5b2035927c5,69fd1d6de7a6b5b2035927e3
eyJhbGciOiJIUzI1NiIsInR5cCI6IkpXVCJ9.eyJpZCI6IjY5ZmQxZDZkZTdhNmI1YjIwMzU5MjdlNCIsImVtYWlsIjoibG9hZHRlc3QtMDAzMUBpY2hhbmdlLnRlc3QiLCJyb2xlIjoic3R1ZGVudCIsImlhdCI6MTc3ODE5NTgyMSwiZXhwIjoxNzc4MjAzMDIxfQ.5usUq5DWNofESK4BK2LgDuO82fstsqVVcBhCB2b5ym0,69fd1d6de7a6b5b2035927c5,69fd1d6de7a6b5b2035927e4
eyJhbGciOiJIUzI1NiIsInR5cCI6IkpXVCJ9.eyJpZCI6IjY5ZmQxZDZkZTdhNmI1YjIwMzU5MjdlNSIsImVtYWlsIjoibG9hZHRlc3QtMDAzMkBpY2hhbmdlLnRlc3QiLCJyb2xlIjoic3R1ZGVudCIsImlhdCI6MTc3ODE5NTgyMSwiZXhwIjoxNzc4MjAzMDIxfQ.1G4ZGwQr04jeTLuujRXNDosID4_H8J1-Avq4v_8WarI,69fd1d6de7a6b5b2035927c5,69fd1d6de7a6b5b2035927e5
eyJhbGciOiJIUzI1NiIsInR5cCI6IkpXVCJ9.eyJpZCI6IjY5ZmQxZDZkZTdhNmI1YjIwMzU5MjdlNiIsImVtYWlsIjoibG9hZHRlc3QtMDAzM0BpY2hhbmdlLnRlc3QiLCJyb2xlIjoic3R1ZGVudCIsImlhdCI6MTc3ODE5NTgyMSwiZXhwIjoxNzc4MjAzMDIxfQ.nWRhzCwV2wXCOuMzMnJ9rrjSRZ0OB9wL_XSRH2WpB_U,69fd1d6de7a6b5b2035927c5,69fd1d6de7a6b5b2035927e6
eyJhbGciOiJIUzI1NiIsInR5cCI6IkpXVCJ9.eyJpZCI6IjY5ZmQxZDZkZTdhNmI1YjIwMzU5MjdlNyIsImVtYWlsIjoibG9hZHRlc3QtMDAzNEBpY2hhbmdlLnRlc3QiLCJyb2xlIjoic3R1ZGVudCIsImlhdCI6MTc3ODE5NTgyMSwiZXhwIjoxNzc4MjAzMDIxfQ.5Wia4XddNqv7vyehiTF11tmPkzaMYxmrjOrU7X4eITI,69fd1d6de7a6b5b2035927c5,69fd1d6de7a6b5b2035927e7
eyJhbGciOiJIUzI1NiIsInR5cCI6IkpXVCJ9.eyJpZCI6IjY5ZmQxZDZkZTdhNmI1YjIwMzU5MjdlOCIsImVtYWlsIjoibG9hZHRlc3QtMDAzNUBpY2hhbmdlLnRlc3QiLCJyb2xlIjoic3R1ZGVudCIsImlhdCI6MTc3ODE5NTgyMSwiZXhwIjoxNzc4MjAzMDIxfQ.rVcBBaLCkRuserMNs5SDi0cy768r0zBw8x7kTUu5TGc,69fd1d6de7a6b5b2035927c5,69fd1d6de7a6b5b2035927e8
eyJhbGciOiJIUzI1NiIsInR5cCI6IkpXVCJ9.eyJpZCI6IjY5ZmQxZDZkZTdhNmI1YjIwMzU5MjdlOSIsImVtYWlsIjoibG9hZHRlc3QtMDAzNkBpY2hhbmdlLnRlc3QiLCJyb2xlIjoic3R1ZGVudCIsImlhdCI6MTc3ODE5NTgyMSwiZXhwIjoxNzc4MjAzMDIxfQ.bQptQAR52H6bPL7zz_CMMFbqy6KFId4h2JTI93HO29g,69fd1d6de7a6b5b2035927c5,69fd1d6de7a6b5b2035927e9
eyJhbGciOiJIUzI1NiIsInR5cCI6IkpXVCJ9.eyJpZCI6IjY5ZmQxZDZkZTdhNmI1YjIwMzU5MjdlYSIsImVtYWlsIjoibG9hZHRlc3QtMDAzN0BpY2hhbmdlLnRlc3QiLCJyb2xlIjoic3R1ZGVudCIsImlhdCI6MTc3ODE5NTgyMSwiZXhwIjoxNzc4MjAzMDIxfQ.Oz2thsM9nlL-khjd3qRx9vIqsZA_OsKD91xNrJdjh3M,69fd1d6de7a6b5b2035927c5,69fd1d6de7a6b5b2035927ea
eyJhbGciOiJIUzI1NiIsInR5cCI6IkpXVCJ9.eyJpZCI6IjY5ZmQxZDZkZTdhNmI1YjIwMzU5MjdlYiIsImVtYWlsIjoibG9hZHRlc3QtMDAzOEBpY2hhbmdlLnRlc3QiLCJyb2xlIjoic3R1ZGVudCIsImlhdCI6MTc3ODE5NTgyMSwiZXhwIjoxNzc4MjAzMDIxfQ.9sOwcuouzJ1OUdTcfE7GWbXZ-Rd3pu2PtOSGCAliaOA,69fd1d6de7a6b5b2035927c5,69fd1d6de7a6b5b2035927eb
eyJhbGciOiJIUzI1NiIsInR5cCI6IkpXVCJ9.eyJpZCI6IjY5ZmQxZDZkZTdhNmI1YjIwMzU5MjdlYyIsImVtYWlsIjoibG9hZHRlc3QtMDAzOUBpY2hhbmdlLnRlc3QiLCJyb2xlIjoic3R1ZGVudCIsImlhdCI6MTc3ODE5NTgyMSwiZXhwIjoxNzc4MjAzMDIxfQ.kxqE1C4QHo88cjybA1omlLe6F4sroaRH7cYCCe3JtD0,69fd1d6de7a6b5b2035927c5,69fd1d6de7a6b5b2035927ec
eyJhbGciOiJIUzI1NiIsInR5cCI6IkpXVCJ9.eyJpZCI6IjY5ZmQxZDZkZTdhNmI1YjIwMzU5MjdlZCIsImVtYWlsIjoibG9hZHRlc3QtMDA0MEBpY2hhbmdlLnRlc3QiLCJyb2xlIjoic3R1ZGVudCIsImlhdCI6MTc3ODE5NTgyMSwiZXhwIjoxNzc4MjAzMDIxfQ.GCQrR8acgfmBCvenKP9GIOBT8SnvFvjXIMHLMU8LrMU,69fd1d6de7a6b5b2035927c5,69fd1d6de7a6b5b2035927ed
eyJhbGciOiJIUzI1NiIsInR5cCI6IkpXVCJ9.eyJpZCI6IjY5ZmQxZDZkZTdhNmI1YjIwMzU5MjdlZSIsImVtYWlsIjoibG9hZHRlc3QtMDA0MUBpY2hhbmdlLnRlc3QiLCJyb2xlIjoic3R1ZGVudCIsImlhdCI6MTc3ODE5NTgyMSwiZXhwIjoxNzc4MjAzMDIxfQ.qUwdI4QqPbuuxTiFcNOfjLO0UNX_hWsAoK0n6AIUC_I,69fd1d6de7a6b5b2035927c5,69fd1d6de7a6b5b2035927ee
eyJhbGciOiJIUzI1NiIsInR5cCI6IkpXVCJ9.eyJpZCI6IjY5ZmQxZDZkZTdhNmI1YjIwMzU5MjdlZiIsImVtYWlsIjoibG9hZHRlc3QtMDA0MkBpY2hhbmdlLnRlc3QiLCJyb2xlIjoic3R1ZGVudCIsImlhdCI6MTc3ODE5NTgyMSwiZXhwIjoxNzc4MjAzMDIxfQ.cdR0b-fs7vAUcstcuzT9EdMRICCZ_VweSzcwyzj_330,69fd1d6de7a6b5b2035927c5,69fd1d6de7a6b5b2035927ef
eyJhbGciOiJIUzI1NiIsInR5cCI6IkpXVCJ9.eyJpZCI6IjY5ZmQxZDZkZTdhNmI1YjIwMzU5MjdmMCIsImVtYWlsIjoibG9hZHRlc3QtMDA0M0BpY2hhbmdlLnRlc3QiLCJyb2xlIjoic3R1ZGVudCIsImlhdCI6MTc3ODE5NTgyMSwiZXhwIjoxNzc4MjAzMDIxfQ.mX92Z9cuw8Aeo9A9Lo7H4JRyX0-2olRGN-4-WulO__0,69fd1d6de7a6b5b2035927c5,69fd1d6de7a6b5b2035927f0
eyJhbGciOiJIUzI1NiIsInR5cCI6IkpXVCJ9.eyJpZCI6IjY5ZmQxZDZkZTdhNmI1YjIwMzU5MjdmMSIsImVtYWlsIjoibG9hZHRlc3QtMDA0NEBpY2hhbmdlLnRlc3QiLCJyb2xlIjoic3R1ZGVudCIsImlhdCI6MTc3ODE5NTgyMSwiZXhwIjoxNzc4MjAzMDIxfQ.j7bN0D6GYn7ZtvHwv9aA_ILwG3AMvkJuUOYLbwO0uKI,69fd1d6de7a6b5b2035927c5,69fd1d6de7a6b5b2035927f1
eyJhbGciOiJIUzI1NiIsInR5cCI6IkpXVCJ9.eyJpZCI6IjY5ZmQxZDZkZTdhNmI1YjIwMzU5MjdmMiIsImVtYWlsIjoibG9hZHRlc3QtMDA0NUBpY2hhbmdlLnRlc3QiLCJyb2xlIjoic3R1ZGVudCIsImlhdCI6MTc3ODE5NTgyMSwiZXhwIjoxNzc4MjAzMDIxfQ.JqEyHp8HhkeG3LlrTFVhAGRlZUE3KUeWOxPsTD2gIik,69fd1d6de7a6b5b2035927c5,69fd1d6de7a6b5b2035927f2
eyJhbGciOiJIUzI1NiIsInR5cCI6IkpXVCJ9.eyJpZCI6IjY5ZmQxZDZkZTdhNmI1YjIwMzU5MjdmMyIsImVtYWlsIjoibG9hZHRlc3QtMDA0NkBpY2hhbmdlLnRlc3QiLCJyb2xlIjoic3R1ZGVudCIsImlhdCI6MTc3ODE5NTgyMSwiZXhwIjoxNzc4MjAzMDIxfQ.FZWD8pawsZx9k3LOL25u4n_Ckf0qCz7qSWwdcJfO5CQ,69fd1d6de7a6b5b2035927c5,69fd1d6de7a6b5b2035927f3
eyJhbGciOiJIUzI1NiIsInR5cCI6IkpXVCJ9.eyJpZCI6IjY5ZmQxZDZkZTdhNmI1YjIwMzU5MjdmNCIsImVtYWlsIjoibG9hZHRlc3QtMDA0N0BpY2hhbmdlLnRlc3QiLCJyb2xlIjoic3R1ZGVudCIsImlhdCI6MTc3ODE5NTgyMSwiZXhwIjoxNzc4MjAzMDIxfQ.JkBg-BEx1F-ofNCywM_4Mg4JlsIPv3b_A4RA4O2Zitg,69fd1d6de7a6b5b2035927c5,69fd1d6de7a6b5b2035927f4
eyJhbGciOiJIUzI1NiIsInR5cCI6IkpXVCJ9.eyJpZCI6IjY5ZmQxZDZkZTdhNmI1YjIwMzU5MjdmNSIsImVtYWlsIjoibG9hZHRlc3QtMDA0OEBpY2hhbmdlLnRlc3QiLCJyb2xlIjoic3R1ZGVudCIsImlhdCI6MTc3ODE5NTgyMSwiZXhwIjoxNzc4MjAzMDIxfQ.hykV9ePV7yJVZ7XSgFQbCw1YlXWixuDY1TdsHxgSoYM,69fd1d6de7a6b5b2035927c5,69fd1d6de7a6b5b2035927f5
eyJhbGciOiJIUzI1NiIsInR5cCI6IkpXVCJ9.eyJpZCI6IjY5ZmQxZDZkZTdhNmI1YjIwMzU5MjdmNiIsImVtYWlsIjoibG9hZHRlc3QtMDA0OUBpY2hhbmdlLnRlc3QiLCJyb2xlIjoic3R1ZGVudCIsImlhdCI6MTc3ODE5NTgyMSwiZXhwIjoxNzc4MjAzMDIxfQ.w_M-gAyI0VsGHWKQbB1PVF2lWpMSuBHBGqlTqfjDtY0,69fd1d6de7a6b5b2035927c5,69fd1d6de7a6b5b2035927f6
eyJhbGciOiJIUzI1NiIsInR5cCI6IkpXVCJ9.eyJpZCI6IjY5ZmQxZDZkZTdhNmI1YjIwMzU5MjdmNyIsImVtYWlsIjoibG9hZHRlc3QtMDA1MEBpY2hhbmdlLnRlc3QiLCJyb2xlIjoic3R1ZGVudCIsImlhdCI6MTc3ODE5NTgyMSwiZXhwIjoxNzc4MjAzMDIxfQ.MKaOiGsUs_hAv2puFOBpbNeMpDByHS0pzo_bcof2S6U,69fd1d6de7a6b5b2035927c5,69fd1d6de7a6b5b2035927f7
eyJhbGciOiJIUzI1NiIsInR5cCI6IkpXVCJ9.eyJpZCI6IjY5ZmQxZDZkZTdhNmI1YjIwMzU5MjdmOCIsImVtYWlsIjoibG9hZHRlc3QtMDA1MUBpY2hhbmdlLnRlc3QiLCJyb2xlIjoic3R1ZGVudCIsImlhdCI6MTc3ODE5NTgyMSwiZXhwIjoxNzc4MjAzMDIxfQ.WIV7DPmyXW-cBlaV3Oyg8tc7CTrNl7gIepknB62xYqI,69fd1d6de7a6b5b2035927c5,69fd1d6de7a6b5b2035927f8
eyJhbGciOiJIUzI1NiIsInR5cCI6IkpXVCJ9.eyJpZCI6IjY5ZmQxZDZkZTdhNmI1YjIwMzU5MjdmOSIsImVtYWlsIjoibG9hZHRlc3QtMDA1MkBpY2hhbmdlLnRlc3QiLCJyb2xlIjoic3R1ZGVudCIsImlhdCI6MTc3ODE5NTgyMSwiZXhwIjoxNzc4MjAzMDIxfQ.TLzhMMp4luYmsLNIycT6vBHaxnnHmqaQ36BqYazYPMU,69fd1d6de7a6b5b2035927c5,69fd1d6de7a6b5b2035927f9
eyJhbGciOiJIUzI1NiIsInR5cCI6IkpXVCJ9.eyJpZCI6IjY5ZmQxZDZkZTdhNmI1YjIwMzU5MjdmYSIsImVtYWlsIjoibG9hZHRlc3QtMDA1M0BpY2hhbmdlLnRlc3QiLCJyb2xlIjoic3R1ZGVudCIsImlhdCI6MTc3ODE5NTgyMSwiZXhwIjoxNzc4MjAzMDIxfQ.qmCHac_1FeBf8qnCtzOtHErrt5BnnPw8-fH7g0YywYA,69fd1d6de7a6b5b2035927c5,69fd1d6de7a6b5b2035927fa
eyJhbGciOiJIUzI1NiIsInR5cCI6IkpXVCJ9.eyJpZCI6IjY5ZmQxZDZkZTdhNmI1YjIwMzU5MjdmYiIsImVtYWlsIjoibG9hZHRlc3QtMDA1NEBpY2hhbmdlLnRlc3QiLCJyb2xlIjoic3R1ZGVudCIsImlhdCI6MTc3ODE5NTgyMSwiZXhwIjoxNzc4MjAzMDIxfQ.L0ufgZdyqwiXqTcIgClKLJ_WMuoCogES7MlT1j6zDzs,69fd1d6de7a6b5b2035927c5,69fd1d6de7a6b5b2035927fb
eyJhbGciOiJIUzI1NiIsInR5cCI6IkpXVCJ9.eyJpZCI6IjY5ZmQxZDZkZTdhNmI1YjIwMzU5MjdmYyIsImVtYWlsIjoibG9hZHRlc3QtMDA1NUBpY2hhbmdlLnRlc3QiLCJyb2xlIjoic3R1ZGVudCIsImlhdCI6MTc3ODE5NTgyMSwiZXhwIjoxNzc4MjAzMDIxfQ.eGRKzAnEmA5LK8o-O0q_mXsyykM4PN6QX33AIZUgByE,69fd1d6de7a6b5b2035927c5,69fd1d6de7a6b5b2035927fc
eyJhbGciOiJIUzI1NiIsInR5cCI6IkpXVCJ9.eyJpZCI6IjY5ZmQxZDZkZTdhNmI1YjIwMzU5MjdmZCIsImVtYWlsIjoibG9hZHRlc3QtMDA1NkBpY2hhbmdlLnRlc3QiLCJyb2xlIjoic3R1ZGVudCIsImlhdCI6MTc3ODE5NTgyMSwiZXhwIjoxNzc4MjAzMDIxfQ.N2CGzhUB62-iV3xfSsQlReQfuaGCAwmkjT_3_4G3MPY,69fd1d6de7a6b5b2035927c5,69fd1d6de7a6b5b2035927fd
eyJhbGciOiJIUzI1NiIsInR5cCI6IkpXVCJ9.eyJpZCI6IjY5ZmQxZDZkZTdhNmI1YjIwMzU5MjdmZSIsImVtYWlsIjoibG9hZHRlc3QtMDA1N0BpY2hhbmdlLnRlc3QiLCJyb2xlIjoic3R1ZGVudCIsImlhdCI6MTc3ODE5NTgyMSwiZXhwIjoxNzc4MjAzMDIxfQ.fDE8SKsAo48xaHk-ION6BdtWx1I25DgPg031-MIpjas,69fd1d6de7a6b5b2035927c5,69fd1d6de7a6b5b2035927fe
eyJhbGciOiJIUzI1NiIsInR5cCI6IkpXVCJ9.eyJpZCI6IjY5ZmQxZDZkZTdhNmI1YjIwMzU5MjdmZiIsImVtYWlsIjoibG9hZHRlc3QtMDA1OEBpY2hhbmdlLnRlc3QiLCJyb2xlIjoic3R1ZGVudCIsImlhdCI6MTc3ODE5NTgyMSwiZXhwIjoxNzc4MjAzMDIxfQ.BCiaw1dQaXiwuivSdrp54SlVOTsxioG4ni8_SNyb5bU,69fd1d6de7a6b5b2035927c5,69fd1d6de7a6b5b2035927ff
eyJhbGciOiJIUzI1NiIsInR5cCI6IkpXVCJ9.eyJpZCI6IjY5ZmQxZDZkZTdhNmI1YjIwMzU5MjgwMCIsImVtYWlsIjoibG9hZHRlc3QtMDA1OUBpY2hhbmdlLnRlc3QiLCJyb2xlIjoic3R1ZGVudCIsImlhdCI6MTc3ODE5NTgyMSwiZXhwIjoxNzc4MjAzMDIxfQ.QDNhWYNkNYAoLMaeq5_5TTOx4aLB3EaeLntOB9--LrI,69fd1d6de7a6b5b2035927c5,69fd1d6de7a6b5b203592800
eyJhbGciOiJIUzI1NiIsInR5cCI6IkpXVCJ9.eyJpZCI6IjY5ZmQxZDZkZTdhNmI1YjIwMzU5MjgwMSIsImVtYWlsIjoibG9hZHRlc3QtMDA2MEBpY2hhbmdlLnRlc3QiLCJyb2xlIjoic3R1ZGVudCIsImlhdCI6MTc3ODE5NTgyMSwiZXhwIjoxNzc4MjAzMDIxfQ.rYxFXrtdhhybHAuFaaBkjggmEIbgisIo97uW-2BvY4k,69fd1d6de7a6b5b2035927c5,69fd1d6de7a6b5b203592801
eyJhbGciOiJIUzI1NiIsInR5cCI6IkpXVCJ9.eyJpZCI6IjY5ZmQxZDZkZTdhNmI1YjIwMzU5MjgwMiIsImVtYWlsIjoibG9hZHRlc3QtMDA2MUBpY2hhbmdlLnRlc3QiLCJyb2xlIjoic3R1ZGVudCIsImlhdCI6MTc3ODE5NTgyMSwiZXhwIjoxNzc4MjAzMDIxfQ.oCwkv8FD09ysN0BcYrIUS-jfew8jbjvRFrWrIN9c18c,69fd1d6de7a6b5b2035927c5,69fd1d6de7a6b5b203592802
eyJhbGciOiJIUzI1NiIsInR5cCI6IkpXVCJ9.eyJpZCI6IjY5ZmQxZDZkZTdhNmI1YjIwMzU5MjgwMyIsImVtYWlsIjoibG9hZHRlc3QtMDA2MkBpY2hhbmdlLnRlc3QiLCJyb2xlIjoic3R1ZGVudCIsImlhdCI6MTc3ODE5NTgyMSwiZXhwIjoxNzc4MjAzMDIxfQ.4jsYWWnleA4191L5MBXqObS2dG-WM_U0knoYfcbjn8s,69fd1d6de7a6b5b2035927c5,69fd1d6de7a6b5b203592803
eyJhbGciOiJIUzI1NiIsInR5cCI6IkpXVCJ9.eyJpZCI6IjY5ZmQxZDZkZTdhNmI1YjIwMzU5MjgwNCIsImVtYWlsIjoibG9hZHRlc3QtMDA2M0BpY2hhbmdlLnRlc3QiLCJyb2xlIjoic3R1ZGVudCIsImlhdCI6MTc3ODE5NTgyMSwiZXhwIjoxNzc4MjAzMDIxfQ.tuvUZnIwoiiFrEOEkBYPmOUF4S-YBDf-1ZhQ6wV3s7s,69fd1d6de7a6b5b2035927c5,69fd1d6de7a6b5b203592804
eyJhbGciOiJIUzI1NiIsInR5cCI6IkpXVCJ9.eyJpZCI6IjY5ZmQxZDZkZTdhNmI1YjIwMzU5MjgwNSIsImVtYWlsIjoibG9hZHRlc3QtMDA2NEBpY2hhbmdlLnRlc3QiLCJyb2xlIjoic3R1ZGVudCIsImlhdCI6MTc3ODE5NTgyMSwiZXhwIjoxNzc4MjAzMDIxfQ.7Ka75ozoPjycdWU5y4l06TFHrfPqJ20gL-Y1rC15W8Y,69fd1d6de7a6b5b2035927c5,69fd1d6de7a6b5b203592805
eyJhbGciOiJIUzI1NiIsInR5cCI6IkpXVCJ9.eyJpZCI6IjY5ZmQxZDZkZTdhNmI1YjIwMzU5MjgwNiIsImVtYWlsIjoibG9hZHRlc3QtMDA2NUBpY2hhbmdlLnRlc3QiLCJyb2xlIjoic3R1ZGVudCIsImlhdCI6MTc3ODE5NTgyMSwiZXhwIjoxNzc4MjAzMDIxfQ.QkAjNIaRmUCgl1UtpwjZusy1riOF70uoKhgRJaayoHI,69fd1d6de7a6b5b2035927c5,69fd1d6de7a6b5b203592806
eyJhbGciOiJIUzI1NiIsInR5cCI6IkpXVCJ9.eyJpZCI6IjY5ZmQxZDZkZTdhNmI1YjIwMzU5MjgwNyIsImVtYWlsIjoibG9hZHRlc3QtMDA2NkBpY2hhbmdlLnRlc3QiLCJyb2xlIjoic3R1ZGVudCIsImlhdCI6MTc3ODE5NTgyMSwiZXhwIjoxNzc4MjAzMDIxfQ.bdAdnUR4YKWKhvmKEe4KGZ08CAnS1mzK1nfUBwuS3ho,69fd1d6de7a6b5b2035927c5,69fd1d6de7a6b5b203592807
eyJhbGciOiJIUzI1NiIsInR5cCI6IkpXVCJ9.eyJpZCI6IjY5ZmQxZDZkZTdhNmI1YjIwMzU5MjgwOCIsImVtYWlsIjoibG9hZHRlc3QtMDA2N0BpY2hhbmdlLnRlc3QiLCJyb2xlIjoic3R1ZGVudCIsImlhdCI6MTc3ODE5NTgyMSwiZXhwIjoxNzc4MjAzMDIxfQ.xe-x9-gq_kotHZJIJjLLGJXGxMq-Saz3qHbCel2Q1bc,69fd1d6de7a6b5b2035927c5,69fd1d6de7a6b5b203592808
eyJhbGciOiJIUzI1NiIsInR5cCI6IkpXVCJ9.eyJpZCI6IjY5ZmQxZDZkZTdhNmI1YjIwMzU5MjgwOSIsImVtYWlsIjoibG9hZHRlc3QtMDA2OEBpY2hhbmdlLnRlc3QiLCJyb2xlIjoic3R1ZGVudCIsImlhdCI6MTc3ODE5NTgyMSwiZXhwIjoxNzc4MjAzMDIxfQ.IofiIsPOApgOuBh_eIE9l6CQApTBdNvykPMAv1ed9zk,69fd1d6de7a6b5b2035927c5,69fd1d6de7a6b5b203592809
eyJhbGciOiJIUzI1NiIsInR5cCI6IkpXVCJ9.eyJpZCI6IjY5ZmQxZDZkZTdhNmI1YjIwMzU5MjgwYSIsImVtYWlsIjoibG9hZHRlc3QtMDA2OUBpY2hhbmdlLnRlc3QiLCJyb2xlIjoic3R1ZGVudCIsImlhdCI6MTc3ODE5NTgyMSwiZXhwIjoxNzc4MjAzMDIxfQ.rv7-jYbg8GU-AQudjyYCKz8K7Rm8iDfCz_X8MNEK4Cs,69fd1d6de7a6b5b2035927c5,69fd1d6de7a6b5b20359280a
eyJhbGciOiJIUzI1NiIsInR5cCI6IkpXVCJ9.eyJpZCI6IjY5ZmQxZDZkZTdhNmI1YjIwMzU5MjgwYiIsImVtYWlsIjoibG9hZHRlc3QtMDA3MEBpY2hhbmdlLnRlc3QiLCJyb2xlIjoic3R1ZGVudCIsImlhdCI6MTc3ODE5NTgyMSwiZXhwIjoxNzc4MjAzMDIxfQ.b8eoYLakQphQLY4ccexbVePWnnqeEOTuOAsF7ZF0TG8,69fd1d6de7a6b5b2035927c5,69fd1d6de7a6b5b20359280b
eyJhbGciOiJIUzI1NiIsInR5cCI6IkpXVCJ9.eyJpZCI6IjY5ZmQxZDZkZTdhNmI1YjIwMzU5MjgwYyIsImVtYWlsIjoibG9hZHRlc3QtMDA3MUBpY2hhbmdlLnRlc3QiLCJyb2xlIjoic3R1ZGVudCIsImlhdCI6MTc3ODE5NTgyMSwiZXhwIjoxNzc4MjAzMDIxfQ.oNYuQX9wn93EVohi1K-ut2QVuy70BxP6MdCbVwHFb_o,69fd1d6de7a6b5b2035927c5,69fd1d6de7a6b5b20359280c
eyJhbGciOiJIUzI1NiIsInR5cCI6IkpXVCJ9.eyJpZCI6IjY5ZmQxZDZkZTdhNmI1YjIwMzU5MjgwZCIsImVtYWlsIjoibG9hZHRlc3QtMDA3MkBpY2hhbmdlLnRlc3QiLCJyb2xlIjoic3R1ZGVudCIsImlhdCI6MTc3ODE5NTgyMSwiZXhwIjoxNzc4MjAzMDIxfQ.P1fMMMN22duUAR2pmOAmD0xbur566BJnd9jiawk5Xf4,69fd1d6de7a6b5b2035927c5,69fd1d6de7a6b5b20359280d
eyJhbGciOiJIUzI1NiIsInR5cCI6IkpXVCJ9.eyJpZCI6IjY5ZmQxZDZkZTdhNmI1YjIwMzU5MjgwZSIsImVtYWlsIjoibG9hZHRlc3QtMDA3M0BpY2hhbmdlLnRlc3QiLCJyb2xlIjoic3R1ZGVudCIsImlhdCI6MTc3ODE5NTgyMSwiZXhwIjoxNzc4MjAzMDIxfQ.IdPnUs1tuyJxX_8vH2spEgrdB2w_KNNC0lRcQghi7AQ,69fd1d6de7a6b5b2035927c5,69fd1d6de7a6b5b20359280e
eyJhbGciOiJIUzI1NiIsInR5cCI6IkpXVCJ9.eyJpZCI6IjY5ZmQxZDZkZTdhNmI1YjIwMzU5MjgwZiIsImVtYWlsIjoibG9hZHRlc3QtMDA3NEBpY2hhbmdlLnRlc3QiLCJyb2xlIjoic3R1ZGVudCIsImlhdCI6MTc3ODE5NTgyMSwiZXhwIjoxNzc4MjAzMDIxfQ.LdeUwDngf0EE_ndX1FFXaI3q_uu8cjoJEZH0irg8APc,69fd1d6de7a6b5b2035927c5,69fd1d6de7a6b5b20359280f
eyJhbGciOiJIUzI1NiIsInR5cCI6IkpXVCJ9.eyJpZCI6IjY5ZmQxZDZkZTdhNmI1YjIwMzU5MjgxMCIsImVtYWlsIjoibG9hZHRlc3QtMDA3NUBpY2hhbmdlLnRlc3QiLCJyb2xlIjoic3R1ZGVudCIsImlhdCI6MTc3ODE5NTgyMSwiZXhwIjoxNzc4MjAzMDIxfQ.TNB1Rp6CX1Hr2LiSNjWToJSSKIqhmMCJ3GiO9XOnCQU,69fd1d6de7a6b5b2035927c5,69fd1d6de7a6b5b203592810
eyJhbGciOiJIUzI1NiIsInR5cCI6IkpXVCJ9.eyJpZCI6IjY5ZmQxZDZkZTdhNmI1YjIwMzU5MjgxMSIsImVtYWlsIjoibG9hZHRlc3QtMDA3NkBpY2hhbmdlLnRlc3QiLCJyb2xlIjoic3R1ZGVudCIsImlhdCI6MTc3ODE5NTgyMSwiZXhwIjoxNzc4MjAzMDIxfQ.0tNQpCK0lnYg7T4nnlE1ChnAjfG867V42HN2bLM37cA,69fd1d6de7a6b5b2035927c5,69fd1d6de7a6b5b203592811
eyJhbGciOiJIUzI1NiIsInR5cCI6IkpXVCJ9.eyJpZCI6IjY5ZmQxZDZkZTdhNmI1YjIwMzU5MjgxMiIsImVtYWlsIjoibG9hZHRlc3QtMDA3N0BpY2hhbmdlLnRlc3QiLCJyb2xlIjoic3R1ZGVudCIsImlhdCI6MTc3ODE5NTgyMSwiZXhwIjoxNzc4MjAzMDIxfQ.BszHErxE46PI66fByHV-s2qKotnUVlUnfebwLYkwHP0,69fd1d6de7a6b5b2035927c5,69fd1d6de7a6b5b203592812
eyJhbGciOiJIUzI1NiIsInR5cCI6IkpXVCJ9.eyJpZCI6IjY5ZmQxZDZkZTdhNmI1YjIwMzU5MjgxMyIsImVtYWlsIjoibG9hZHRlc3QtMDA3OEBpY2hhbmdlLnRlc3QiLCJyb2xlIjoic3R1ZGVudCIsImlhdCI6MTc3ODE5NTgyMSwiZXhwIjoxNzc4MjAzMDIxfQ.Cikh-0fFV4X9ngssuagyXMwxSbrH_Ye6HNyVjW7BhCs,69fd1d6de7a6b5b2035927c5,69fd1d6de7a6b5b203592813
eyJhbGciOiJIUzI1NiIsInR5cCI6IkpXVCJ9.eyJpZCI6IjY5ZmQxZDZkZTdhNmI1YjIwMzU5MjgxNCIsImVtYWlsIjoibG9hZHRlc3QtMDA3OUBpY2hhbmdlLnRlc3QiLCJyb2xlIjoic3R1ZGVudCIsImlhdCI6MTc3ODE5NTgyMSwiZXhwIjoxNzc4MjAzMDIxfQ.OXgf5NLNg9jUwUx0nsw-naf6x4tAqCfC-WYpByQbYd8,69fd1d6de7a6b5b2035927c5,69fd1d6de7a6b5b203592814
eyJhbGciOiJIUzI1NiIsInR5cCI6IkpXVCJ9.eyJpZCI6IjY5ZmQxZDZkZTdhNmI1YjIwMzU5MjgxNSIsImVtYWlsIjoibG9hZHRlc3QtMDA4MEBpY2hhbmdlLnRlc3QiLCJyb2xlIjoic3R1ZGVudCIsImlhdCI6MTc3ODE5NTgyMSwiZXhwIjoxNzc4MjAzMDIxfQ.d9Nlqza5fBL-MdMoLvwEMVICRxSMQiOSHHhrqheJ3go,69fd1d6de7a6b5b2035927c5,69fd1d6de7a6b5b203592815
eyJhbGciOiJIUzI1NiIsInR5cCI6IkpXVCJ9.eyJpZCI6IjY5ZmQxZDZkZTdhNmI1YjIwMzU5MjgxNiIsImVtYWlsIjoibG9hZHRlc3QtMDA4MUBpY2hhbmdlLnRlc3QiLCJyb2xlIjoic3R1ZGVudCIsImlhdCI6MTc3ODE5NTgyMSwiZXhwIjoxNzc4MjAzMDIxfQ.Vm9Jxe9-xsmjcPrHzgiE6h4ESpRH8ORBnoy2tISMF6g,69fd1d6de7a6b5b2035927c5,69fd1d6de7a6b5b203592816
eyJhbGciOiJIUzI1NiIsInR5cCI6IkpXVCJ9.eyJpZCI6IjY5ZmQxZDZkZTdhNmI1YjIwMzU5MjgxNyIsImVtYWlsIjoibG9hZHRlc3QtMDA4MkBpY2hhbmdlLnRlc3QiLCJyb2xlIjoic3R1ZGVudCIsImlhdCI6MTc3ODE5NTgyMSwiZXhwIjoxNzc4MjAzMDIxfQ.o39ZbCVyYa2-GO90S_cwqOgm7cV27WT5kOXVkgvd7gg,69fd1d6de7a6b5b2035927c5,69fd1d6de7a6b5b203592817
eyJhbGciOiJIUzI1NiIsInR5cCI6IkpXVCJ9.eyJpZCI6IjY5ZmQxZDZkZTdhNmI1YjIwMzU5MjgxOCIsImVtYWlsIjoibG9hZHRlc3QtMDA4M0BpY2hhbmdlLnRlc3QiLCJyb2xlIjoic3R1ZGVudCIsImlhdCI6MTc3ODE5NTgyMSwiZXhwIjoxNzc4MjAzMDIxfQ.5Nq8yj114auJMtTXp51ka-VYGH9pntfe0whrk8kDC_8,69fd1d6de7a6b5b2035927c5,69fd1d6de7a6b5b203592818
eyJhbGciOiJIUzI1NiIsInR5cCI6IkpXVCJ9.eyJpZCI6IjY5ZmQxZDZkZTdhNmI1YjIwMzU5MjgxOSIsImVtYWlsIjoibG9hZHRlc3QtMDA4NEBpY2hhbmdlLnRlc3QiLCJyb2xlIjoic3R1ZGVudCIsImlhdCI6MTc3ODE5NTgyMSwiZXhwIjoxNzc4MjAzMDIxfQ.58cWFFbNAs-toT9m01XXhcJyWzddoXaPDumAm4T309A,69fd1d6de7a6b5b2035927c5,69fd1d6de7a6b5b203592819
eyJhbGciOiJIUzI1NiIsInR5cCI6IkpXVCJ9.eyJpZCI6IjY5ZmQxZDZkZTdhNmI1YjIwMzU5MjgxYSIsImVtYWlsIjoibG9hZHRlc3QtMDA4NUBpY2hhbmdlLnRlc3QiLCJyb2xlIjoic3R1ZGVudCIsImlhdCI6MTc3ODE5NTgyMSwiZXhwIjoxNzc4MjAzMDIxfQ.hVYcsjnhU5PdqJUZ51stZav-Ols7RqhRfrfMNN-CLqM,69fd1d6de7a6b5b2035927c5,69fd1d6de7a6b5b20359281a
eyJhbGciOiJIUzI1NiIsInR5cCI6IkpXVCJ9.eyJpZCI6IjY5ZmQxZDZkZTdhNmI1YjIwMzU5MjgxYiIsImVtYWlsIjoibG9hZHRlc3QtMDA4NkBpY2hhbmdlLnRlc3QiLCJyb2xlIjoic3R1ZGVudCIsImlhdCI6MTc3ODE5NTgyMSwiZXhwIjoxNzc4MjAzMDIxfQ.Utsxl_BlN1xmO-XFV-7JK9j8lmepdcgxmITJnG3h-yU,69fd1d6de7a6b5b2035927c5,69fd1d6de7a6b5b20359281b
eyJhbGciOiJIUzI1NiIsInR5cCI6IkpXVCJ9.eyJpZCI6IjY5ZmQxZDZkZTdhNmI1YjIwMzU5MjgxYyIsImVtYWlsIjoibG9hZHRlc3QtMDA4N0BpY2hhbmdlLnRlc3QiLCJyb2xlIjoic3R1ZGVudCIsImlhdCI6MTc3ODE5NTgyMSwiZXhwIjoxNzc4MjAzMDIxfQ.sPBON2_d-1e_b4LA6rI0bTwnNdsgSlgTbEd9EdFzxig,69fd1d6de7a6b5b2035927c5,69fd1d6de7a6b5b20359281c
eyJhbGciOiJIUzI1NiIsInR5cCI6IkpXVCJ9.eyJpZCI6IjY5ZmQxZDZkZTdhNmI1YjIwMzU5MjgxZCIsImVtYWlsIjoibG9hZHRlc3QtMDA4OEBpY2hhbmdlLnRlc3QiLCJyb2xlIjoic3R1ZGVudCIsImlhdCI6MTc3ODE5NTgyMSwiZXhwIjoxNzc4MjAzMDIxfQ.1lNWy-rv7xTarAG9dUNnF9FTtaSsE-4qXdbQnB3o_BQ,69fd1d6de7a6b5b2035927c5,69fd1d6de7a6b5b20359281d
eyJhbGciOiJIUzI1NiIsInR5cCI6IkpXVCJ9.eyJpZCI6IjY5ZmQxZDZkZTdhNmI1YjIwMzU5MjgxZSIsImVtYWlsIjoibG9hZHRlc3QtMDA4OUBpY2hhbmdlLnRlc3QiLCJyb2xlIjoic3R1ZGVudCIsImlhdCI6MTc3ODE5NTgyMSwiZXhwIjoxNzc4MjAzMDIxfQ.XuzNCjyWbWH0pZiTJAQG-A2c858MptRqRx8Vp9xRXtc,69fd1d6de7a6b5b2035927c5,69fd1d6de7a6b5b20359281e
eyJhbGciOiJIUzI1NiIsInR5cCI6IkpXVCJ9.eyJpZCI6IjY5ZmQxZDZkZTdhNmI1YjIwMzU5MjgxZiIsImVtYWlsIjoibG9hZHRlc3QtMDA5MEBpY2hhbmdlLnRlc3QiLCJyb2xlIjoic3R1ZGVudCIsImlhdCI6MTc3ODE5NTgyMSwiZXhwIjoxNzc4MjAzMDIxfQ.5Wv8736nZlzIAblpXKGtthiZ5gaONI-sl1KdBxSQgW8,69fd1d6de7a6b5b2035927c5,69fd1d6de7a6b5b20359281f
eyJhbGciOiJIUzI1NiIsInR5cCI6IkpXVCJ9.eyJpZCI6IjY5ZmQxZDZkZTdhNmI1YjIwMzU5MjgyMCIsImVtYWlsIjoibG9hZHRlc3QtMDA5MUBpY2hhbmdlLnRlc3QiLCJyb2xlIjoic3R1ZGVudCIsImlhdCI6MTc3ODE5NTgyMSwiZXhwIjoxNzc4MjAzMDIxfQ.hbkMsuVuXCB-BqpjdT3K4WY6dSz2vpT3qqVvexdv0gw,69fd1d6de7a6b5b2035927c5,69fd1d6de7a6b5b203592820
eyJhbGciOiJIUzI1NiIsInR5cCI6IkpXVCJ9.eyJpZCI6IjY5ZmQxZDZkZTdhNmI1YjIwMzU5MjgyMSIsImVtYWlsIjoibG9hZHRlc3QtMDA5MkBpY2hhbmdlLnRlc3QiLCJyb2xlIjoic3R1ZGVudCIsImlhdCI6MTc3ODE5NTgyMSwiZXhwIjoxNzc4MjAzMDIxfQ.UB7IuQNdAxQxwfFeLXIhgY5Vdvu3Ge-YNOl9Qm5mHEY,69fd1d6de7a6b5b2035927c5,69fd1d6de7a6b5b203592821
eyJhbGciOiJIUzI1NiIsInR5cCI6IkpXVCJ9.eyJpZCI6IjY5ZmQxZDZkZTdhNmI1YjIwMzU5MjgyMiIsImVtYWlsIjoibG9hZHRlc3QtMDA5M0BpY2hhbmdlLnRlc3QiLCJyb2xlIjoic3R1ZGVudCIsImlhdCI6MTc3ODE5NTgyMSwiZXhwIjoxNzc4MjAzMDIxfQ.5Lb8o5-m_UP9BC3b_BIIvUfYS0R40M417GZYqy_8LrQ,69fd1d6de7a6b5b2035927c5,69fd1d6de7a6b5b203592822
eyJhbGciOiJIUzI1NiIsInR5cCI6IkpXVCJ9.eyJpZCI6IjY5ZmQxZDZkZTdhNmI1YjIwMzU5MjgyMyIsImVtYWlsIjoibG9hZHRlc3QtMDA5NEBpY2hhbmdlLnRlc3QiLCJyb2xlIjoic3R1ZGVudCIsImlhdCI6MTc3ODE5NTgyMSwiZXhwIjoxNzc4MjAzMDIxfQ.4-uPKO7pCXEdsi5o0W6PpJlbL3EmmNRsYnge5yawBco,69fd1d6de7a6b5b2035927c5,69fd1d6de7a6b5b203592823
eyJhbGciOiJIUzI1NiIsInR5cCI6IkpXVCJ9.eyJpZCI6IjY5ZmQxZDZkZTdhNmI1YjIwMzU5MjgyNCIsImVtYWlsIjoibG9hZHRlc3QtMDA5NUBpY2hhbmdlLnRlc3QiLCJyb2xlIjoic3R1ZGVudCIsImlhdCI6MTc3ODE5NTgyMSwiZXhwIjoxNzc4MjAzMDIxfQ.h0nFHtW9SvSxUf_YPXRqTNMbPBXehgcO4SYSuSIkgac,69fd1d6de7a6b5b2035927c5,69fd1d6de7a6b5b203592824
eyJhbGciOiJIUzI1NiIsInR5cCI6IkpXVCJ9.eyJpZCI6IjY5ZmQxZDZkZTdhNmI1YjIwMzU5MjgyNSIsImVtYWlsIjoibG9hZHRlc3QtMDA5NkBpY2hhbmdlLnRlc3QiLCJyb2xlIjoic3R1ZGVudCIsImlhdCI6MTc3ODE5NTgyMSwiZXhwIjoxNzc4MjAzMDIxfQ.rYXh2E1vQvxf-CDFGztZAwDA5vuvkpHjVtSCuR7y_ew,69fd1d6de7a6b5b2035927c5,69fd1d6de7a6b5b203592825
eyJhbGciOiJIUzI1NiIsInR5cCI6IkpXVCJ9.eyJpZCI6IjY5ZmQxZDZkZTdhNmI1YjIwMzU5MjgyNiIsImVtYWlsIjoibG9hZHRlc3QtMDA5N0BpY2hhbmdlLnRlc3QiLCJyb2xlIjoic3R1ZGVudCIsImlhdCI6MTc3ODE5NTgyMSwiZXhwIjoxNzc4MjAzMDIxfQ.42C-5m4MTKhJH3z-eI060k8YBmCvc2I2wfiPtMVprAE,69fd1d6de7a6b5b2035927c5,69fd1d6de7a6b5b203592826
eyJhbGciOiJIUzI1NiIsInR5cCI6IkpXVCJ9.eyJpZCI6IjY5ZmQxZDZkZTdhNmI1YjIwMzU5MjgyNyIsImVtYWlsIjoibG9hZHRlc3QtMDA5OEBpY2hhbmdlLnRlc3QiLCJyb2xlIjoic3R1ZGVudCIsImlhdCI6MTc3ODE5NTgyMSwiZXhwIjoxNzc4MjAzMDIxfQ.TrPC8LOEzwoRWlJQSX8qjXbF4nRhdF833DVyzLgstTo,69fd1d6de7a6b5b2035927c5,69fd1d6de7a6b5b203592827
eyJhbGciOiJIUzI1NiIsInR5cCI6IkpXVCJ9.eyJpZCI6IjY5ZmQxZDZkZTdhNmI1YjIwMzU5MjgyOCIsImVtYWlsIjoibG9hZHRlc3QtMDA5OUBpY2hhbmdlLnRlc3QiLCJyb2xlIjoic3R1ZGVudCIsImlhdCI6MTc3ODE5NTgyMSwiZXhwIjoxNzc4MjAzMDIxfQ.0jU2es72ou7E4uJ_7b21HDNLmJse-8vNAfqaqtFa2C4,69fd1d6de7a6b5b2035927c5,69fd1d6de7a6b5b203592828
eyJhbGciOiJIUzI1NiIsInR5cCI6IkpXVCJ9.eyJpZCI6IjY5ZmQxZDZkZTdhNmI1YjIwMzU5MjgyOSIsImVtYWlsIjoibG9hZHRlc3QtMDEwMEBpY2hhbmdlLnRlc3QiLCJyb2xlIjoic3R1ZGVudCIsImlhdCI6MTc3ODE5NTgyMSwiZXhwIjoxNzc4MjAzMDIxfQ.VXFhsBbf4eIUo1tnNaIrZI1A5yPW1SWarcAs0gtce2Q,69fd1d6de7a6b5b2035927c5,69fd1d6de7a6b5b203592829
eyJhbGciOiJIUzI1NiIsInR5cCI6IkpXVCJ9.eyJpZCI6IjY5ZmQxZDZkZTdhNmI1YjIwMzU5MjgyYyIsImVtYWlsIjoibG9hZHRlc3QtMDEwMUBpY2hhbmdlLnRlc3QiLCJyb2xlIjoic3R1ZGVudCIsImlhdCI6MTc3ODE5NTgyMSwiZXhwIjoxNzc4MjAzMDIxfQ.L-UT53LkA3CQf1-A7BlZUmhrnlYGheG31jDIPHd9gOo,69fd1d6de7a6b5b2035927c5,69fd1d6de7a6b5b20359282c
eyJhbGciOiJIUzI1NiIsInR5cCI6IkpXVCJ9.eyJpZCI6IjY5ZmQxZDZkZTdhNmI1YjIwMzU5MjgyZCIsImVtYWlsIjoibG9hZHRlc3QtMDEwMkBpY2hhbmdlLnRlc3QiLCJyb2xlIjoic3R1ZGVudCIsImlhdCI6MTc3ODE5NTgyMSwiZXhwIjoxNzc4MjAzMDIxfQ.4U57vgpo_2yKAPL41vYTtexm06NPQvMQ-E-Rap5Vg0c,69fd1d6de7a6b5b2035927c5,69fd1d6de7a6b5b20359282d
eyJhbGciOiJIUzI1NiIsInR5cCI6IkpXVCJ9.eyJpZCI6IjY5ZmQxZDZkZTdhNmI1YjIwMzU5MjgyZSIsImVtYWlsIjoibG9hZHRlc3QtMDEwM0BpY2hhbmdlLnRlc3QiLCJyb2xlIjoic3R1ZGVudCIsImlhdCI6MTc3ODE5NTgyMSwiZXhwIjoxNzc4MjAzMDIxfQ.wWW89Kea87QvEKn3rk5jEd9ZoRjF3VB3YR-USIQ0S9o,69fd1d6de7a6b5b2035927c5,69fd1d6de7a6b5b20359282e
eyJhbGciOiJIUzI1NiIsInR5cCI6IkpXVCJ9.eyJpZCI6IjY5ZmQxZDZkZTdhNmI1YjIwMzU5MjgyZiIsImVtYWlsIjoibG9hZHRlc3QtMDEwNEBpY2hhbmdlLnRlc3QiLCJyb2xlIjoic3R1ZGVudCIsImlhdCI6MTc3ODE5NTgyMSwiZXhwIjoxNzc4MjAzMDIxfQ.XV8Ds2kBx7fKjuIAAI7pA_XLYAuHbacTJKQSsYOUWO8,69fd1d6de7a6b5b2035927c5,69fd1d6de7a6b5b20359282f
eyJhbGciOiJIUzI1NiIsInR5cCI6IkpXVCJ9.eyJpZCI6IjY5ZmQxZDZkZTdhNmI1YjIwMzU5MjgzMCIsImVtYWlsIjoibG9hZHRlc3QtMDEwNUBpY2hhbmdlLnRlc3QiLCJyb2xlIjoic3R1ZGVudCIsImlhdCI6MTc3ODE5NTgyMSwiZXhwIjoxNzc4MjAzMDIxfQ.RqyloKZvxR7a1-UfI7QW9Fin5VpUnpN0aUaoru0P8uE,69fd1d6de7a6b5b2035927c5,69fd1d6de7a6b5b203592830
eyJhbGciOiJIUzI1NiIsInR5cCI6IkpXVCJ9.eyJpZCI6IjY5ZmQxZDZkZTdhNmI1YjIwMzU5MjgzMSIsImVtYWlsIjoibG9hZHRlc3QtMDEwNkBpY2hhbmdlLnRlc3QiLCJyb2xlIjoic3R1ZGVudCIsImlhdCI6MTc3ODE5NTgyMSwiZXhwIjoxNzc4MjAzMDIxfQ.GtJJeq5JaMlSWB67RrtVtEoT-A_dWC6Fj_30pCffC3o,69fd1d6de7a6b5b2035927c5,69fd1d6de7a6b5b203592831
eyJhbGciOiJIUzI1NiIsInR5cCI6IkpXVCJ9.eyJpZCI6IjY5ZmQxZDZkZTdhNmI1YjIwMzU5MjgzMiIsImVtYWlsIjoibG9hZHRlc3QtMDEwN0BpY2hhbmdlLnRlc3QiLCJyb2xlIjoic3R1ZGVudCIsImlhdCI6MTc3ODE5NTgyMSwiZXhwIjoxNzc4MjAzMDIxfQ.od_r5d0VTBbu6CLyfUmlhhSldFPjCAhwgFU9lu3fVmU,69fd1d6de7a6b5b2035927c5,69fd1d6de7a6b5b203592832
eyJhbGciOiJIUzI1NiIsInR5cCI6IkpXVCJ9.eyJpZCI6IjY5ZmQxZDZkZTdhNmI1YjIwMzU5MjgzMyIsImVtYWlsIjoibG9hZHRlc3QtMDEwOEBpY2hhbmdlLnRlc3QiLCJyb2xlIjoic3R1ZGVudCIsImlhdCI6MTc3ODE5NTgyMSwiZXhwIjoxNzc4MjAzMDIxfQ.7e3MFC0G1z3aQjdghXn9qW-UonHAeM7hKj9Dv14NIds,69fd1d6de7a6b5b2035927c5,69fd1d6de7a6b5b203592833
eyJhbGciOiJIUzI1NiIsInR5cCI6IkpXVCJ9.eyJpZCI6IjY5ZmQxZDZkZTdhNmI1YjIwMzU5MjgzNCIsImVtYWlsIjoibG9hZHRlc3QtMDEwOUBpY2hhbmdlLnRlc3QiLCJyb2xlIjoic3R1ZGVudCIsImlhdCI6MTc3ODE5NTgyMSwiZXhwIjoxNzc4MjAzMDIxfQ.7KDRpR_blQi3J2mD6_MP6YUg1FT_g3nlaUptbZZl5yk,69fd1d6de7a6b5b2035927c5,69fd1d6de7a6b5b203592834
eyJhbGciOiJIUzI1NiIsInR5cCI6IkpXVCJ9.eyJpZCI6IjY5ZmQxZDZkZTdhNmI1YjIwMzU5MjgzNSIsImVtYWlsIjoibG9hZHRlc3QtMDExMEBpY2hhbmdlLnRlc3QiLCJyb2xlIjoic3R1ZGVudCIsImlhdCI6MTc3ODE5NTgyMSwiZXhwIjoxNzc4MjAzMDIxfQ.OcSwEzVd0SzkZS7DmuhfFYTNI9_6948VO3a3Sab0l2E,69fd1d6de7a6b5b2035927c5,69fd1d6de7a6b5b203592835
eyJhbGciOiJIUzI1NiIsInR5cCI6IkpXVCJ9.eyJpZCI6IjY5ZmQxZDZkZTdhNmI1YjIwMzU5MjgzNiIsImVtYWlsIjoibG9hZHRlc3QtMDExMUBpY2hhbmdlLnRlc3QiLCJyb2xlIjoic3R1ZGVudCIsImlhdCI6MTc3ODE5NTgyMSwiZXhwIjoxNzc4MjAzMDIxfQ.FwolgPLCb2M4MC_hcZqWBOgZOsp2MAWMicbS6ltpYcU,69fd1d6de7a6b5b2035927c5,69fd1d6de7a6b5b203592836
eyJhbGciOiJIUzI1NiIsInR5cCI6IkpXVCJ9.eyJpZCI6IjY5ZmQxZDZkZTdhNmI1YjIwMzU5MjgzNyIsImVtYWlsIjoibG9hZHRlc3QtMDExMkBpY2hhbmdlLnRlc3QiLCJyb2xlIjoic3R1ZGVudCIsImlhdCI6MTc3ODE5NTgyMSwiZXhwIjoxNzc4MjAzMDIxfQ.rEsI6RBJ8ZcyMMfD_CDDHbv7Ki8c4BAbd2W81OiL7UA,69fd1d6de7a6b5b2035927c5,69fd1d6de7a6b5b203592837
eyJhbGciOiJIUzI1NiIsInR5cCI6IkpXVCJ9.eyJpZCI6IjY5ZmQxZDZkZTdhNmI1YjIwMzU5MjgzOCIsImVtYWlsIjoibG9hZHRlc3QtMDExM0BpY2hhbmdlLnRlc3QiLCJyb2xlIjoic3R1ZGVudCIsImlhdCI6MTc3ODE5NTgyMSwiZXhwIjoxNzc4MjAzMDIxfQ.kT-iqnGpiYD7qEyVqbM468CrSWbK1vaFs7Y03ggfiVE,69fd1d6de7a6b5b2035927c5,69fd1d6de7a6b5b203592838
eyJhbGciOiJIUzI1NiIsInR5cCI6IkpXVCJ9.eyJpZCI6IjY5ZmQxZDZkZTdhNmI1YjIwMzU5MjgzOSIsImVtYWlsIjoibG9hZHRlc3QtMDExNEBpY2hhbmdlLnRlc3QiLCJyb2xlIjoic3R1ZGVudCIsImlhdCI6MTc3ODE5NTgyMSwiZXhwIjoxNzc4MjAzMDIxfQ.uNa4ejDGGwtFqoM4wND2Q47OGJwwHZlObptul1W7nYM,69fd1d6de7a6b5b2035927c5,69fd1d6de7a6b5b203592839
eyJhbGciOiJIUzI1NiIsInR5cCI6IkpXVCJ9.eyJpZCI6IjY5ZmQxZDZkZTdhNmI1YjIwMzU5MjgzYSIsImVtYWlsIjoibG9hZHRlc3QtMDExNUBpY2hhbmdlLnRlc3QiLCJyb2xlIjoic3R1ZGVudCIsImlhdCI6MTc3ODE5NTgyMSwiZXhwIjoxNzc4MjAzMDIxfQ.1uDcy95SWUKO8Pkudk2TCTiQjMgYuEv34LekkPOX8UY,69fd1d6de7a6b5b2035927c5,69fd1d6de7a6b5b20359283a
eyJhbGciOiJIUzI1NiIsInR5cCI6IkpXVCJ9.eyJpZCI6IjY5ZmQxZDZkZTdhNmI1YjIwMzU5MjgzYiIsImVtYWlsIjoibG9hZHRlc3QtMDExNkBpY2hhbmdlLnRlc3QiLCJyb2xlIjoic3R1ZGVudCIsImlhdCI6MTc3ODE5NTgyMSwiZXhwIjoxNzc4MjAzMDIxfQ.DLEkcHWgCpWr3g8ykP2m0qJ5HhJD_vVf-0irOVVbbWE,69fd1d6de7a6b5b2035927c5,69fd1d6de7a6b5b20359283b
eyJhbGciOiJIUzI1NiIsInR5cCI6IkpXVCJ9.eyJpZCI6IjY5ZmQxZDZkZTdhNmI1YjIwMzU5MjgzYyIsImVtYWlsIjoibG9hZHRlc3QtMDExN0BpY2hhbmdlLnRlc3QiLCJyb2xlIjoic3R1ZGVudCIsImlhdCI6MTc3ODE5NTgyMSwiZXhwIjoxNzc4MjAzMDIxfQ.0g9UOgE3DNw_4s_dBRPUb49oyAraD8U73GswNveDI2g,69fd1d6de7a6b5b2035927c5,69fd1d6de7a6b5b20359283c
eyJhbGciOiJIUzI1NiIsInR5cCI6IkpXVCJ9.eyJpZCI6IjY5ZmQxZDZkZTdhNmI1YjIwMzU5MjgzZCIsImVtYWlsIjoibG9hZHRlc3QtMDExOEBpY2hhbmdlLnRlc3QiLCJyb2xlIjoic3R1ZGVudCIsImlhdCI6MTc3ODE5NTgyMSwiZXhwIjoxNzc4MjAzMDIxfQ.4ZllqyY-l8Re2FRK4quPdAmntutisftvOZ7jb3c6Oag,69fd1d6de7a6b5b2035927c5,69fd1d6de7a6b5b20359283d
eyJhbGciOiJIUzI1NiIsInR5cCI6IkpXVCJ9.eyJpZCI6IjY5ZmQxZDZkZTdhNmI1YjIwMzU5MjgzZSIsImVtYWlsIjoibG9hZHRlc3QtMDExOUBpY2hhbmdlLnRlc3QiLCJyb2xlIjoic3R1ZGVudCIsImlhdCI6MTc3ODE5NTgyMSwiZXhwIjoxNzc4MjAzMDIxfQ.K3umaQNejQ1qxJMUSXdvi1MTaoYrumMKEUCvws_cKLg,69fd1d6de7a6b5b2035927c5,69fd1d6de7a6b5b20359283e
eyJhbGciOiJIUzI1NiIsInR5cCI6IkpXVCJ9.eyJpZCI6IjY5ZmQxZDZkZTdhNmI1YjIwMzU5MjgzZiIsImVtYWlsIjoibG9hZHRlc3QtMDEyMEBpY2hhbmdlLnRlc3QiLCJyb2xlIjoic3R1ZGVudCIsImlhdCI6MTc3ODE5NTgyMSwiZXhwIjoxNzc4MjAzMDIxfQ.ejw-XlIkfr23sGUWJyFpwYmIb4-bKeP8q8zqKWIzmME,69fd1d6de7a6b5b2035927c5,69fd1d6de7a6b5b20359283f
eyJhbGciOiJIUzI1NiIsInR5cCI6IkpXVCJ9.eyJpZCI6IjY5ZmQxZDZkZTdhNmI1YjIwMzU5Mjg0MCIsImVtYWlsIjoibG9hZHRlc3QtMDEyMUBpY2hhbmdlLnRlc3QiLCJyb2xlIjoic3R1ZGVudCIsImlhdCI6MTc3ODE5NTgyMSwiZXhwIjoxNzc4MjAzMDIxfQ.IX3fKbcDQ553EGjwxN-ctutP9Oa6W1Xw-6fM5UtSc50,69fd1d6de7a6b5b2035927c5,69fd1d6de7a6b5b203592840
eyJhbGciOiJIUzI1NiIsInR5cCI6IkpXVCJ9.eyJpZCI6IjY5ZmQxZDZkZTdhNmI1YjIwMzU5Mjg0MSIsImVtYWlsIjoibG9hZHRlc3QtMDEyMkBpY2hhbmdlLnRlc3QiLCJyb2xlIjoic3R1ZGVudCIsImlhdCI6MTc3ODE5NTgyMSwiZXhwIjoxNzc4MjAzMDIxfQ.ewkl32hxBv_588x654jQDLZCNMLF3_4cOe7GZubhN0g,69fd1d6de7a6b5b2035927c5,69fd1d6de7a6b5b203592841
eyJhbGciOiJIUzI1NiIsInR5cCI6IkpXVCJ9.eyJpZCI6IjY5ZmQxZDZkZTdhNmI1YjIwMzU5Mjg0MiIsImVtYWlsIjoibG9hZHRlc3QtMDEyM0BpY2hhbmdlLnRlc3QiLCJyb2xlIjoic3R1ZGVudCIsImlhdCI6MTc3ODE5NTgyMSwiZXhwIjoxNzc4MjAzMDIxfQ.3YnpCBqufVmG_mbzItV1noRDtEGSXD5X5UjZB7ZISVI,69fd1d6de7a6b5b2035927c5,69fd1d6de7a6b5b203592842
eyJhbGciOiJIUzI1NiIsInR5cCI6IkpXVCJ9.eyJpZCI6IjY5ZmQxZDZkZTdhNmI1YjIwMzU5Mjg0MyIsImVtYWlsIjoibG9hZHRlc3QtMDEyNEBpY2hhbmdlLnRlc3QiLCJyb2xlIjoic3R1ZGVudCIsImlhdCI6MTc3ODE5NTgyMSwiZXhwIjoxNzc4MjAzMDIxfQ.zNdDRpDvgqvzxrgBRInPFr2sVUKt4GvNGlIBGywSP7c,69fd1d6de7a6b5b2035927c5,69fd1d6de7a6b5b203592843
eyJhbGciOiJIUzI1NiIsInR5cCI6IkpXVCJ9.eyJpZCI6IjY5ZmQxZDZkZTdhNmI1YjIwMzU5Mjg0NCIsImVtYWlsIjoibG9hZHRlc3QtMDEyNUBpY2hhbmdlLnRlc3QiLCJyb2xlIjoic3R1ZGVudCIsImlhdCI6MTc3ODE5NTgyMSwiZXhwIjoxNzc4MjAzMDIxfQ.y8LL07nIzvVvXGvOK0-22lJqOj1niwmUnnPT623NrmE,69fd1d6de7a6b5b2035927c5,69fd1d6de7a6b5b203592844
eyJhbGciOiJIUzI1NiIsInR5cCI6IkpXVCJ9.eyJpZCI6IjY5ZmQxZDZkZTdhNmI1YjIwMzU5Mjg0NSIsImVtYWlsIjoibG9hZHRlc3QtMDEyNkBpY2hhbmdlLnRlc3QiLCJyb2xlIjoic3R1ZGVudCIsImlhdCI6MTc3ODE5NTgyMSwiZXhwIjoxNzc4MjAzMDIxfQ.DpGHIDPU7FDA3mhfmkEUw2EPQH2Jnhes45_qd_nYoqw,69fd1d6de7a6b5b2035927c5,69fd1d6de7a6b5b203592845
eyJhbGciOiJIUzI1NiIsInR5cCI6IkpXVCJ9.eyJpZCI6IjY5ZmQxZDZkZTdhNmI1YjIwMzU5Mjg0NiIsImVtYWlsIjoibG9hZHRlc3QtMDEyN0BpY2hhbmdlLnRlc3QiLCJyb2xlIjoic3R1ZGVudCIsImlhdCI6MTc3ODE5NTgyMSwiZXhwIjoxNzc4MjAzMDIxfQ.jKJVswxO1JXyFd1zFzZGRIcRMetGPRtrnc3gK8gkbcE,69fd1d6de7a6b5b2035927c5,69fd1d6de7a6b5b203592846
eyJhbGciOiJIUzI1NiIsInR5cCI6IkpXVCJ9.eyJpZCI6IjY5ZmQxZDZkZTdhNmI1YjIwMzU5Mjg0NyIsImVtYWlsIjoibG9hZHRlc3QtMDEyOEBpY2hhbmdlLnRlc3QiLCJyb2xlIjoic3R1ZGVudCIsImlhdCI6MTc3ODE5NTgyMSwiZXhwIjoxNzc4MjAzMDIxfQ.faC0yrtjkYVOE0bD7ELgBBda3Wzn7USA5-75kQCQSgk,69fd1d6de7a6b5b2035927c5,69fd1d6de7a6b5b203592847
eyJhbGciOiJIUzI1NiIsInR5cCI6IkpXVCJ9.eyJpZCI6IjY5ZmQxZDZkZTdhNmI1YjIwMzU5Mjg0OCIsImVtYWlsIjoibG9hZHRlc3QtMDEyOUBpY2hhbmdlLnRlc3QiLCJyb2xlIjoic3R1ZGVudCIsImlhdCI6MTc3ODE5NTgyMSwiZXhwIjoxNzc4MjAzMDIxfQ.i3PfHlxJP6CoKcwDlO2zZ5ydhG4_1cdRw638Ki6h0qc,69fd1d6de7a6b5b2035927c5,69fd1d6de7a6b5b203592848
eyJhbGciOiJIUzI1NiIsInR5cCI6IkpXVCJ9.eyJpZCI6IjY5ZmQxZDZkZTdhNmI1YjIwMzU5Mjg0OSIsImVtYWlsIjoibG9hZHRlc3QtMDEzMEBpY2hhbmdlLnRlc3QiLCJyb2xlIjoic3R1ZGVudCIsImlhdCI6MTc3ODE5NTgyMSwiZXhwIjoxNzc4MjAzMDIxfQ.iMiO9qCreCaoXG0EQzRJrRmkRpCVTS3rqZucxWLnV0k,69fd1d6de7a6b5b2035927c5,69fd1d6de7a6b5b203592849
eyJhbGciOiJIUzI1NiIsInR5cCI6IkpXVCJ9.eyJpZCI6IjY5ZmQxZDZkZTdhNmI1YjIwMzU5Mjg0YSIsImVtYWlsIjoibG9hZHRlc3QtMDEzMUBpY2hhbmdlLnRlc3QiLCJyb2xlIjoic3R1ZGVudCIsImlhdCI6MTc3ODE5NTgyMSwiZXhwIjoxNzc4MjAzMDIxfQ.dEs-Tm5Z1aYUB2tGtts1oio4bs1-Zgwe5CPv-sAC_2s,69fd1d6de7a6b5b2035927c5,69fd1d6de7a6b5b20359284a
eyJhbGciOiJIUzI1NiIsInR5cCI6IkpXVCJ9.eyJpZCI6IjY5ZmQxZDZkZTdhNmI1YjIwMzU5Mjg0YiIsImVtYWlsIjoibG9hZHRlc3QtMDEzMkBpY2hhbmdlLnRlc3QiLCJyb2xlIjoic3R1ZGVudCIsImlhdCI6MTc3ODE5NTgyMSwiZXhwIjoxNzc4MjAzMDIxfQ.knBGtsIbLqrTqsiEauUMeH0rlGkZ0XfIzW4533XHsYI,69fd1d6de7a6b5b2035927c5,69fd1d6de7a6b5b20359284b
eyJhbGciOiJIUzI1NiIsInR5cCI6IkpXVCJ9.eyJpZCI6IjY5ZmQxZDZkZTdhNmI1YjIwMzU5Mjg0YyIsImVtYWlsIjoibG9hZHRlc3QtMDEzM0BpY2hhbmdlLnRlc3QiLCJyb2xlIjoic3R1ZGVudCIsImlhdCI6MTc3ODE5NTgyMSwiZXhwIjoxNzc4MjAzMDIxfQ.zBf9ac4IrOyuI3Hc_vbQ94RSjy2R44CJ90dlHmepso4,69fd1d6de7a6b5b2035927c5,69fd1d6de7a6b5b20359284c
eyJhbGciOiJIUzI1NiIsInR5cCI6IkpXVCJ9.eyJpZCI6IjY5ZmQxZDZkZTdhNmI1YjIwMzU5Mjg0ZCIsImVtYWlsIjoibG9hZHRlc3QtMDEzNEBpY2hhbmdlLnRlc3QiLCJyb2xlIjoic3R1ZGVudCIsImlhdCI6MTc3ODE5NTgyMSwiZXhwIjoxNzc4MjAzMDIxfQ.o0VHifdWejSqHz-Ncj5KAQM1U64b5DEmheMLnI03OZs,69fd1d6de7a6b5b2035927c5,69fd1d6de7a6b5b20359284d
eyJhbGciOiJIUzI1NiIsInR5cCI6IkpXVCJ9.eyJpZCI6IjY5ZmQxZDZkZTdhNmI1YjIwMzU5Mjg0ZSIsImVtYWlsIjoibG9hZHRlc3QtMDEzNUBpY2hhbmdlLnRlc3QiLCJyb2xlIjoic3R1ZGVudCIsImlhdCI6MTc3ODE5NTgyMSwiZXhwIjoxNzc4MjAzMDIxfQ.70tEiwP32ZPAYn9q6osg8QFy829T6_QCDMYel7fLa6w,69fd1d6de7a6b5b2035927c5,69fd1d6de7a6b5b20359284e
eyJhbGciOiJIUzI1NiIsInR5cCI6IkpXVCJ9.eyJpZCI6IjY5ZmQxZDZkZTdhNmI1YjIwMzU5Mjg0ZiIsImVtYWlsIjoibG9hZHRlc3QtMDEzNkBpY2hhbmdlLnRlc3QiLCJyb2xlIjoic3R1ZGVudCIsImlhdCI6MTc3ODE5NTgyMSwiZXhwIjoxNzc4MjAzMDIxfQ.GsVMQkM7LiLZ-pfpk9A_1dkpw5Ut3nEmgRRwlmvallM,69fd1d6de7a6b5b2035927c5,69fd1d6de7a6b5b20359284f
eyJhbGciOiJIUzI1NiIsInR5cCI6IkpXVCJ9.eyJpZCI6IjY5ZmQxZDZkZTdhNmI1YjIwMzU5Mjg1MCIsImVtYWlsIjoibG9hZHRlc3QtMDEzN0BpY2hhbmdlLnRlc3QiLCJyb2xlIjoic3R1ZGVudCIsImlhdCI6MTc3ODE5NTgyMSwiZXhwIjoxNzc4MjAzMDIxfQ.qScucLYXDArGsrjS_isyJTFE9V5svDRCdMK3tUMsyt8,69fd1d6de7a6b5b2035927c5,69fd1d6de7a6b5b203592850
eyJhbGciOiJIUzI1NiIsInR5cCI6IkpXVCJ9.eyJpZCI6IjY5ZmQxZDZkZTdhNmI1YjIwMzU5Mjg1MSIsImVtYWlsIjoibG9hZHRlc3QtMDEzOEBpY2hhbmdlLnRlc3QiLCJyb2xlIjoic3R1ZGVudCIsImlhdCI6MTc3ODE5NTgyMSwiZXhwIjoxNzc4MjAzMDIxfQ.iKxw68Sn3mstjVdXAM8HefWV1wpuMjbvaQUAA1E3m78,69fd1d6de7a6b5b2035927c5,69fd1d6de7a6b5b203592851
eyJhbGciOiJIUzI1NiIsInR5cCI6IkpXVCJ9.eyJpZCI6IjY5ZmQxZDZkZTdhNmI1YjIwMzU5Mjg1MiIsImVtYWlsIjoibG9hZHRlc3QtMDEzOUBpY2hhbmdlLnRlc3QiLCJyb2xlIjoic3R1ZGVudCIsImlhdCI6MTc3ODE5NTgyMSwiZXhwIjoxNzc4MjAzMDIxfQ.hfjaUwpdV_MOifL7kdZsD2XmVLfeefyQljw1PIPVpF4,69fd1d6de7a6b5b2035927c5,69fd1d6de7a6b5b203592852
eyJhbGciOiJIUzI1NiIsInR5cCI6IkpXVCJ9.eyJpZCI6IjY5ZmQxZDZkZTdhNmI1YjIwMzU5Mjg1MyIsImVtYWlsIjoibG9hZHRlc3QtMDE0MEBpY2hhbmdlLnRlc3QiLCJyb2xlIjoic3R1ZGVudCIsImlhdCI6MTc3ODE5NTgyMSwiZXhwIjoxNzc4MjAzMDIxfQ.n40Hi7qFNONMy-nsP8HCb-9FCm1hpx7j_UXAZ5CtEAg,69fd1d6de7a6b5b2035927c5,69fd1d6de7a6b5b203592853
eyJhbGciOiJIUzI1NiIsInR5cCI6IkpXVCJ9.eyJpZCI6IjY5ZmQxZDZkZTdhNmI1YjIwMzU5Mjg1NCIsImVtYWlsIjoibG9hZHRlc3QtMDE0MUBpY2hhbmdlLnRlc3QiLCJyb2xlIjoic3R1ZGVudCIsImlhdCI6MTc3ODE5NTgyMSwiZXhwIjoxNzc4MjAzMDIxfQ.zNYimbNVrPd3cwcNiENisH5uHsFzTcgTkBWY8O4B4kc,69fd1d6de7a6b5b2035927c5,69fd1d6de7a6b5b203592854
eyJhbGciOiJIUzI1NiIsInR5cCI6IkpXVCJ9.eyJpZCI6IjY5ZmQxZDZkZTdhNmI1YjIwMzU5Mjg1NSIsImVtYWlsIjoibG9hZHRlc3QtMDE0MkBpY2hhbmdlLnRlc3QiLCJyb2xlIjoic3R1ZGVudCIsImlhdCI6MTc3ODE5NTgyMSwiZXhwIjoxNzc4MjAzMDIxfQ.XMQLsb4M_x0Gasp0I3u7Lp6PkQCDhT9fXNqshkgXGFw,69fd1d6de7a6b5b2035927c5,69fd1d6de7a6b5b203592855
eyJhbGciOiJIUzI1NiIsInR5cCI6IkpXVCJ9.eyJpZCI6IjY5ZmQxZDZkZTdhNmI1YjIwMzU5Mjg1NiIsImVtYWlsIjoibG9hZHRlc3QtMDE0M0BpY2hhbmdlLnRlc3QiLCJyb2xlIjoic3R1ZGVudCIsImlhdCI6MTc3ODE5NTgyMSwiZXhwIjoxNzc4MjAzMDIxfQ.Yciejh3Dg3Marbsyk7SZ7hrleztV5TCx92OfFHCMIQE,69fd1d6de7a6b5b2035927c5,69fd1d6de7a6b5b203592856
eyJhbGciOiJIUzI1NiIsInR5cCI6IkpXVCJ9.eyJpZCI6IjY5ZmQxZDZkZTdhNmI1YjIwMzU5Mjg1NyIsImVtYWlsIjoibG9hZHRlc3QtMDE0NEBpY2hhbmdlLnRlc3QiLCJyb2xlIjoic3R1ZGVudCIsImlhdCI6MTc3ODE5NTgyMSwiZXhwIjoxNzc4MjAzMDIxfQ.ZBqmO6MPnNeHZrmQ-hCRxDRPB_7uKtai0ocFifDOUX8,69fd1d6de7a6b5b2035927c5,69fd1d6de7a6b5b203592857
eyJhbGciOiJIUzI1NiIsInR5cCI6IkpXVCJ9.eyJpZCI6IjY5ZmQxZDZkZTdhNmI1YjIwMzU5Mjg1OCIsImVtYWlsIjoibG9hZHRlc3QtMDE0NUBpY2hhbmdlLnRlc3QiLCJyb2xlIjoic3R1ZGVudCIsImlhdCI6MTc3ODE5NTgyMSwiZXhwIjoxNzc4MjAzMDIxfQ.Cfi-SiFa2FXpywaUmH56jaURtQp_v2OwNxS0z_S0Lzs,69fd1d6de7a6b5b2035927c5,69fd1d6de7a6b5b203592858
eyJhbGciOiJIUzI1NiIsInR5cCI6IkpXVCJ9.eyJpZCI6IjY5ZmQxZDZkZTdhNmI1YjIwMzU5Mjg1OSIsImVtYWlsIjoibG9hZHRlc3QtMDE0NkBpY2hhbmdlLnRlc3QiLCJyb2xlIjoic3R1ZGVudCIsImlhdCI6MTc3ODE5NTgyMSwiZXhwIjoxNzc4MjAzMDIxfQ.PsuMlxNkvN7N7bnGVS66WuC-WCzrzkzQrvtPdWuDbXE,69fd1d6de7a6b5b2035927c5,69fd1d6de7a6b5b203592859
eyJhbGciOiJIUzI1NiIsInR5cCI6IkpXVCJ9.eyJpZCI6IjY5ZmQxZDZkZTdhNmI1YjIwMzU5Mjg1YSIsImVtYWlsIjoibG9hZHRlc3QtMDE0N0BpY2hhbmdlLnRlc3QiLCJyb2xlIjoic3R1ZGVudCIsImlhdCI6MTc3ODE5NTgyMSwiZXhwIjoxNzc4MjAzMDIxfQ.nJBJHAwJ-Y-673L2JMYj_pNETEyNXsvly4aPtsrVAuw,69fd1d6de7a6b5b2035927c5,69fd1d6de7a6b5b20359285a
eyJhbGciOiJIUzI1NiIsInR5cCI6IkpXVCJ9.eyJpZCI6IjY5ZmQxZDZkZTdhNmI1YjIwMzU5Mjg1YiIsImVtYWlsIjoibG9hZHRlc3QtMDE0OEBpY2hhbmdlLnRlc3QiLCJyb2xlIjoic3R1ZGVudCIsImlhdCI6MTc3ODE5NTgyMSwiZXhwIjoxNzc4MjAzMDIxfQ.73qW5a7YnItIqUTlrMHxR8C-ez4rl2DUVNJaQboEg9U,69fd1d6de7a6b5b2035927c5,69fd1d6de7a6b5b20359285b
eyJhbGciOiJIUzI1NiIsInR5cCI6IkpXVCJ9.eyJpZCI6IjY5ZmQxZDZkZTdhNmI1YjIwMzU5Mjg1YyIsImVtYWlsIjoibG9hZHRlc3QtMDE0OUBpY2hhbmdlLnRlc3QiLCJyb2xlIjoic3R1ZGVudCIsImlhdCI6MTc3ODE5NTgyMSwiZXhwIjoxNzc4MjAzMDIxfQ.cdhKPkIzVSjAk_iWCfKik5gnHP5kECkhTjr9R6iufhY,69fd1d6de7a6b5b2035927c5,69fd1d6de7a6b5b20359285c
eyJhbGciOiJIUzI1NiIsInR5cCI6IkpXVCJ9.eyJpZCI6IjY5ZmQxZDZkZTdhNmI1YjIwMzU5Mjg1ZCIsImVtYWlsIjoibG9hZHRlc3QtMDE1MEBpY2hhbmdlLnRlc3QiLCJyb2xlIjoic3R1ZGVudCIsImlhdCI6MTc3ODE5NTgyMSwiZXhwIjoxNzc4MjAzMDIxfQ.mj1xWSGz1f3ZFGgo-b79fNRjg7PYVoCBeG7i8gX0ImU,69fd1d6de7a6b5b2035927c5,69fd1d6de7a6b5b20359285d
eyJhbGciOiJIUzI1NiIsInR5cCI6IkpXVCJ9.eyJpZCI6IjY5ZmQxZDZkZTdhNmI1YjIwMzU5Mjg1ZSIsImVtYWlsIjoibG9hZHRlc3QtMDE1MUBpY2hhbmdlLnRlc3QiLCJyb2xlIjoic3R1ZGVudCIsImlhdCI6MTc3ODE5NTgyMSwiZXhwIjoxNzc4MjAzMDIxfQ.UD-KjjM-LHjdnd8iqikTmuip-vE7dd2ouJ9ZwnIOzis,69fd1d6de7a6b5b2035927c5,69fd1d6de7a6b5b20359285e
eyJhbGciOiJIUzI1NiIsInR5cCI6IkpXVCJ9.eyJpZCI6IjY5ZmQxZDZkZTdhNmI1YjIwMzU5Mjg1ZiIsImVtYWlsIjoibG9hZHRlc3QtMDE1MkBpY2hhbmdlLnRlc3QiLCJyb2xlIjoic3R1ZGVudCIsImlhdCI6MTc3ODE5NTgyMSwiZXhwIjoxNzc4MjAzMDIxfQ.1qtPAJiTuYvuM06S27_bGaOnyjdrdqcouFdsGxfwOW0,69fd1d6de7a6b5b2035927c5,69fd1d6de7a6b5b20359285f
eyJhbGciOiJIUzI1NiIsInR5cCI6IkpXVCJ9.eyJpZCI6IjY5ZmQxZDZkZTdhNmI1YjIwMzU5Mjg2MCIsImVtYWlsIjoibG9hZHRlc3QtMDE1M0BpY2hhbmdlLnRlc3QiLCJyb2xlIjoic3R1ZGVudCIsImlhdCI6MTc3ODE5NTgyMSwiZXhwIjoxNzc4MjAzMDIxfQ.v_5GE_OWiTjmEKRYhiErQ-_kyvlfdYluCfM7epVva0A,69fd1d6de7a6b5b2035927c5,69fd1d6de7a6b5b203592860
eyJhbGciOiJIUzI1NiIsInR5cCI6IkpXVCJ9.eyJpZCI6IjY5ZmQxZDZkZTdhNmI1YjIwMzU5Mjg2MSIsImVtYWlsIjoibG9hZHRlc3QtMDE1NEBpY2hhbmdlLnRlc3QiLCJyb2xlIjoic3R1ZGVudCIsImlhdCI6MTc3ODE5NTgyMSwiZXhwIjoxNzc4MjAzMDIxfQ.dtykRe1mBo3lyrH2aFngwphW12vA6EdjpyxrkhwZPKY,69fd1d6de7a6b5b2035927c5,69fd1d6de7a6b5b203592861
eyJhbGciOiJIUzI1NiIsInR5cCI6IkpXVCJ9.eyJpZCI6IjY5ZmQxZDZkZTdhNmI1YjIwMzU5Mjg2MiIsImVtYWlsIjoibG9hZHRlc3QtMDE1NUBpY2hhbmdlLnRlc3QiLCJyb2xlIjoic3R1ZGVudCIsImlhdCI6MTc3ODE5NTgyMSwiZXhwIjoxNzc4MjAzMDIxfQ.yHiX1b14ZdgS2yXM59KxvdP7vn2vrNY2zZygifLweKw,69fd1d6de7a6b5b2035927c5,69fd1d6de7a6b5b203592862
eyJhbGciOiJIUzI1NiIsInR5cCI6IkpXVCJ9.eyJpZCI6IjY5ZmQxZDZkZTdhNmI1YjIwMzU5Mjg2MyIsImVtYWlsIjoibG9hZHRlc3QtMDE1NkBpY2hhbmdlLnRlc3QiLCJyb2xlIjoic3R1ZGVudCIsImlhdCI6MTc3ODE5NTgyMSwiZXhwIjoxNzc4MjAzMDIxfQ.TEHKVNxtoaR8m84dw1hBUb6QOw3T__JFBp7JFlMSx3k,69fd1d6de7a6b5b2035927c5,69fd1d6de7a6b5b203592863
eyJhbGciOiJIUzI1NiIsInR5cCI6IkpXVCJ9.eyJpZCI6IjY5ZmQxZDZkZTdhNmI1YjIwMzU5Mjg2NCIsImVtYWlsIjoibG9hZHRlc3QtMDE1N0BpY2hhbmdlLnRlc3QiLCJyb2xlIjoic3R1ZGVudCIsImlhdCI6MTc3ODE5NTgyMSwiZXhwIjoxNzc4MjAzMDIxfQ.DGQdP8rMG54oypaqXLxUxW5oPEA50NieKglwvsxLKZk,69fd1d6de7a6b5b2035927c5,69fd1d6de7a6b5b203592864
eyJhbGciOiJIUzI1NiIsInR5cCI6IkpXVCJ9.eyJpZCI6IjY5ZmQxZDZkZTdhNmI1YjIwMzU5Mjg2NSIsImVtYWlsIjoibG9hZHRlc3QtMDE1OEBpY2hhbmdlLnRlc3QiLCJyb2xlIjoic3R1ZGVudCIsImlhdCI6MTc3ODE5NTgyMSwiZXhwIjoxNzc4MjAzMDIxfQ.eHY6M6uNg5Vsr9yU8U0CMWP3mMNLKOaEWTb6yOIX0kM,69fd1d6de7a6b5b2035927c5,69fd1d6de7a6b5b203592865
eyJhbGciOiJIUzI1NiIsInR5cCI6IkpXVCJ9.eyJpZCI6IjY5ZmQxZDZkZTdhNmI1YjIwMzU5Mjg2NiIsImVtYWlsIjoibG9hZHRlc3QtMDE1OUBpY2hhbmdlLnRlc3QiLCJyb2xlIjoic3R1ZGVudCIsImlhdCI6MTc3ODE5NTgyMSwiZXhwIjoxNzc4MjAzMDIxfQ.UQeUFf72AlojArR8sVyfOIvFAUcNqxZ2yb17ege6K7E,69fd1d6de7a6b5b2035927c5,69fd1d6de7a6b5b203592866
eyJhbGciOiJIUzI1NiIsInR5cCI6IkpXVCJ9.eyJpZCI6IjY5ZmQxZDZkZTdhNmI1YjIwMzU5Mjg2NyIsImVtYWlsIjoibG9hZHRlc3QtMDE2MEBpY2hhbmdlLnRlc3QiLCJyb2xlIjoic3R1ZGVudCIsImlhdCI6MTc3ODE5NTgyMSwiZXhwIjoxNzc4MjAzMDIxfQ.2roXdYX2LvAJESqlJaza_abJpUGkbFrxou7JJGT2YQI,69fd1d6de7a6b5b2035927c5,69fd1d6de7a6b5b203592867
eyJhbGciOiJIUzI1NiIsInR5cCI6IkpXVCJ9.eyJpZCI6IjY5ZmQxZDZkZTdhNmI1YjIwMzU5Mjg2OCIsImVtYWlsIjoibG9hZHRlc3QtMDE2MUBpY2hhbmdlLnRlc3QiLCJyb2xlIjoic3R1ZGVudCIsImlhdCI6MTc3ODE5NTgyMSwiZXhwIjoxNzc4MjAzMDIxfQ.qpJcavIsyidEh7IF3jb-afGIoiuPZEAk_C1gmXXTzKQ,69fd1d6de7a6b5b2035927c5,69fd1d6de7a6b5b203592868
eyJhbGciOiJIUzI1NiIsInR5cCI6IkpXVCJ9.eyJpZCI6IjY5ZmQxZDZkZTdhNmI1YjIwMzU5Mjg2OSIsImVtYWlsIjoibG9hZHRlc3QtMDE2MkBpY2hhbmdlLnRlc3QiLCJyb2xlIjoic3R1ZGVudCIsImlhdCI6MTc3ODE5NTgyMSwiZXhwIjoxNzc4MjAzMDIxfQ.zEmqKZOk4mTH0E6yHZswqSP1K2Zra7lG98dpbCEvCf4,69fd1d6de7a6b5b2035927c5,69fd1d6de7a6b5b203592869
eyJhbGciOiJIUzI1NiIsInR5cCI6IkpXVCJ9.eyJpZCI6IjY5ZmQxZDZkZTdhNmI1YjIwMzU5Mjg2YSIsImVtYWlsIjoibG9hZHRlc3QtMDE2M0BpY2hhbmdlLnRlc3QiLCJyb2xlIjoic3R1ZGVudCIsImlhdCI6MTc3ODE5NTgyMSwiZXhwIjoxNzc4MjAzMDIxfQ.m6DOpXIWi8kvLZ9ZLGrgY4f-IeHRVjiRD4QRzIdNJr0,69fd1d6de7a6b5b2035927c5,69fd1d6de7a6b5b20359286a
eyJhbGciOiJIUzI1NiIsInR5cCI6IkpXVCJ9.eyJpZCI6IjY5ZmQxZDZkZTdhNmI1YjIwMzU5Mjg2YiIsImVtYWlsIjoibG9hZHRlc3QtMDE2NEBpY2hhbmdlLnRlc3QiLCJyb2xlIjoic3R1ZGVudCIsImlhdCI6MTc3ODE5NTgyMSwiZXhwIjoxNzc4MjAzMDIxfQ.KIdG7pvzTpGa56yRxX7Y96eVuEeNG2JJvawDX1mAjEs,69fd1d6de7a6b5b2035927c5,69fd1d6de7a6b5b20359286b
eyJhbGciOiJIUzI1NiIsInR5cCI6IkpXVCJ9.eyJpZCI6IjY5ZmQxZDZkZTdhNmI1YjIwMzU5Mjg2YyIsImVtYWlsIjoibG9hZHRlc3QtMDE2NUBpY2hhbmdlLnRlc3QiLCJyb2xlIjoic3R1ZGVudCIsImlhdCI6MTc3ODE5NTgyMSwiZXhwIjoxNzc4MjAzMDIxfQ.BH0NxFSt6Qw_K4pL5XU0_ISn0IC_71Uz6HqmL15UVjs,69fd1d6de7a6b5b2035927c5,69fd1d6de7a6b5b20359286c
eyJhbGciOiJIUzI1NiIsInR5cCI6IkpXVCJ9.eyJpZCI6IjY5ZmQxZDZkZTdhNmI1YjIwMzU5Mjg2ZCIsImVtYWlsIjoibG9hZHRlc3QtMDE2NkBpY2hhbmdlLnRlc3QiLCJyb2xlIjoic3R1ZGVudCIsImlhdCI6MTc3ODE5NTgyMSwiZXhwIjoxNzc4MjAzMDIxfQ.udpZ1JHjUN0vGu-EZ8iL9oxjuTnyk4_PI8qF3zJcmwQ,69fd1d6de7a6b5b2035927c5,69fd1d6de7a6b5b20359286d
eyJhbGciOiJIUzI1NiIsInR5cCI6IkpXVCJ9.eyJpZCI6IjY5ZmQxZDZkZTdhNmI1YjIwMzU5Mjg2ZSIsImVtYWlsIjoibG9hZHRlc3QtMDE2N0BpY2hhbmdlLnRlc3QiLCJyb2xlIjoic3R1ZGVudCIsImlhdCI6MTc3ODE5NTgyMSwiZXhwIjoxNzc4MjAzMDIxfQ.QFYJfKL3cwSk14um3hXkkEyeVwfXonhV-8B-I71OVJs,69fd1d6de7a6b5b2035927c5,69fd1d6de7a6b5b20359286e
eyJhbGciOiJIUzI1NiIsInR5cCI6IkpXVCJ9.eyJpZCI6IjY5ZmQxZDZkZTdhNmI1YjIwMzU5Mjg2ZiIsImVtYWlsIjoibG9hZHRlc3QtMDE2OEBpY2hhbmdlLnRlc3QiLCJyb2xlIjoic3R1ZGVudCIsImlhdCI6MTc3ODE5NTgyMSwiZXhwIjoxNzc4MjAzMDIxfQ.ikEDzN0B9aFyTlY3sj04aTKURgtuC23yldPT24nRkxo,69fd1d6de7a6b5b2035927c5,69fd1d6de7a6b5b20359286f
eyJhbGciOiJIUzI1NiIsInR5cCI6IkpXVCJ9.eyJpZCI6IjY5ZmQxZDZkZTdhNmI1YjIwMzU5Mjg3MCIsImVtYWlsIjoibG9hZHRlc3QtMDE2OUBpY2hhbmdlLnRlc3QiLCJyb2xlIjoic3R1ZGVudCIsImlhdCI6MTc3ODE5NTgyMSwiZXhwIjoxNzc4MjAzMDIxfQ.SNeyWiCAjHPU9Qt127R7k3gaXhHzmK_30tGN7GvvX1k,69fd1d6de7a6b5b2035927c5,69fd1d6de7a6b5b203592870
eyJhbGciOiJIUzI1NiIsInR5cCI6IkpXVCJ9.eyJpZCI6IjY5ZmQxZDZkZTdhNmI1YjIwMzU5Mjg3MSIsImVtYWlsIjoibG9hZHRlc3QtMDE3MEBpY2hhbmdlLnRlc3QiLCJyb2xlIjoic3R1ZGVudCIsImlhdCI6MTc3ODE5NTgyMSwiZXhwIjoxNzc4MjAzMDIxfQ.JFee1uVk5n2lxRi-bBazf-nXseUdYg8H6lKUrnW6nVM,69fd1d6de7a6b5b2035927c5,69fd1d6de7a6b5b203592871
eyJhbGciOiJIUzI1NiIsInR5cCI6IkpXVCJ9.eyJpZCI6IjY5ZmQxZDZkZTdhNmI1YjIwMzU5Mjg3MiIsImVtYWlsIjoibG9hZHRlc3QtMDE3MUBpY2hhbmdlLnRlc3QiLCJyb2xlIjoic3R1ZGVudCIsImlhdCI6MTc3ODE5NTgyMSwiZXhwIjoxNzc4MjAzMDIxfQ.NhTb7UQykdK536uLJHgoR__5gN0M5iIS7AKROTIC5nw,69fd1d6de7a6b5b2035927c5,69fd1d6de7a6b5b203592872
eyJhbGciOiJIUzI1NiIsInR5cCI6IkpXVCJ9.eyJpZCI6IjY5ZmQxZDZkZTdhNmI1YjIwMzU5Mjg3MyIsImVtYWlsIjoibG9hZHRlc3QtMDE3MkBpY2hhbmdlLnRlc3QiLCJyb2xlIjoic3R1ZGVudCIsImlhdCI6MTc3ODE5NTgyMSwiZXhwIjoxNzc4MjAzMDIxfQ.42oVNLQO15yVT122p2EVDWeCWrGxTgc3Qk_Rg1YcTYU,69fd1d6de7a6b5b2035927c5,69fd1d6de7a6b5b203592873
eyJhbGciOiJIUzI1NiIsInR5cCI6IkpXVCJ9.eyJpZCI6IjY5ZmQxZDZkZTdhNmI1YjIwMzU5Mjg3NCIsImVtYWlsIjoibG9hZHRlc3QtMDE3M0BpY2hhbmdlLnRlc3QiLCJyb2xlIjoic3R1ZGVudCIsImlhdCI6MTc3ODE5NTgyMSwiZXhwIjoxNzc4MjAzMDIxfQ.r3z7miliPCoxXzjyblck86xEyFi1fctps5FNdjQ1tBM,69fd1d6de7a6b5b2035927c5,69fd1d6de7a6b5b203592874
eyJhbGciOiJIUzI1NiIsInR5cCI6IkpXVCJ9.eyJpZCI6IjY5ZmQxZDZkZTdhNmI1YjIwMzU5Mjg3NSIsImVtYWlsIjoibG9hZHRlc3QtMDE3NEBpY2hhbmdlLnRlc3QiLCJyb2xlIjoic3R1ZGVudCIsImlhdCI6MTc3ODE5NTgyMSwiZXhwIjoxNzc4MjAzMDIxfQ.NHHmQhs3HREFjc04UL-NNu5Jqsso_ZFhRIUHELFi_s4,69fd1d6de7a6b5b2035927c5,69fd1d6de7a6b5b203592875
eyJhbGciOiJIUzI1NiIsInR5cCI6IkpXVCJ9.eyJpZCI6IjY5ZmQxZDZkZTdhNmI1YjIwMzU5Mjg3NiIsImVtYWlsIjoibG9hZHRlc3QtMDE3NUBpY2hhbmdlLnRlc3QiLCJyb2xlIjoic3R1ZGVudCIsImlhdCI6MTc3ODE5NTgyMSwiZXhwIjoxNzc4MjAzMDIxfQ.gtDhFfalNDenKa-6YlEPym3XYP-ZgG52rUffsGvtGBE,69fd1d6de7a6b5b2035927c5,69fd1d6de7a6b5b203592876
eyJhbGciOiJIUzI1NiIsInR5cCI6IkpXVCJ9.eyJpZCI6IjY5ZmQxZDZkZTdhNmI1YjIwMzU5Mjg3NyIsImVtYWlsIjoibG9hZHRlc3QtMDE3NkBpY2hhbmdlLnRlc3QiLCJyb2xlIjoic3R1ZGVudCIsImlhdCI6MTc3ODE5NTgyMSwiZXhwIjoxNzc4MjAzMDIxfQ.q9QChTgQCoWTkclUz44Vimg6F3U72JEcW3f2AX81ACM,69fd1d6de7a6b5b2035927c5,69fd1d6de7a6b5b203592877
eyJhbGciOiJIUzI1NiIsInR5cCI6IkpXVCJ9.eyJpZCI6IjY5ZmQxZDZkZTdhNmI1YjIwMzU5Mjg3OCIsImVtYWlsIjoibG9hZHRlc3QtMDE3N0BpY2hhbmdlLnRlc3QiLCJyb2xlIjoic3R1ZGVudCIsImlhdCI6MTc3ODE5NTgyMSwiZXhwIjoxNzc4MjAzMDIxfQ.B6mkaNGATckdjPJOs5IrJBhm_z23SscDPLdc_DErnq8,69fd1d6de7a6b5b2035927c5,69fd1d6de7a6b5b203592878
eyJhbGciOiJIUzI1NiIsInR5cCI6IkpXVCJ9.eyJpZCI6IjY5ZmQxZDZkZTdhNmI1YjIwMzU5Mjg3OSIsImVtYWlsIjoibG9hZHRlc3QtMDE3OEBpY2hhbmdlLnRlc3QiLCJyb2xlIjoic3R1ZGVudCIsImlhdCI6MTc3ODE5NTgyMSwiZXhwIjoxNzc4MjAzMDIxfQ.s4Dv-hfcponmjlfNVGPQTqosCli0JVCeEMgcKeWcVco,69fd1d6de7a6b5b2035927c5,69fd1d6de7a6b5b203592879
eyJhbGciOiJIUzI1NiIsInR5cCI6IkpXVCJ9.eyJpZCI6IjY5ZmQxZDZkZTdhNmI1YjIwMzU5Mjg3YSIsImVtYWlsIjoibG9hZHRlc3QtMDE3OUBpY2hhbmdlLnRlc3QiLCJyb2xlIjoic3R1ZGVudCIsImlhdCI6MTc3ODE5NTgyMSwiZXhwIjoxNzc4MjAzMDIxfQ.0uQ4GvKBb7qtAvb3Ucno1OEc2jbdeNMexAQ9IuNZK9w,69fd1d6de7a6b5b2035927c5,69fd1d6de7a6b5b20359287a
eyJhbGciOiJIUzI1NiIsInR5cCI6IkpXVCJ9.eyJpZCI6IjY5ZmQxZDZkZTdhNmI1YjIwMzU5Mjg3YiIsImVtYWlsIjoibG9hZHRlc3QtMDE4MEBpY2hhbmdlLnRlc3QiLCJyb2xlIjoic3R1ZGVudCIsImlhdCI6MTc3ODE5NTgyMSwiZXhwIjoxNzc4MjAzMDIxfQ.3vA-e4o-d09F6erGuNlfR-hA_gJ-f2oWPvpjSlacPic,69fd1d6de7a6b5b2035927c5,69fd1d6de7a6b5b20359287b
eyJhbGciOiJIUzI1NiIsInR5cCI6IkpXVCJ9.eyJpZCI6IjY5ZmQxZDZkZTdhNmI1YjIwMzU5Mjg3YyIsImVtYWlsIjoibG9hZHRlc3QtMDE4MUBpY2hhbmdlLnRlc3QiLCJyb2xlIjoic3R1ZGVudCIsImlhdCI6MTc3ODE5NTgyMSwiZXhwIjoxNzc4MjAzMDIxfQ.mw8ZtXReZAJxlARoPXu37JYnLTMPBGTSvp5xtpEQemo,69fd1d6de7a6b5b2035927c5,69fd1d6de7a6b5b20359287c
eyJhbGciOiJIUzI1NiIsInR5cCI6IkpXVCJ9.eyJpZCI6IjY5ZmQxZDZkZTdhNmI1YjIwMzU5Mjg3ZCIsImVtYWlsIjoibG9hZHRlc3QtMDE4MkBpY2hhbmdlLnRlc3QiLCJyb2xlIjoic3R1ZGVudCIsImlhdCI6MTc3ODE5NTgyMSwiZXhwIjoxNzc4MjAzMDIxfQ.wQb0TQ-LoRGaeN9xD3no2f6lu2wJccmLq1ug_i7QsSA,69fd1d6de7a6b5b2035927c5,69fd1d6de7a6b5b20359287d
eyJhbGciOiJIUzI1NiIsInR5cCI6IkpXVCJ9.eyJpZCI6IjY5ZmQxZDZkZTdhNmI1YjIwMzU5Mjg3ZSIsImVtYWlsIjoibG9hZHRlc3QtMDE4M0BpY2hhbmdlLnRlc3QiLCJyb2xlIjoic3R1ZGVudCIsImlhdCI6MTc3ODE5NTgyMSwiZXhwIjoxNzc4MjAzMDIxfQ.3U4hh0xZSM4W0mHWGsiRao9a9WpL0UXD-W9REq0N6vk,69fd1d6de7a6b5b2035927c5,69fd1d6de7a6b5b20359287e
eyJhbGciOiJIUzI1NiIsInR5cCI6IkpXVCJ9.eyJpZCI6IjY5ZmQxZDZkZTdhNmI1YjIwMzU5Mjg3ZiIsImVtYWlsIjoibG9hZHRlc3QtMDE4NEBpY2hhbmdlLnRlc3QiLCJyb2xlIjoic3R1ZGVudCIsImlhdCI6MTc3ODE5NTgyMSwiZXhwIjoxNzc4MjAzMDIxfQ.rCCGA2DP0wOxPcw9HS5vfBXqz69QDoHJeG_pxDTTYBU,69fd1d6de7a6b5b2035927c5,69fd1d6de7a6b5b20359287f
eyJhbGciOiJIUzI1NiIsInR5cCI6IkpXVCJ9.eyJpZCI6IjY5ZmQxZDZkZTdhNmI1YjIwMzU5Mjg4MCIsImVtYWlsIjoibG9hZHRlc3QtMDE4NUBpY2hhbmdlLnRlc3QiLCJyb2xlIjoic3R1ZGVudCIsImlhdCI6MTc3ODE5NTgyMSwiZXhwIjoxNzc4MjAzMDIxfQ.3YHNyQr34wufKhMkEmC-krY-e5W1uC6p9H_q6ZMhN1w,69fd1d6de7a6b5b2035927c5,69fd1d6de7a6b5b203592880
eyJhbGciOiJIUzI1NiIsInR5cCI6IkpXVCJ9.eyJpZCI6IjY5ZmQxZDZkZTdhNmI1YjIwMzU5Mjg4MSIsImVtYWlsIjoibG9hZHRlc3QtMDE4NkBpY2hhbmdlLnRlc3QiLCJyb2xlIjoic3R1ZGVudCIsImlhdCI6MTc3ODE5NTgyMSwiZXhwIjoxNzc4MjAzMDIxfQ.lFYhPz0siTMyQJEHQz4qMxkSGEDrVInyncSz9tjIwjg,69fd1d6de7a6b5b2035927c5,69fd1d6de7a6b5b203592881
eyJhbGciOiJIUzI1NiIsInR5cCI6IkpXVCJ9.eyJpZCI6IjY5ZmQxZDZkZTdhNmI1YjIwMzU5Mjg4MiIsImVtYWlsIjoibG9hZHRlc3QtMDE4N0BpY2hhbmdlLnRlc3QiLCJyb2xlIjoic3R1ZGVudCIsImlhdCI6MTc3ODE5NTgyMSwiZXhwIjoxNzc4MjAzMDIxfQ.fPmwJRBDS8dbKpBl1nOo1_pKp4EnGc7T7eBcX42HC4Y,69fd1d6de7a6b5b2035927c5,69fd1d6de7a6b5b203592882
eyJhbGciOiJIUzI1NiIsInR5cCI6IkpXVCJ9.eyJpZCI6IjY5ZmQxZDZkZTdhNmI1YjIwMzU5Mjg4MyIsImVtYWlsIjoibG9hZHRlc3QtMDE4OEBpY2hhbmdlLnRlc3QiLCJyb2xlIjoic3R1ZGVudCIsImlhdCI6MTc3ODE5NTgyMSwiZXhwIjoxNzc4MjAzMDIxfQ.4VWKdkns6U_NDEwaQgfBjWOmr17Fm1MDjx9_7rZDci0,69fd1d6de7a6b5b2035927c5,69fd1d6de7a6b5b203592883
eyJhbGciOiJIUzI1NiIsInR5cCI6IkpXVCJ9.eyJpZCI6IjY5ZmQxZDZkZTdhNmI1YjIwMzU5Mjg4NCIsImVtYWlsIjoibG9hZHRlc3QtMDE4OUBpY2hhbmdlLnRlc3QiLCJyb2xlIjoic3R1ZGVudCIsImlhdCI6MTc3ODE5NTgyMSwiZXhwIjoxNzc4MjAzMDIxfQ.Owjr9WcTB8mBJfG2n0ouwe5lTMcVu_cw-tWtsKbboZQ,69fd1d6de7a6b5b2035927c5,69fd1d6de7a6b5b203592884
eyJhbGciOiJIUzI1NiIsInR5cCI6IkpXVCJ9.eyJpZCI6IjY5ZmQxZDZkZTdhNmI1YjIwMzU5Mjg4NSIsImVtYWlsIjoibG9hZHRlc3QtMDE5MEBpY2hhbmdlLnRlc3QiLCJyb2xlIjoic3R1ZGVudCIsImlhdCI6MTc3ODE5NTgyMSwiZXhwIjoxNzc4MjAzMDIxfQ.tuX5bs-OyDroEY_S3R1uRuhbEa1ayrmp7BFRoDpcHN8,69fd1d6de7a6b5b2035927c5,69fd1d6de7a6b5b203592885
eyJhbGciOiJIUzI1NiIsInR5cCI6IkpXVCJ9.eyJpZCI6IjY5ZmQxZDZkZTdhNmI1YjIwMzU5Mjg4NiIsImVtYWlsIjoibG9hZHRlc3QtMDE5MUBpY2hhbmdlLnRlc3QiLCJyb2xlIjoic3R1ZGVudCIsImlhdCI6MTc3ODE5NTgyMSwiZXhwIjoxNzc4MjAzMDIxfQ.mker-0wkVREVEWZ2lU8Uq1yMGxoXhL6S1vaw9clR7FM,69fd1d6de7a6b5b2035927c5,69fd1d6de7a6b5b203592886
eyJhbGciOiJIUzI1NiIsInR5cCI6IkpXVCJ9.eyJpZCI6IjY5ZmQxZDZkZTdhNmI1YjIwMzU5Mjg4NyIsImVtYWlsIjoibG9hZHRlc3QtMDE5MkBpY2hhbmdlLnRlc3QiLCJyb2xlIjoic3R1ZGVudCIsImlhdCI6MTc3ODE5NTgyMSwiZXhwIjoxNzc4MjAzMDIxfQ.bm8MY-hqgmqcBaESf9_1oEZW-3rZH8aKx5YPWll6dWU,69fd1d6de7a6b5b2035927c5,69fd1d6de7a6b5b203592887
eyJhbGciOiJIUzI1NiIsInR5cCI6IkpXVCJ9.eyJpZCI6IjY5ZmQxZDZkZTdhNmI1YjIwMzU5Mjg4OCIsImVtYWlsIjoibG9hZHRlc3QtMDE5M0BpY2hhbmdlLnRlc3QiLCJyb2xlIjoic3R1ZGVudCIsImlhdCI6MTc3ODE5NTgyMSwiZXhwIjoxNzc4MjAzMDIxfQ.mbS5TAIkio6eyfSQxJlI7eMBXOc6MdCaI3XyTPItrOQ,69fd1d6de7a6b5b2035927c5,69fd1d6de7a6b5b203592888
eyJhbGciOiJIUzI1NiIsInR5cCI6IkpXVCJ9.eyJpZCI6IjY5ZmQxZDZkZTdhNmI1YjIwMzU5Mjg4OSIsImVtYWlsIjoibG9hZHRlc3QtMDE5NEBpY2hhbmdlLnRlc3QiLCJyb2xlIjoic3R1ZGVudCIsImlhdCI6MTc3ODE5NTgyMSwiZXhwIjoxNzc4MjAzMDIxfQ.BghkBB6zmsA0qnJE22nqXz_m9CfR5hji3-OuacmszAw,69fd1d6de7a6b5b2035927c5,69fd1d6de7a6b5b203592889
eyJhbGciOiJIUzI1NiIsInR5cCI6IkpXVCJ9.eyJpZCI6IjY5ZmQxZDZkZTdhNmI1YjIwMzU5Mjg4YSIsImVtYWlsIjoibG9hZHRlc3QtMDE5NUBpY2hhbmdlLnRlc3QiLCJyb2xlIjoic3R1ZGVudCIsImlhdCI6MTc3ODE5NTgyMSwiZXhwIjoxNzc4MjAzMDIxfQ.27y6IGR3lEcnxgnu0dDn3bjWHUmFuvvy75xPEc9q5Ho,69fd1d6de7a6b5b2035927c5,69fd1d6de7a6b5b20359288a
eyJhbGciOiJIUzI1NiIsInR5cCI6IkpXVCJ9.eyJpZCI6IjY5ZmQxZDZkZTdhNmI1YjIwMzU5Mjg4YiIsImVtYWlsIjoibG9hZHRlc3QtMDE5NkBpY2hhbmdlLnRlc3QiLCJyb2xlIjoic3R1ZGVudCIsImlhdCI6MTc3ODE5NTgyMSwiZXhwIjoxNzc4MjAzMDIxfQ.4AMK3Ko1rjzDQlzw5iJ0NHCWMTyNJrUUhsMayWpCim8,69fd1d6de7a6b5b2035927c5,69fd1d6de7a6b5b20359288b
eyJhbGciOiJIUzI1NiIsInR5cCI6IkpXVCJ9.eyJpZCI6IjY5ZmQxZDZkZTdhNmI1YjIwMzU5Mjg4YyIsImVtYWlsIjoibG9hZHRlc3QtMDE5N0BpY2hhbmdlLnRlc3QiLCJyb2xlIjoic3R1ZGVudCIsImlhdCI6MTc3ODE5NTgyMSwiZXhwIjoxNzc4MjAzMDIxfQ.4Y-iFAemE-UOzyfXqz1QpF2M5DNCkjTAwlUHLmofbmY,69fd1d6de7a6b5b2035927c5,69fd1d6de7a6b5b20359288c
eyJhbGciOiJIUzI1NiIsInR5cCI6IkpXVCJ9.eyJpZCI6IjY5ZmQxZDZkZTdhNmI1YjIwMzU5Mjg4ZCIsImVtYWlsIjoibG9hZHRlc3QtMDE5OEBpY2hhbmdlLnRlc3QiLCJyb2xlIjoic3R1ZGVudCIsImlhdCI6MTc3ODE5NTgyMSwiZXhwIjoxNzc4MjAzMDIxfQ.buhS_Md7_UTAJmGhjsv6dBN8bFHJewKLOSQNUtI9WiU,69fd1d6de7a6b5b2035927c5,69fd1d6de7a6b5b20359288d
eyJhbGciOiJIUzI1NiIsInR5cCI6IkpXVCJ9.eyJpZCI6IjY5ZmQxZDZkZTdhNmI1YjIwMzU5Mjg4ZSIsImVtYWlsIjoibG9hZHRlc3QtMDE5OUBpY2hhbmdlLnRlc3QiLCJyb2xlIjoic3R1ZGVudCIsImlhdCI6MTc3ODE5NTgyMSwiZXhwIjoxNzc4MjAzMDIxfQ._0piujTUYz8b8z7ie4O8Qhga8YaHirhqTWehJLe0UKk,69fd1d6de7a6b5b2035927c5,69fd1d6de7a6b5b20359288e
eyJhbGciOiJIUzI1NiIsInR5cCI6IkpXVCJ9.eyJpZCI6IjY5ZmQxZDZkZTdhNmI1YjIwMzU5Mjg4ZiIsImVtYWlsIjoibG9hZHRlc3QtMDIwMEBpY2hhbmdlLnRlc3QiLCJyb2xlIjoic3R1ZGVudCIsImlhdCI6MTc3ODE5NTgyMSwiZXhwIjoxNzc4MjAzMDIxfQ.3jmIEH72aW7KQyjinxH504q_x3Xjq7nC6dTtFEfQis0,69fd1d6de7a6b5b2035927c5,69fd1d6de7a6b5b20359288f
eyJhbGciOiJIUzI1NiIsInR5cCI6IkpXVCJ9.eyJpZCI6IjY5ZmQxZDZkZTdhNmI1YjIwMzU5Mjg5MSIsImVtYWlsIjoibG9hZHRlc3QtMDIwMUBpY2hhbmdlLnRlc3QiLCJyb2xlIjoic3R1ZGVudCIsImlhdCI6MTc3ODE5NTgyMSwiZXhwIjoxNzc4MjAzMDIxfQ.t-2uYNrU6IX27DqcENZIO4A3JRxQxdCzMX-jdaXF7-U,69fd1d6de7a6b5b2035927c5,69fd1d6de7a6b5b203592891
eyJhbGciOiJIUzI1NiIsInR5cCI6IkpXVCJ9.eyJpZCI6IjY5ZmQxZDZkZTdhNmI1YjIwMzU5Mjg5MiIsImVtYWlsIjoibG9hZHRlc3QtMDIwMkBpY2hhbmdlLnRlc3QiLCJyb2xlIjoic3R1ZGVudCIsImlhdCI6MTc3ODE5NTgyMSwiZXhwIjoxNzc4MjAzMDIxfQ.Oib1Do8dAsHFhA963BntH2mmJ4ygHEjiETZAgRz8q6A,69fd1d6de7a6b5b2035927c5,69fd1d6de7a6b5b203592892
eyJhbGciOiJIUzI1NiIsInR5cCI6IkpXVCJ9.eyJpZCI6IjY5ZmQxZDZkZTdhNmI1YjIwMzU5Mjg5MyIsImVtYWlsIjoibG9hZHRlc3QtMDIwM0BpY2hhbmdlLnRlc3QiLCJyb2xlIjoic3R1ZGVudCIsImlhdCI6MTc3ODE5NTgyMSwiZXhwIjoxNzc4MjAzMDIxfQ.Qwz_0gRaM0NvNtGutRV8UhyTb0EL6rTwo6Lfu7czVhA,69fd1d6de7a6b5b2035927c5,69fd1d6de7a6b5b203592893
eyJhbGciOiJIUzI1NiIsInR5cCI6IkpXVCJ9.eyJpZCI6IjY5ZmQxZDZkZTdhNmI1YjIwMzU5Mjg5NCIsImVtYWlsIjoibG9hZHRlc3QtMDIwNEBpY2hhbmdlLnRlc3QiLCJyb2xlIjoic3R1ZGVudCIsImlhdCI6MTc3ODE5NTgyMSwiZXhwIjoxNzc4MjAzMDIxfQ.RperxzZFgyaFS_nHd2IXzmNMBlxgA4zQjMCdZ_v7yEA,69fd1d6de7a6b5b2035927c5,69fd1d6de7a6b5b203592894
eyJhbGciOiJIUzI1NiIsInR5cCI6IkpXVCJ9.eyJpZCI6IjY5ZmQxZDZkZTdhNmI1YjIwMzU5Mjg5NSIsImVtYWlsIjoibG9hZHRlc3QtMDIwNUBpY2hhbmdlLnRlc3QiLCJyb2xlIjoic3R1ZGVudCIsImlhdCI6MTc3ODE5NTgyMSwiZXhwIjoxNzc4MjAzMDIxfQ.TE8XWfscqacNKnUYc1uLIZwaquPZ8sCnetyQNNpuaLs,69fd1d6de7a6b5b2035927c5,69fd1d6de7a6b5b203592895
eyJhbGciOiJIUzI1NiIsInR5cCI6IkpXVCJ9.eyJpZCI6IjY5ZmQxZDZkZTdhNmI1YjIwMzU5Mjg5NiIsImVtYWlsIjoibG9hZHRlc3QtMDIwNkBpY2hhbmdlLnRlc3QiLCJyb2xlIjoic3R1ZGVudCIsImlhdCI6MTc3ODE5NTgyMSwiZXhwIjoxNzc4MjAzMDIxfQ.OV5VVKVow5olNKj-V4RpNfALuaLezwUrIUEPbRJ2qTY,69fd1d6de7a6b5b2035927c5,69fd1d6de7a6b5b203592896
eyJhbGciOiJIUzI1NiIsInR5cCI6IkpXVCJ9.eyJpZCI6IjY5ZmQxZDZkZTdhNmI1YjIwMzU5Mjg5NyIsImVtYWlsIjoibG9hZHRlc3QtMDIwN0BpY2hhbmdlLnRlc3QiLCJyb2xlIjoic3R1ZGVudCIsImlhdCI6MTc3ODE5NTgyMSwiZXhwIjoxNzc4MjAzMDIxfQ.uk60zcqfcKh-1ZJrysEfo_3XxdgPq_ONwG40Sq8sRl4,69fd1d6de7a6b5b2035927c5,69fd1d6de7a6b5b203592897
eyJhbGciOiJIUzI1NiIsInR5cCI6IkpXVCJ9.eyJpZCI6IjY5ZmQxZDZkZTdhNmI1YjIwMzU5Mjg5OCIsImVtYWlsIjoibG9hZHRlc3QtMDIwOEBpY2hhbmdlLnRlc3QiLCJyb2xlIjoic3R1ZGVudCIsImlhdCI6MTc3ODE5NTgyMSwiZXhwIjoxNzc4MjAzMDIxfQ.kjcCrEf_UFk9m9-uBj6SA0mbJGM5UoJ2cFSayLK3UEE,69fd1d6de7a6b5b2035927c5,69fd1d6de7a6b5b203592898
eyJhbGciOiJIUzI1NiIsInR5cCI6IkpXVCJ9.eyJpZCI6IjY5ZmQxZDZkZTdhNmI1YjIwMzU5Mjg5OSIsImVtYWlsIjoibG9hZHRlc3QtMDIwOUBpY2hhbmdlLnRlc3QiLCJyb2xlIjoic3R1ZGVudCIsImlhdCI6MTc3ODE5NTgyMSwiZXhwIjoxNzc4MjAzMDIxfQ.t2ejguk3WiolXeLaA9O05hKhz6X0YDtdca4LARS-jQ8,69fd1d6de7a6b5b2035927c5,69fd1d6de7a6b5b203592899
eyJhbGciOiJIUzI1NiIsInR5cCI6IkpXVCJ9.eyJpZCI6IjY5ZmQxZDZkZTdhNmI1YjIwMzU5Mjg5YSIsImVtYWlsIjoibG9hZHRlc3QtMDIxMEBpY2hhbmdlLnRlc3QiLCJyb2xlIjoic3R1ZGVudCIsImlhdCI6MTc3ODE5NTgyMSwiZXhwIjoxNzc4MjAzMDIxfQ.RoAEv3KnKAu-02tZp4QgrMaCnx9GPWW1KjnTFekhU6k,69fd1d6de7a6b5b2035927c5,69fd1d6de7a6b5b20359289a
eyJhbGciOiJIUzI1NiIsInR5cCI6IkpXVCJ9.eyJpZCI6IjY5ZmQxZDZkZTdhNmI1YjIwMzU5Mjg5YiIsImVtYWlsIjoibG9hZHRlc3QtMDIxMUBpY2hhbmdlLnRlc3QiLCJyb2xlIjoic3R1ZGVudCIsImlhdCI6MTc3ODE5NTgyMSwiZXhwIjoxNzc4MjAzMDIxfQ.Q-GfjTGY_l0dbeVmQ88oi8NrVY3Xw5KkdghkRTcu8L0,69fd1d6de7a6b5b2035927c5,69fd1d6de7a6b5b20359289b
eyJhbGciOiJIUzI1NiIsInR5cCI6IkpXVCJ9.eyJpZCI6IjY5ZmQxZDZkZTdhNmI1YjIwMzU5Mjg5YyIsImVtYWlsIjoibG9hZHRlc3QtMDIxMkBpY2hhbmdlLnRlc3QiLCJyb2xlIjoic3R1ZGVudCIsImlhdCI6MTc3ODE5NTgyMSwiZXhwIjoxNzc4MjAzMDIxfQ.yGHdTeUpwnuw_U-RkKwIA0C0VB4UGamGBUFF8GZB67c,69fd1d6de7a6b5b2035927c5,69fd1d6de7a6b5b20359289c
eyJhbGciOiJIUzI1NiIsInR5cCI6IkpXVCJ9.eyJpZCI6IjY5ZmQxZDZkZTdhNmI1YjIwMzU5Mjg5ZCIsImVtYWlsIjoibG9hZHRlc3QtMDIxM0BpY2hhbmdlLnRlc3QiLCJyb2xlIjoic3R1ZGVudCIsImlhdCI6MTc3ODE5NTgyMSwiZXhwIjoxNzc4MjAzMDIxfQ.hZiWDl6Ys28XVddKmJPj869O4BjTHzOwqrc3Yg_iDvQ,69fd1d6de7a6b5b2035927c5,69fd1d6de7a6b5b20359289d
eyJhbGciOiJIUzI1NiIsInR5cCI6IkpXVCJ9.eyJpZCI6IjY5ZmQxZDZkZTdhNmI1YjIwMzU5Mjg5ZSIsImVtYWlsIjoibG9hZHRlc3QtMDIxNEBpY2hhbmdlLnRlc3QiLCJyb2xlIjoic3R1ZGVudCIsImlhdCI6MTc3ODE5NTgyMSwiZXhwIjoxNzc4MjAzMDIxfQ.TYcPSQG7QdSptC5qKe8frGoIIsO3ITmu9ndXafK1Kgw,69fd1d6de7a6b5b2035927c5,69fd1d6de7a6b5b20359289e
eyJhbGciOiJIUzI1NiIsInR5cCI6IkpXVCJ9.eyJpZCI6IjY5ZmQxZDZkZTdhNmI1YjIwMzU5Mjg5ZiIsImVtYWlsIjoibG9hZHRlc3QtMDIxNUBpY2hhbmdlLnRlc3QiLCJyb2xlIjoic3R1ZGVudCIsImlhdCI6MTc3ODE5NTgyMSwiZXhwIjoxNzc4MjAzMDIxfQ.WTNXULSQbUw_wFm_8ii2woMscjZJXIoiaAHT-m_GzRA,69fd1d6de7a6b5b2035927c5,69fd1d6de7a6b5b20359289f
eyJhbGciOiJIUzI1NiIsInR5cCI6IkpXVCJ9.eyJpZCI6IjY5ZmQxZDZkZTdhNmI1YjIwMzU5MjhhMCIsImVtYWlsIjoibG9hZHRlc3QtMDIxNkBpY2hhbmdlLnRlc3QiLCJyb2xlIjoic3R1ZGVudCIsImlhdCI6MTc3ODE5NTgyMSwiZXhwIjoxNzc4MjAzMDIxfQ.lmEC7Xroc6bF9DvwOjRQFvuq2_Qp3wrdd_9JfeDEQvU,69fd1d6de7a6b5b2035927c5,69fd1d6de7a6b5b2035928a0
eyJhbGciOiJIUzI1NiIsInR5cCI6IkpXVCJ9.eyJpZCI6IjY5ZmQxZDZkZTdhNmI1YjIwMzU5MjhhMSIsImVtYWlsIjoibG9hZHRlc3QtMDIxN0BpY2hhbmdlLnRlc3QiLCJyb2xlIjoic3R1ZGVudCIsImlhdCI6MTc3ODE5NTgyMSwiZXhwIjoxNzc4MjAzMDIxfQ.Xx2zQwl6G-vzZQjEkPGHIC77Z75T2bOHnMLph3YYBNI,69fd1d6de7a6b5b2035927c5,69fd1d6de7a6b5b2035928a1
eyJhbGciOiJIUzI1NiIsInR5cCI6IkpXVCJ9.eyJpZCI6IjY5ZmQxZDZkZTdhNmI1YjIwMzU5MjhhMiIsImVtYWlsIjoibG9hZHRlc3QtMDIxOEBpY2hhbmdlLnRlc3QiLCJyb2xlIjoic3R1ZGVudCIsImlhdCI6MTc3ODE5NTgyMSwiZXhwIjoxNzc4MjAzMDIxfQ.Ud1aJOdyewdkoEhUsn4UyP6pczItMXVS2XGGMSEFITo,69fd1d6de7a6b5b2035927c5,69fd1d6de7a6b5b2035928a2
eyJhbGciOiJIUzI1NiIsInR5cCI6IkpXVCJ9.eyJpZCI6IjY5ZmQxZDZkZTdhNmI1YjIwMzU5MjhhMyIsImVtYWlsIjoibG9hZHRlc3QtMDIxOUBpY2hhbmdlLnRlc3QiLCJyb2xlIjoic3R1ZGVudCIsImlhdCI6MTc3ODE5NTgyMSwiZXhwIjoxNzc4MjAzMDIxfQ.JJuNYgHDBpzVzGiF5_5ARfhmfyW9dVjWqVaIIk6Efj4,69fd1d6de7a6b5b2035927c5,69fd1d6de7a6b5b2035928a3
eyJhbGciOiJIUzI1NiIsInR5cCI6IkpXVCJ9.eyJpZCI6IjY5ZmQxZDZkZTdhNmI1YjIwMzU5MjhhNCIsImVtYWlsIjoibG9hZHRlc3QtMDIyMEBpY2hhbmdlLnRlc3QiLCJyb2xlIjoic3R1ZGVudCIsImlhdCI6MTc3ODE5NTgyMSwiZXhwIjoxNzc4MjAzMDIxfQ.gVsoJ3CrK4Z8p1EumhQCP68eHOZ2oTc-yoD68FEghck,69fd1d6de7a6b5b2035927c5,69fd1d6de7a6b5b2035928a4
eyJhbGciOiJIUzI1NiIsInR5cCI6IkpXVCJ9.eyJpZCI6IjY5ZmQxZDZkZTdhNmI1YjIwMzU5MjhhNSIsImVtYWlsIjoibG9hZHRlc3QtMDIyMUBpY2hhbmdlLnRlc3QiLCJyb2xlIjoic3R1ZGVudCIsImlhdCI6MTc3ODE5NTgyMSwiZXhwIjoxNzc4MjAzMDIxfQ.jNBn9I-iZerdz0HjI2SGq4M7KLlFjIHa5Y1nxK1oftY,69fd1d6de7a6b5b2035927c5,69fd1d6de7a6b5b2035928a5
eyJhbGciOiJIUzI1NiIsInR5cCI6IkpXVCJ9.eyJpZCI6IjY5ZmQxZDZkZTdhNmI1YjIwMzU5MjhhNiIsImVtYWlsIjoibG9hZHRlc3QtMDIyMkBpY2hhbmdlLnRlc3QiLCJyb2xlIjoic3R1ZGVudCIsImlhdCI6MTc3ODE5NTgyMSwiZXhwIjoxNzc4MjAzMDIxfQ.dD8ZiUm7ZBLDFq86SllVI2K0gD0q9nZSHSvZ-9i9cvY,69fd1d6de7a6b5b2035927c5,69fd1d6de7a6b5b2035928a6
eyJhbGciOiJIUzI1NiIsInR5cCI6IkpXVCJ9.eyJpZCI6IjY5ZmQxZDZkZTdhNmI1YjIwMzU5MjhhNyIsImVtYWlsIjoibG9hZHRlc3QtMDIyM0BpY2hhbmdlLnRlc3QiLCJyb2xlIjoic3R1ZGVudCIsImlhdCI6MTc3ODE5NTgyMSwiZXhwIjoxNzc4MjAzMDIxfQ.aa8iR1SGInNgsCj7IHjya00c37TV-UVJ5wtybzoSEEw,69fd1d6de7a6b5b2035927c5,69fd1d6de7a6b5b2035928a7
eyJhbGciOiJIUzI1NiIsInR5cCI6IkpXVCJ9.eyJpZCI6IjY5ZmQxZDZkZTdhNmI1YjIwMzU5MjhhOCIsImVtYWlsIjoibG9hZHRlc3QtMDIyNEBpY2hhbmdlLnRlc3QiLCJyb2xlIjoic3R1ZGVudCIsImlhdCI6MTc3ODE5NTgyMSwiZXhwIjoxNzc4MjAzMDIxfQ.pt_RpG_IcAQstkk0LE1z-Zc1Izor2AFxWqvApKga8c4,69fd1d6de7a6b5b2035927c5,69fd1d6de7a6b5b2035928a8
eyJhbGciOiJIUzI1NiIsInR5cCI6IkpXVCJ9.eyJpZCI6IjY5ZmQxZDZkZTdhNmI1YjIwMzU5MjhhOSIsImVtYWlsIjoibG9hZHRlc3QtMDIyNUBpY2hhbmdlLnRlc3QiLCJyb2xlIjoic3R1ZGVudCIsImlhdCI6MTc3ODE5NTgyMiwiZXhwIjoxNzc4MjAzMDIyfQ.3AhqUvOzTEZDDf6h2QCzyay-C0ZVNJlspGa2ngiUBXE,69fd1d6de7a6b5b2035927c5,69fd1d6de7a6b5b2035928a9
eyJhbGciOiJIUzI1NiIsInR5cCI6IkpXVCJ9.eyJpZCI6IjY5ZmQxZDZkZTdhNmI1YjIwMzU5MjhhYSIsImVtYWlsIjoibG9hZHRlc3QtMDIyNkBpY2hhbmdlLnRlc3QiLCJyb2xlIjoic3R1ZGVudCIsImlhdCI6MTc3ODE5NTgyMiwiZXhwIjoxNzc4MjAzMDIyfQ.F2X6-hU_HsE0pNMYRDMtUEmcqEIT4cfFnLTa7HlanJM,69fd1d6de7a6b5b2035927c5,69fd1d6de7a6b5b2035928aa
eyJhbGciOiJIUzI1NiIsInR5cCI6IkpXVCJ9.eyJpZCI6IjY5ZmQxZDZkZTdhNmI1YjIwMzU5MjhhYiIsImVtYWlsIjoibG9hZHRlc3QtMDIyN0BpY2hhbmdlLnRlc3QiLCJyb2xlIjoic3R1ZGVudCIsImlhdCI6MTc3ODE5NTgyMiwiZXhwIjoxNzc4MjAzMDIyfQ.LK3cpy7um5Vqe9j7S6aq4hsQBT2gcyJVGjtED7x99ZI,69fd1d6de7a6b5b2035927c5,69fd1d6de7a6b5b2035928ab
eyJhbGciOiJIUzI1NiIsInR5cCI6IkpXVCJ9.eyJpZCI6IjY5ZmQxZDZkZTdhNmI1YjIwMzU5MjhhYyIsImVtYWlsIjoibG9hZHRlc3QtMDIyOEBpY2hhbmdlLnRlc3QiLCJyb2xlIjoic3R1ZGVudCIsImlhdCI6MTc3ODE5NTgyMiwiZXhwIjoxNzc4MjAzMDIyfQ.4-tEuKB0GIGWXHA0yB4lRv4RAHc7_FcKOTvzcg0XhTo,69fd1d6de7a6b5b2035927c5,69fd1d6de7a6b5b2035928ac
eyJhbGciOiJIUzI1NiIsInR5cCI6IkpXVCJ9.eyJpZCI6IjY5ZmQxZDZkZTdhNmI1YjIwMzU5MjhhZCIsImVtYWlsIjoibG9hZHRlc3QtMDIyOUBpY2hhbmdlLnRlc3QiLCJyb2xlIjoic3R1ZGVudCIsImlhdCI6MTc3ODE5NTgyMiwiZXhwIjoxNzc4MjAzMDIyfQ.pxFwYrJ2Yg7TvihoyDpeFkmanmP6F19vNfZoDAYak4g,69fd1d6de7a6b5b2035927c5,69fd1d6de7a6b5b2035928ad
eyJhbGciOiJIUzI1NiIsInR5cCI6IkpXVCJ9.eyJpZCI6IjY5ZmQxZDZkZTdhNmI1YjIwMzU5MjhhZSIsImVtYWlsIjoibG9hZHRlc3QtMDIzMEBpY2hhbmdlLnRlc3QiLCJyb2xlIjoic3R1ZGVudCIsImlhdCI6MTc3ODE5NTgyMiwiZXhwIjoxNzc4MjAzMDIyfQ.lXJPJsxFmCTJIu9NoG7aE71X8DpCeWszTxLhQJq-g2w,69fd1d6de7a6b5b2035927c5,69fd1d6de7a6b5b2035928ae
eyJhbGciOiJIUzI1NiIsInR5cCI6IkpXVCJ9.eyJpZCI6IjY5ZmQxZDZkZTdhNmI1YjIwMzU5MjhhZiIsImVtYWlsIjoibG9hZHRlc3QtMDIzMUBpY2hhbmdlLnRlc3QiLCJyb2xlIjoic3R1ZGVudCIsImlhdCI6MTc3ODE5NTgyMiwiZXhwIjoxNzc4MjAzMDIyfQ.wyCB7uikU3b-mX0cDo9z5y68Aa3YqeYQ7QGDa5_pCAs,69fd1d6de7a6b5b2035927c5,69fd1d6de7a6b5b2035928af
eyJhbGciOiJIUzI1NiIsInR5cCI6IkpXVCJ9.eyJpZCI6IjY5ZmQxZDZkZTdhNmI1YjIwMzU5MjhiMCIsImVtYWlsIjoibG9hZHRlc3QtMDIzMkBpY2hhbmdlLnRlc3QiLCJyb2xlIjoic3R1ZGVudCIsImlhdCI6MTc3ODE5NTgyMiwiZXhwIjoxNzc4MjAzMDIyfQ.YhZgqITr4ugkWCetvExARRf-AdmLxAe1EjFVEz81Mfw,69fd1d6de7a6b5b2035927c5,69fd1d6de7a6b5b2035928b0
eyJhbGciOiJIUzI1NiIsInR5cCI6IkpXVCJ9.eyJpZCI6IjY5ZmQxZDZkZTdhNmI1YjIwMzU5MjhiMSIsImVtYWlsIjoibG9hZHRlc3QtMDIzM0BpY2hhbmdlLnRlc3QiLCJyb2xlIjoic3R1ZGVudCIsImlhdCI6MTc3ODE5NTgyMiwiZXhwIjoxNzc4MjAzMDIyfQ.DWOEhNw_stT4GwzvPe2tUky5wVW4h2rfCYrhtbBVUno,69fd1d6de7a6b5b2035927c5,69fd1d6de7a6b5b2035928b1
eyJhbGciOiJIUzI1NiIsInR5cCI6IkpXVCJ9.eyJpZCI6IjY5ZmQxZDZkZTdhNmI1YjIwMzU5MjhiMiIsImVtYWlsIjoibG9hZHRlc3QtMDIzNEBpY2hhbmdlLnRlc3QiLCJyb2xlIjoic3R1ZGVudCIsImlhdCI6MTc3ODE5NTgyMiwiZXhwIjoxNzc4MjAzMDIyfQ.QDPQJjaKyGPLmkEc8nQZtZguEz-AVkH-YGhX_h-3rj4,69fd1d6de7a6b5b2035927c5,69fd1d6de7a6b5b2035928b2
eyJhbGciOiJIUzI1NiIsInR5cCI6IkpXVCJ9.eyJpZCI6IjY5ZmQxZDZkZTdhNmI1YjIwMzU5MjhiMyIsImVtYWlsIjoibG9hZHRlc3QtMDIzNUBpY2hhbmdlLnRlc3QiLCJyb2xlIjoic3R1ZGVudCIsImlhdCI6MTc3ODE5NTgyMiwiZXhwIjoxNzc4MjAzMDIyfQ.1h_xrTn0p76eHQrWnFgojuXSX4njjqsu4r-wrBn7oM8,69fd1d6de7a6b5b2035927c5,69fd1d6de7a6b5b2035928b3
eyJhbGciOiJIUzI1NiIsInR5cCI6IkpXVCJ9.eyJpZCI6IjY5ZmQxZDZkZTdhNmI1YjIwMzU5MjhiNCIsImVtYWlsIjoibG9hZHRlc3QtMDIzNkBpY2hhbmdlLnRlc3QiLCJyb2xlIjoic3R1ZGVudCIsImlhdCI6MTc3ODE5NTgyMiwiZXhwIjoxNzc4MjAzMDIyfQ.2tzuBEM6HkiocNNcnGSJCw7aPzjY8vcw6OzIQU4StTs,69fd1d6de7a6b5b2035927c5,69fd1d6de7a6b5b2035928b4
eyJhbGciOiJIUzI1NiIsInR5cCI6IkpXVCJ9.eyJpZCI6IjY5ZmQxZDZkZTdhNmI1YjIwMzU5MjhiNSIsImVtYWlsIjoibG9hZHRlc3QtMDIzN0BpY2hhbmdlLnRlc3QiLCJyb2xlIjoic3R1ZGVudCIsImlhdCI6MTc3ODE5NTgyMiwiZXhwIjoxNzc4MjAzMDIyfQ.6XQ9hqv0aFlrGIuQX2zGDXWJFohDzQnpawj77Clrqpo,69fd1d6de7a6b5b2035927c5,69fd1d6de7a6b5b2035928b5
eyJhbGciOiJIUzI1NiIsInR5cCI6IkpXVCJ9.eyJpZCI6IjY5ZmQxZDZkZTdhNmI1YjIwMzU5MjhiNiIsImVtYWlsIjoibG9hZHRlc3QtMDIzOEBpY2hhbmdlLnRlc3QiLCJyb2xlIjoic3R1ZGVudCIsImlhdCI6MTc3ODE5NTgyMiwiZXhwIjoxNzc4MjAzMDIyfQ.-dqAhVvdpynDbNx2bAAbE4YXIZ6ve12UuUuc6CA9MOE,69fd1d6de7a6b5b2035927c5,69fd1d6de7a6b5b2035928b6
eyJhbGciOiJIUzI1NiIsInR5cCI6IkpXVCJ9.eyJpZCI6IjY5ZmQxZDZkZTdhNmI1YjIwMzU5MjhiNyIsImVtYWlsIjoibG9hZHRlc3QtMDIzOUBpY2hhbmdlLnRlc3QiLCJyb2xlIjoic3R1ZGVudCIsImlhdCI6MTc3ODE5NTgyMiwiZXhwIjoxNzc4MjAzMDIyfQ.cx_k5BoWQMdgCDfJnSz9m5RzItBvIEeqMTsq-8wfx5U,69fd1d6de7a6b5b2035927c5,69fd1d6de7a6b5b2035928b7
eyJhbGciOiJIUzI1NiIsInR5cCI6IkpXVCJ9.eyJpZCI6IjY5ZmQxZDZkZTdhNmI1YjIwMzU5MjhiOCIsImVtYWlsIjoibG9hZHRlc3QtMDI0MEBpY2hhbmdlLnRlc3QiLCJyb2xlIjoic3R1ZGVudCIsImlhdCI6MTc3ODE5NTgyMiwiZXhwIjoxNzc4MjAzMDIyfQ.qfAMHdI745PurczLRDHOLt4KZz0y0sPqf4I-gxLSavs,69fd1d6de7a6b5b2035927c5,69fd1d6de7a6b5b2035928b8
eyJhbGciOiJIUzI1NiIsInR5cCI6IkpXVCJ9.eyJpZCI6IjY5ZmQxZDZkZTdhNmI1YjIwMzU5MjhiOSIsImVtYWlsIjoibG9hZHRlc3QtMDI0MUBpY2hhbmdlLnRlc3QiLCJyb2xlIjoic3R1ZGVudCIsImlhdCI6MTc3ODE5NTgyMiwiZXhwIjoxNzc4MjAzMDIyfQ.N3QuJdhrBkhlFr1EoBq7xkQ9CIfyH3m8lrafPGbmyg4,69fd1d6de7a6b5b2035927c5,69fd1d6de7a6b5b2035928b9
eyJhbGciOiJIUzI1NiIsInR5cCI6IkpXVCJ9.eyJpZCI6IjY5ZmQxZDZkZTdhNmI1YjIwMzU5MjhiYSIsImVtYWlsIjoibG9hZHRlc3QtMDI0MkBpY2hhbmdlLnRlc3QiLCJyb2xlIjoic3R1ZGVudCIsImlhdCI6MTc3ODE5NTgyMiwiZXhwIjoxNzc4MjAzMDIyfQ.xrKUdz4ruSyBPV1mv9Uv1mK8-5Zgm7rC_evfDF3bhuY,69fd1d6de7a6b5b2035927c5,69fd1d6de7a6b5b2035928ba
eyJhbGciOiJIUzI1NiIsInR5cCI6IkpXVCJ9.eyJpZCI6IjY5ZmQxZDZkZTdhNmI1YjIwMzU5MjhiYiIsImVtYWlsIjoibG9hZHRlc3QtMDI0M0BpY2hhbmdlLnRlc3QiLCJyb2xlIjoic3R1ZGVudCIsImlhdCI6MTc3ODE5NTgyMiwiZXhwIjoxNzc4MjAzMDIyfQ.ZSN8hKq1dKSSjTbq1jEJJGrRcAoTY6ozCv2VLW7QCOY,69fd1d6de7a6b5b2035927c5,69fd1d6de7a6b5b2035928bb
eyJhbGciOiJIUzI1NiIsInR5cCI6IkpXVCJ9.eyJpZCI6IjY5ZmQxZDZkZTdhNmI1YjIwMzU5MjhiYyIsImVtYWlsIjoibG9hZHRlc3QtMDI0NEBpY2hhbmdlLnRlc3QiLCJyb2xlIjoic3R1ZGVudCIsImlhdCI6MTc3ODE5NTgyMiwiZXhwIjoxNzc4MjAzMDIyfQ.P92D_aSFlokSu3oYBT1XYnpAMhDrUckGf4wl_raF4qs,69fd1d6de7a6b5b2035927c5,69fd1d6de7a6b5b2035928bc
eyJhbGciOiJIUzI1NiIsInR5cCI6IkpXVCJ9.eyJpZCI6IjY5ZmQxZDZkZTdhNmI1YjIwMzU5MjhiZCIsImVtYWlsIjoibG9hZHRlc3QtMDI0NUBpY2hhbmdlLnRlc3QiLCJyb2xlIjoic3R1ZGVudCIsImlhdCI6MTc3ODE5NTgyMiwiZXhwIjoxNzc4MjAzMDIyfQ.DPUMowFEyeUoNmySBmd54GTnv4ywr-wk9jUk-NdJ2xs,69fd1d6de7a6b5b2035927c5,69fd1d6de7a6b5b2035928bd
eyJhbGciOiJIUzI1NiIsInR5cCI6IkpXVCJ9.eyJpZCI6IjY5ZmQxZDZkZTdhNmI1YjIwMzU5MjhiZSIsImVtYWlsIjoibG9hZHRlc3QtMDI0NkBpY2hhbmdlLnRlc3QiLCJyb2xlIjoic3R1ZGVudCIsImlhdCI6MTc3ODE5NTgyMiwiZXhwIjoxNzc4MjAzMDIyfQ.n07NdrMYuyFHHDz0KqCvnA-Urcnr3v0EsjeKRgHt-YA,69fd1d6de7a6b5b2035927c5,69fd1d6de7a6b5b2035928be
eyJhbGciOiJIUzI1NiIsInR5cCI6IkpXVCJ9.eyJpZCI6IjY5ZmQxZDZkZTdhNmI1YjIwMzU5MjhiZiIsImVtYWlsIjoibG9hZHRlc3QtMDI0N0BpY2hhbmdlLnRlc3QiLCJyb2xlIjoic3R1ZGVudCIsImlhdCI6MTc3ODE5NTgyMiwiZXhwIjoxNzc4MjAzMDIyfQ.gohM4IGbS4NoMs2fQtqDgirWwC2ddD0MgxOZiDd81jQ,69fd1d6de7a6b5b2035927c5,69fd1d6de7a6b5b2035928bf
eyJhbGciOiJIUzI1NiIsInR5cCI6IkpXVCJ9.eyJpZCI6IjY5ZmQxZDZkZTdhNmI1YjIwMzU5MjhjMCIsImVtYWlsIjoibG9hZHRlc3QtMDI0OEBpY2hhbmdlLnRlc3QiLCJyb2xlIjoic3R1ZGVudCIsImlhdCI6MTc3ODE5NTgyMiwiZXhwIjoxNzc4MjAzMDIyfQ.WND3cRF-wDmG7TnnQgyv57TmB7fNsWhWueoVrmt1cpU,69fd1d6de7a6b5b2035927c5,69fd1d6de7a6b5b2035928c0
eyJhbGciOiJIUzI1NiIsInR5cCI6IkpXVCJ9.eyJpZCI6IjY5ZmQxZDZkZTdhNmI1YjIwMzU5MjhjMSIsImVtYWlsIjoibG9hZHRlc3QtMDI0OUBpY2hhbmdlLnRlc3QiLCJyb2xlIjoic3R1ZGVudCIsImlhdCI6MTc3ODE5NTgyMiwiZXhwIjoxNzc4MjAzMDIyfQ.Fyr3OrX14vZgaJ6efiQTzFllsURiOKGQdIG8PUAtle8,69fd1d6de7a6b5b2035927c5,69fd1d6de7a6b5b2035928c1
eyJhbGciOiJIUzI1NiIsInR5cCI6IkpXVCJ9.eyJpZCI6IjY5ZmQxZDZkZTdhNmI1YjIwMzU5MjhjMiIsImVtYWlsIjoibG9hZHRlc3QtMDI1MEBpY2hhbmdlLnRlc3QiLCJyb2xlIjoic3R1ZGVudCIsImlhdCI6MTc3ODE5NTgyMiwiZXhwIjoxNzc4MjAzMDIyfQ.gzDsvXuk285ecCkSNNzdjtTJrikFD9hK-hShFz-Y1O4,69fd1d6de7a6b5b2035927c5,69fd1d6de7a6b5b2035928c2
eyJhbGciOiJIUzI1NiIsInR5cCI6IkpXVCJ9.eyJpZCI6IjY5ZmQxZDZkZTdhNmI1YjIwMzU5MjhjMyIsImVtYWlsIjoibG9hZHRlc3QtMDI1MUBpY2hhbmdlLnRlc3QiLCJyb2xlIjoic3R1ZGVudCIsImlhdCI6MTc3ODE5NTgyMiwiZXhwIjoxNzc4MjAzMDIyfQ.sSsiWYmp74FVWFOM6rX-SbttrxcW8TTcSZKMROs4Trk,69fd1d6de7a6b5b2035927c5,69fd1d6de7a6b5b2035928c3
eyJhbGciOiJIUzI1NiIsInR5cCI6IkpXVCJ9.eyJpZCI6IjY5ZmQxZDZkZTdhNmI1YjIwMzU5MjhjNCIsImVtYWlsIjoibG9hZHRlc3QtMDI1MkBpY2hhbmdlLnRlc3QiLCJyb2xlIjoic3R1ZGVudCIsImlhdCI6MTc3ODE5NTgyMiwiZXhwIjoxNzc4MjAzMDIyfQ.ZEqGcrin5CavhhK3rtS1WcKHqzOku5qNzIeiThEjSCc,69fd1d6de7a6b5b2035927c5,69fd1d6de7a6b5b2035928c4
eyJhbGciOiJIUzI1NiIsInR5cCI6IkpXVCJ9.eyJpZCI6IjY5ZmQxZDZkZTdhNmI1YjIwMzU5MjhjNSIsImVtYWlsIjoibG9hZHRlc3QtMDI1M0BpY2hhbmdlLnRlc3QiLCJyb2xlIjoic3R1ZGVudCIsImlhdCI6MTc3ODE5NTgyMiwiZXhwIjoxNzc4MjAzMDIyfQ.wIxbqTMsWD5QhK5LGhbbRQfEcAY_P-tMtNc23Iigwqo,69fd1d6de7a6b5b2035927c5,69fd1d6de7a6b5b2035928c5
eyJhbGciOiJIUzI1NiIsInR5cCI6IkpXVCJ9.eyJpZCI6IjY5ZmQxZDZkZTdhNmI1YjIwMzU5MjhjNiIsImVtYWlsIjoibG9hZHRlc3QtMDI1NEBpY2hhbmdlLnRlc3QiLCJyb2xlIjoic3R1ZGVudCIsImlhdCI6MTc3ODE5NTgyMiwiZXhwIjoxNzc4MjAzMDIyfQ.1wC676m8-iyF8-a6ehNlDZuGe0Ka4q-JugNAieKsOx4,69fd1d6de7a6b5b2035927c5,69fd1d6de7a6b5b2035928c6
eyJhbGciOiJIUzI1NiIsInR5cCI6IkpXVCJ9.eyJpZCI6IjY5ZmQxZDZkZTdhNmI1YjIwMzU5MjhjNyIsImVtYWlsIjoibG9hZHRlc3QtMDI1NUBpY2hhbmdlLnRlc3QiLCJyb2xlIjoic3R1ZGVudCIsImlhdCI6MTc3ODE5NTgyMiwiZXhwIjoxNzc4MjAzMDIyfQ.mjOwoHnXW-84q7t6ZIMDhF8PRUYNF7ZZfKkK2lXScmQ,69fd1d6de7a6b5b2035927c5,69fd1d6de7a6b5b2035928c7
eyJhbGciOiJIUzI1NiIsInR5cCI6IkpXVCJ9.eyJpZCI6IjY5ZmQxZDZkZTdhNmI1YjIwMzU5MjhjOCIsImVtYWlsIjoibG9hZHRlc3QtMDI1NkBpY2hhbmdlLnRlc3QiLCJyb2xlIjoic3R1ZGVudCIsImlhdCI6MTc3ODE5NTgyMiwiZXhwIjoxNzc4MjAzMDIyfQ.EW0k9UxyCdTY9_FPSNpoHL2Wg8jV-Q1l908l9mytivY,69fd1d6de7a6b5b2035927c5,69fd1d6de7a6b5b2035928c8
eyJhbGciOiJIUzI1NiIsInR5cCI6IkpXVCJ9.eyJpZCI6IjY5ZmQxZDZkZTdhNmI1YjIwMzU5MjhjOSIsImVtYWlsIjoibG9hZHRlc3QtMDI1N0BpY2hhbmdlLnRlc3QiLCJyb2xlIjoic3R1ZGVudCIsImlhdCI6MTc3ODE5NTgyMiwiZXhwIjoxNzc4MjAzMDIyfQ.XzKuAA0aM1D5gaIEJCF3BJruWkfxfJtp9u8KytdLFvE,69fd1d6de7a6b5b2035927c5,69fd1d6de7a6b5b2035928c9
eyJhbGciOiJIUzI1NiIsInR5cCI6IkpXVCJ9.eyJpZCI6IjY5ZmQxZDZkZTdhNmI1YjIwMzU5MjhjYSIsImVtYWlsIjoibG9hZHRlc3QtMDI1OEBpY2hhbmdlLnRlc3QiLCJyb2xlIjoic3R1ZGVudCIsImlhdCI6MTc3ODE5NTgyMiwiZXhwIjoxNzc4MjAzMDIyfQ.s1e-uBuGNXDJ4mYAWT_mtSh8fSKaCc2nwZLbZLfZNuU,69fd1d6de7a6b5b2035927c5,69fd1d6de7a6b5b2035928ca
eyJhbGciOiJIUzI1NiIsInR5cCI6IkpXVCJ9.eyJpZCI6IjY5ZmQxZDZkZTdhNmI1YjIwMzU5MjhjYiIsImVtYWlsIjoibG9hZHRlc3QtMDI1OUBpY2hhbmdlLnRlc3QiLCJyb2xlIjoic3R1ZGVudCIsImlhdCI6MTc3ODE5NTgyMiwiZXhwIjoxNzc4MjAzMDIyfQ.es7CrPQk7oDJypYYxXaOA-hb0r3HfRIVbrZ2ipx01oc,69fd1d6de7a6b5b2035927c5,69fd1d6de7a6b5b2035928cb
eyJhbGciOiJIUzI1NiIsInR5cCI6IkpXVCJ9.eyJpZCI6IjY5ZmQxZDZkZTdhNmI1YjIwMzU5MjhjYyIsImVtYWlsIjoibG9hZHRlc3QtMDI2MEBpY2hhbmdlLnRlc3QiLCJyb2xlIjoic3R1ZGVudCIsImlhdCI6MTc3ODE5NTgyMiwiZXhwIjoxNzc4MjAzMDIyfQ.9q00Nwe2UHvHMMX4DsUwv2B_-Ww4pu1UMfXW9tFQkJI,69fd1d6de7a6b5b2035927c5,69fd1d6de7a6b5b2035928cc
eyJhbGciOiJIUzI1NiIsInR5cCI6IkpXVCJ9.eyJpZCI6IjY5ZmQxZDZkZTdhNmI1YjIwMzU5MjhjZCIsImVtYWlsIjoibG9hZHRlc3QtMDI2MUBpY2hhbmdlLnRlc3QiLCJyb2xlIjoic3R1ZGVudCIsImlhdCI6MTc3ODE5NTgyMiwiZXhwIjoxNzc4MjAzMDIyfQ.2GM5EVvXBmXDxFKVv__hCJfotUsuBHebcWOiOaPyNgw,69fd1d6de7a6b5b2035927c5,69fd1d6de7a6b5b2035928cd
eyJhbGciOiJIUzI1NiIsInR5cCI6IkpXVCJ9.eyJpZCI6IjY5ZmQxZDZkZTdhNmI1YjIwMzU5MjhjZSIsImVtYWlsIjoibG9hZHRlc3QtMDI2MkBpY2hhbmdlLnRlc3QiLCJyb2xlIjoic3R1ZGVudCIsImlhdCI6MTc3ODE5NTgyMiwiZXhwIjoxNzc4MjAzMDIyfQ.-U_1amwAG1yJ1-gq_7BecCrES11RdeUC1bN5FGX1fdI,69fd1d6de7a6b5b2035927c5,69fd1d6de7a6b5b2035928ce
eyJhbGciOiJIUzI1NiIsInR5cCI6IkpXVCJ9.eyJpZCI6IjY5ZmQxZDZkZTdhNmI1YjIwMzU5MjhjZiIsImVtYWlsIjoibG9hZHRlc3QtMDI2M0BpY2hhbmdlLnRlc3QiLCJyb2xlIjoic3R1ZGVudCIsImlhdCI6MTc3ODE5NTgyMiwiZXhwIjoxNzc4MjAzMDIyfQ.Rwf3EevVyJrmzo-c1a-YUFQN_QXg-0ZqrPIe8UL31q8,69fd1d6de7a6b5b2035927c5,69fd1d6de7a6b5b2035928cf
eyJhbGciOiJIUzI1NiIsInR5cCI6IkpXVCJ9.eyJpZCI6IjY5ZmQxZDZkZTdhNmI1YjIwMzU5MjhkMCIsImVtYWlsIjoibG9hZHRlc3QtMDI2NEBpY2hhbmdlLnRlc3QiLCJyb2xlIjoic3R1ZGVudCIsImlhdCI6MTc3ODE5NTgyMiwiZXhwIjoxNzc4MjAzMDIyfQ.1tSDwKUsQeW0sJF1fZWKahOjkpWdKFS0PUiy0TE9mew,69fd1d6de7a6b5b2035927c5,69fd1d6de7a6b5b2035928d0
eyJhbGciOiJIUzI1NiIsInR5cCI6IkpXVCJ9.eyJpZCI6IjY5ZmQxZDZkZTdhNmI1YjIwMzU5MjhkMSIsImVtYWlsIjoibG9hZHRlc3QtMDI2NUBpY2hhbmdlLnRlc3QiLCJyb2xlIjoic3R1ZGVudCIsImlhdCI6MTc3ODE5NTgyMiwiZXhwIjoxNzc4MjAzMDIyfQ.tUtoQMTsEi07aGREh2nYMDxr5nzqYBQhYqp2aT4WnT8,69fd1d6de7a6b5b2035927c5,69fd1d6de7a6b5b2035928d1
eyJhbGciOiJIUzI1NiIsInR5cCI6IkpXVCJ9.eyJpZCI6IjY5ZmQxZDZkZTdhNmI1YjIwMzU5MjhkMiIsImVtYWlsIjoibG9hZHRlc3QtMDI2NkBpY2hhbmdlLnRlc3QiLCJyb2xlIjoic3R1ZGVudCIsImlhdCI6MTc3ODE5NTgyMiwiZXhwIjoxNzc4MjAzMDIyfQ.TReRUtQCbGm1fzc6ksucPrXqi6z4FGpjQ_WnPQAkCrg,69fd1d6de7a6b5b2035927c5,69fd1d6de7a6b5b2035928d2
eyJhbGciOiJIUzI1NiIsInR5cCI6IkpXVCJ9.eyJpZCI6IjY5ZmQxZDZkZTdhNmI1YjIwMzU5MjhkMyIsImVtYWlsIjoibG9hZHRlc3QtMDI2N0BpY2hhbmdlLnRlc3QiLCJyb2xlIjoic3R1ZGVudCIsImlhdCI6MTc3ODE5NTgyMiwiZXhwIjoxNzc4MjAzMDIyfQ.10nIIKNzf_KBtXuUSse-xbPuUYb-Mk4pp5dVtCTzRVw,69fd1d6de7a6b5b2035927c5,69fd1d6de7a6b5b2035928d3
eyJhbGciOiJIUzI1NiIsInR5cCI6IkpXVCJ9.eyJpZCI6IjY5ZmQxZDZkZTdhNmI1YjIwMzU5MjhkNCIsImVtYWlsIjoibG9hZHRlc3QtMDI2OEBpY2hhbmdlLnRlc3QiLCJyb2xlIjoic3R1ZGVudCIsImlhdCI6MTc3ODE5NTgyMiwiZXhwIjoxNzc4MjAzMDIyfQ.Y2-LxU4Wvp0dkGIWWY3N_iG1iVLMsLwOhqPtfq2q1_U,69fd1d6de7a6b5b2035927c5,69fd1d6de7a6b5b2035928d4
eyJhbGciOiJIUzI1NiIsInR5cCI6IkpXVCJ9.eyJpZCI6IjY5ZmQxZDZkZTdhNmI1YjIwMzU5MjhkNSIsImVtYWlsIjoibG9hZHRlc3QtMDI2OUBpY2hhbmdlLnRlc3QiLCJyb2xlIjoic3R1ZGVudCIsImlhdCI6MTc3ODE5NTgyMiwiZXhwIjoxNzc4MjAzMDIyfQ.C9twVhQydj5i4butsRbXcTLq4rlcAPjwBW782ZvAezM,69fd1d6de7a6b5b2035927c5,69fd1d6de7a6b5b2035928d5
eyJhbGciOiJIUzI1NiIsInR5cCI6IkpXVCJ9.eyJpZCI6IjY5ZmQxZDZkZTdhNmI1YjIwMzU5MjhkNiIsImVtYWlsIjoibG9hZHRlc3QtMDI3MEBpY2hhbmdlLnRlc3QiLCJyb2xlIjoic3R1ZGVudCIsImlhdCI6MTc3ODE5NTgyMiwiZXhwIjoxNzc4MjAzMDIyfQ.Pa1Mc7cHBEKvRT18XC9yFcUWX1uMRQfAdbf10IucPp8,69fd1d6de7a6b5b2035927c5,69fd1d6de7a6b5b2035928d6
eyJhbGciOiJIUzI1NiIsInR5cCI6IkpXVCJ9.eyJpZCI6IjY5ZmQxZDZkZTdhNmI1YjIwMzU5MjhkNyIsImVtYWlsIjoibG9hZHRlc3QtMDI3MUBpY2hhbmdlLnRlc3QiLCJyb2xlIjoic3R1ZGVudCIsImlhdCI6MTc3ODE5NTgyMiwiZXhwIjoxNzc4MjAzMDIyfQ.XnJrmxDRwypAEIofjR46Jr8yeYepX-y-ZVlcMz8eyeI,69fd1d6de7a6b5b2035927c5,69fd1d6de7a6b5b2035928d7
eyJhbGciOiJIUzI1NiIsInR5cCI6IkpXVCJ9.eyJpZCI6IjY5ZmQxZDZkZTdhNmI1YjIwMzU5MjhkOCIsImVtYWlsIjoibG9hZHRlc3QtMDI3MkBpY2hhbmdlLnRlc3QiLCJyb2xlIjoic3R1ZGVudCIsImlhdCI6MTc3ODE5NTgyMiwiZXhwIjoxNzc4MjAzMDIyfQ._e5wNd_-V9KBOA0pHJ2l4MYbxO7tzD5aUmvTo6hPZug,69fd1d6de7a6b5b2035927c5,69fd1d6de7a6b5b2035928d8
eyJhbGciOiJIUzI1NiIsInR5cCI6IkpXVCJ9.eyJpZCI6IjY5ZmQxZDZkZTdhNmI1YjIwMzU5MjhkOSIsImVtYWlsIjoibG9hZHRlc3QtMDI3M0BpY2hhbmdlLnRlc3QiLCJyb2xlIjoic3R1ZGVudCIsImlhdCI6MTc3ODE5NTgyMiwiZXhwIjoxNzc4MjAzMDIyfQ._Pbq3xIsFoYTosqWONr1SF6TtoZA6tHZx5foeukDYPw,69fd1d6de7a6b5b2035927c5,69fd1d6de7a6b5b2035928d9
eyJhbGciOiJIUzI1NiIsInR5cCI6IkpXVCJ9.eyJpZCI6IjY5ZmQxZDZkZTdhNmI1YjIwMzU5MjhkYSIsImVtYWlsIjoibG9hZHRlc3QtMDI3NEBpY2hhbmdlLnRlc3QiLCJyb2xlIjoic3R1ZGVudCIsImlhdCI6MTc3ODE5NTgyMiwiZXhwIjoxNzc4MjAzMDIyfQ.E01JtKKyw8D__O-sOPBAKMBHA0IogBmDad_FWFGp-4Y,69fd1d6de7a6b5b2035927c5,69fd1d6de7a6b5b2035928da
eyJhbGciOiJIUzI1NiIsInR5cCI6IkpXVCJ9.eyJpZCI6IjY5ZmQxZDZkZTdhNmI1YjIwMzU5MjhkYiIsImVtYWlsIjoibG9hZHRlc3QtMDI3NUBpY2hhbmdlLnRlc3QiLCJyb2xlIjoic3R1ZGVudCIsImlhdCI6MTc3ODE5NTgyMiwiZXhwIjoxNzc4MjAzMDIyfQ.d1tf6-SzddQXGfDpCrwnXqtEkzy_amDqydK55gWMgAs,69fd1d6de7a6b5b2035927c5,69fd1d6de7a6b5b2035928db
eyJhbGciOiJIUzI1NiIsInR5cCI6IkpXVCJ9.eyJpZCI6IjY5ZmQxZDZkZTdhNmI1YjIwMzU5MjhkYyIsImVtYWlsIjoibG9hZHRlc3QtMDI3NkBpY2hhbmdlLnRlc3QiLCJyb2xlIjoic3R1ZGVudCIsImlhdCI6MTc3ODE5NTgyMiwiZXhwIjoxNzc4MjAzMDIyfQ.phVdDD9QRj01ABg_d4qPcrMv4dqYg5yZFHQFk4gEC7s,69fd1d6de7a6b5b2035927c5,69fd1d6de7a6b5b2035928dc
eyJhbGciOiJIUzI1NiIsInR5cCI6IkpXVCJ9.eyJpZCI6IjY5ZmQxZDZkZTdhNmI1YjIwMzU5MjhkZCIsImVtYWlsIjoibG9hZHRlc3QtMDI3N0BpY2hhbmdlLnRlc3QiLCJyb2xlIjoic3R1ZGVudCIsImlhdCI6MTc3ODE5NTgyMiwiZXhwIjoxNzc4MjAzMDIyfQ.Lhr1Eu5f5eVpUksjnNI9A2TBGZMxzGlKXqUG2IJQiH0,69fd1d6de7a6b5b2035927c5,69fd1d6de7a6b5b2035928dd
eyJhbGciOiJIUzI1NiIsInR5cCI6IkpXVCJ9.eyJpZCI6IjY5ZmQxZDZkZTdhNmI1YjIwMzU5MjhkZSIsImVtYWlsIjoibG9hZHRlc3QtMDI3OEBpY2hhbmdlLnRlc3QiLCJyb2xlIjoic3R1ZGVudCIsImlhdCI6MTc3ODE5NTgyMiwiZXhwIjoxNzc4MjAzMDIyfQ.XT913WO_fBFRDJ21rHBFxTybxgn7RaU9qh-hSvDe_tk,69fd1d6de7a6b5b2035927c5,69fd1d6de7a6b5b2035928de
eyJhbGciOiJIUzI1NiIsInR5cCI6IkpXVCJ9.eyJpZCI6IjY5ZmQxZDZkZTdhNmI1YjIwMzU5MjhkZiIsImVtYWlsIjoibG9hZHRlc3QtMDI3OUBpY2hhbmdlLnRlc3QiLCJyb2xlIjoic3R1ZGVudCIsImlhdCI6MTc3ODE5NTgyMiwiZXhwIjoxNzc4MjAzMDIyfQ.mum7eR-jxR-Gtle3JpqtTuuZ8leUOuvyRg83Ls0Erp0,69fd1d6de7a6b5b2035927c5,69fd1d6de7a6b5b2035928df
eyJhbGciOiJIUzI1NiIsInR5cCI6IkpXVCJ9.eyJpZCI6IjY5ZmQxZDZkZTdhNmI1YjIwMzU5MjhlMCIsImVtYWlsIjoibG9hZHRlc3QtMDI4MEBpY2hhbmdlLnRlc3QiLCJyb2xlIjoic3R1ZGVudCIsImlhdCI6MTc3ODE5NTgyMiwiZXhwIjoxNzc4MjAzMDIyfQ.PQutQ4K8OAFh0Y6aERlrGxuJvb_RKvLhCuTgGDVUMgA,69fd1d6de7a6b5b2035927c5,69fd1d6de7a6b5b2035928e0
eyJhbGciOiJIUzI1NiIsInR5cCI6IkpXVCJ9.eyJpZCI6IjY5ZmQxZDZkZTdhNmI1YjIwMzU5MjhlMSIsImVtYWlsIjoibG9hZHRlc3QtMDI4MUBpY2hhbmdlLnRlc3QiLCJyb2xlIjoic3R1ZGVudCIsImlhdCI6MTc3ODE5NTgyMiwiZXhwIjoxNzc4MjAzMDIyfQ.bXavqmdMMK6CGjM_KFO46NTEIabjvKflLwjR-69fcqs,69fd1d6de7a6b5b2035927c5,69fd1d6de7a6b5b2035928e1
eyJhbGciOiJIUzI1NiIsInR5cCI6IkpXVCJ9.eyJpZCI6IjY5ZmQxZDZkZTdhNmI1YjIwMzU5MjhlMiIsImVtYWlsIjoibG9hZHRlc3QtMDI4MkBpY2hhbmdlLnRlc3QiLCJyb2xlIjoic3R1ZGVudCIsImlhdCI6MTc3ODE5NTgyMiwiZXhwIjoxNzc4MjAzMDIyfQ.4UmbYY8tbRM09ZyYqKfPeDjL2GN9NjVp8vmDZ72hdOQ,69fd1d6de7a6b5b2035927c5,69fd1d6de7a6b5b2035928e2
eyJhbGciOiJIUzI1NiIsInR5cCI6IkpXVCJ9.eyJpZCI6IjY5ZmQxZDZkZTdhNmI1YjIwMzU5MjhlMyIsImVtYWlsIjoibG9hZHRlc3QtMDI4M0BpY2hhbmdlLnRlc3QiLCJyb2xlIjoic3R1ZGVudCIsImlhdCI6MTc3ODE5NTgyMiwiZXhwIjoxNzc4MjAzMDIyfQ.kNhn2DsNxj2qfvk5vcUiJvVU-yxnrLXur6Zh8Yhpj4I,69fd1d6de7a6b5b2035927c5,69fd1d6de7a6b5b2035928e3
eyJhbGciOiJIUzI1NiIsInR5cCI6IkpXVCJ9.eyJpZCI6IjY5ZmQxZDZkZTdhNmI1YjIwMzU5MjhlNCIsImVtYWlsIjoibG9hZHRlc3QtMDI4NEBpY2hhbmdlLnRlc3QiLCJyb2xlIjoic3R1ZGVudCIsImlhdCI6MTc3ODE5NTgyMiwiZXhwIjoxNzc4MjAzMDIyfQ.6_ibR9m_ISzywGuTCvQp7bdzTlJRnAbpQzBJC7IXQKs,69fd1d6de7a6b5b2035927c5,69fd1d6de7a6b5b2035928e4
eyJhbGciOiJIUzI1NiIsInR5cCI6IkpXVCJ9.eyJpZCI6IjY5ZmQxZDZkZTdhNmI1YjIwMzU5MjhlNSIsImVtYWlsIjoibG9hZHRlc3QtMDI4NUBpY2hhbmdlLnRlc3QiLCJyb2xlIjoic3R1ZGVudCIsImlhdCI6MTc3ODE5NTgyMiwiZXhwIjoxNzc4MjAzMDIyfQ.1AUoM5QjNNYfYX-Gwr2i99wQEduLxbX3k8AXlBGqI_k,69fd1d6de7a6b5b2035927c5,69fd1d6de7a6b5b2035928e5
eyJhbGciOiJIUzI1NiIsInR5cCI6IkpXVCJ9.eyJpZCI6IjY5ZmQxZDZkZTdhNmI1YjIwMzU5MjhlNiIsImVtYWlsIjoibG9hZHRlc3QtMDI4NkBpY2hhbmdlLnRlc3QiLCJyb2xlIjoic3R1ZGVudCIsImlhdCI6MTc3ODE5NTgyMiwiZXhwIjoxNzc4MjAzMDIyfQ.55NVXyRDeZArU14sNdWhilfAXwixze0rYebMBhsvrp4,69fd1d6de7a6b5b2035927c5,69fd1d6de7a6b5b2035928e6
eyJhbGciOiJIUzI1NiIsInR5cCI6IkpXVCJ9.eyJpZCI6IjY5ZmQxZDZkZTdhNmI1YjIwMzU5MjhlNyIsImVtYWlsIjoibG9hZHRlc3QtMDI4N0BpY2hhbmdlLnRlc3QiLCJyb2xlIjoic3R1ZGVudCIsImlhdCI6MTc3ODE5NTgyMiwiZXhwIjoxNzc4MjAzMDIyfQ.ew6QmspBVyEUDZ8yst_FpsqCzEyPUofbON-IOJ6mmyU,69fd1d6de7a6b5b2035927c5,69fd1d6de7a6b5b2035928e7
eyJhbGciOiJIUzI1NiIsInR5cCI6IkpXVCJ9.eyJpZCI6IjY5ZmQxZDZkZTdhNmI1YjIwMzU5MjhlOCIsImVtYWlsIjoibG9hZHRlc3QtMDI4OEBpY2hhbmdlLnRlc3QiLCJyb2xlIjoic3R1ZGVudCIsImlhdCI6MTc3ODE5NTgyMiwiZXhwIjoxNzc4MjAzMDIyfQ.QiO25dgR-8zFpJzwW99dXT7aNkx6HbE2r0HKscOwm28,69fd1d6de7a6b5b2035927c5,69fd1d6de7a6b5b2035928e8
eyJhbGciOiJIUzI1NiIsInR5cCI6IkpXVCJ9.eyJpZCI6IjY5ZmQxZDZkZTdhNmI1YjIwMzU5MjhlOSIsImVtYWlsIjoibG9hZHRlc3QtMDI4OUBpY2hhbmdlLnRlc3QiLCJyb2xlIjoic3R1ZGVudCIsImlhdCI6MTc3ODE5NTgyMiwiZXhwIjoxNzc4MjAzMDIyfQ.J72LkU1fyeht5eUCA1k-2DwxiGbieeDeEd9ZikFNZSM,69fd1d6de7a6b5b2035927c5,69fd1d6de7a6b5b2035928e9
eyJhbGciOiJIUzI1NiIsInR5cCI6IkpXVCJ9.eyJpZCI6IjY5ZmQxZDZkZTdhNmI1YjIwMzU5MjhlYSIsImVtYWlsIjoibG9hZHRlc3QtMDI5MEBpY2hhbmdlLnRlc3QiLCJyb2xlIjoic3R1ZGVudCIsImlhdCI6MTc3ODE5NTgyMiwiZXhwIjoxNzc4MjAzMDIyfQ.CnWnD0xZ3Yl9q1DyteBfwpVBNvSGy57xNanza9KJhwE,69fd1d6de7a6b5b2035927c5,69fd1d6de7a6b5b2035928ea
eyJhbGciOiJIUzI1NiIsInR5cCI6IkpXVCJ9.eyJpZCI6IjY5ZmQxZDZkZTdhNmI1YjIwMzU5MjhlYiIsImVtYWlsIjoibG9hZHRlc3QtMDI5MUBpY2hhbmdlLnRlc3QiLCJyb2xlIjoic3R1ZGVudCIsImlhdCI6MTc3ODE5NTgyMiwiZXhwIjoxNzc4MjAzMDIyfQ.hJL2TI5VjGt6PRWr0ZNeuXDyW-wkX7e7ukVdPQoJlZE,69fd1d6de7a6b5b2035927c5,69fd1d6de7a6b5b2035928eb
eyJhbGciOiJIUzI1NiIsInR5cCI6IkpXVCJ9.eyJpZCI6IjY5ZmQxZDZkZTdhNmI1YjIwMzU5MjhlYyIsImVtYWlsIjoibG9hZHRlc3QtMDI5MkBpY2hhbmdlLnRlc3QiLCJyb2xlIjoic3R1ZGVudCIsImlhdCI6MTc3ODE5NTgyMiwiZXhwIjoxNzc4MjAzMDIyfQ.yc7M_WtosnYK7ugBYIfYt2gp_SkhNjA3FstaR343J6g,69fd1d6de7a6b5b2035927c5,69fd1d6de7a6b5b2035928ec
eyJhbGciOiJIUzI1NiIsInR5cCI6IkpXVCJ9.eyJpZCI6IjY5ZmQxZDZkZTdhNmI1YjIwMzU5MjhlZCIsImVtYWlsIjoibG9hZHRlc3QtMDI5M0BpY2hhbmdlLnRlc3QiLCJyb2xlIjoic3R1ZGVudCIsImlhdCI6MTc3ODE5NTgyMiwiZXhwIjoxNzc4MjAzMDIyfQ.RBl-qwzGv9DNkcTWxjuZvThfGskQmnnLyZVSkImcm5k,69fd1d6de7a6b5b2035927c5,69fd1d6de7a6b5b2035928ed
eyJhbGciOiJIUzI1NiIsInR5cCI6IkpXVCJ9.eyJpZCI6IjY5ZmQxZDZkZTdhNmI1YjIwMzU5MjhlZSIsImVtYWlsIjoibG9hZHRlc3QtMDI5NEBpY2hhbmdlLnRlc3QiLCJyb2xlIjoic3R1ZGVudCIsImlhdCI6MTc3ODE5NTgyMiwiZXhwIjoxNzc4MjAzMDIyfQ.2QwgSeE0Gc8WK20V2gE_fb94ei41-Nm_xXZVWvs9bMk,69fd1d6de7a6b5b2035927c5,69fd1d6de7a6b5b2035928ee
eyJhbGciOiJIUzI1NiIsInR5cCI6IkpXVCJ9.eyJpZCI6IjY5ZmQxZDZkZTdhNmI1YjIwMzU5MjhlZiIsImVtYWlsIjoibG9hZHRlc3QtMDI5NUBpY2hhbmdlLnRlc3QiLCJyb2xlIjoic3R1ZGVudCIsImlhdCI6MTc3ODE5NTgyMiwiZXhwIjoxNzc4MjAzMDIyfQ.pUe3z7hTJ9lFg3y5rDcp1rttLtbY1s8LqY0UcBFCgdg,69fd1d6de7a6b5b2035927c5,69fd1d6de7a6b5b2035928ef
eyJhbGciOiJIUzI1NiIsInR5cCI6IkpXVCJ9.eyJpZCI6IjY5ZmQxZDZkZTdhNmI1YjIwMzU5MjhmMCIsImVtYWlsIjoibG9hZHRlc3QtMDI5NkBpY2hhbmdlLnRlc3QiLCJyb2xlIjoic3R1ZGVudCIsImlhdCI6MTc3ODE5NTgyMiwiZXhwIjoxNzc4MjAzMDIyfQ.Nw2HrJr-hYhkF4lGlxsyDhKdtMrjU8hIEChR5dA-YlU,69fd1d6de7a6b5b2035927c5,69fd1d6de7a6b5b2035928f0
eyJhbGciOiJIUzI1NiIsInR5cCI6IkpXVCJ9.eyJpZCI6IjY5ZmQxZDZkZTdhNmI1YjIwMzU5MjhmMSIsImVtYWlsIjoibG9hZHRlc3QtMDI5N0BpY2hhbmdlLnRlc3QiLCJyb2xlIjoic3R1ZGVudCIsImlhdCI6MTc3ODE5NTgyMiwiZXhwIjoxNzc4MjAzMDIyfQ.gVzYAl3h6wAqlPoCbkCxrH2b46mQg-5-YXk9chFwoWA,69fd1d6de7a6b5b2035927c5,69fd1d6de7a6b5b2035928f1
eyJhbGciOiJIUzI1NiIsInR5cCI6IkpXVCJ9.eyJpZCI6IjY5ZmQxZDZkZTdhNmI1YjIwMzU5MjhmMiIsImVtYWlsIjoibG9hZHRlc3QtMDI5OEBpY2hhbmdlLnRlc3QiLCJyb2xlIjoic3R1ZGVudCIsImlhdCI6MTc3ODE5NTgyMiwiZXhwIjoxNzc4MjAzMDIyfQ.a9rXNx9E6o61KyopBmj4EzqM2B08yxQBUgeCT24278Q,69fd1d6de7a6b5b2035927c5,69fd1d6de7a6b5b2035928f2
eyJhbGciOiJIUzI1NiIsInR5cCI6IkpXVCJ9.eyJpZCI6IjY5ZmQxZDZkZTdhNmI1YjIwMzU5MjhmMyIsImVtYWlsIjoibG9hZHRlc3QtMDI5OUBpY2hhbmdlLnRlc3QiLCJyb2xlIjoic3R1ZGVudCIsImlhdCI6MTc3ODE5NTgyMiwiZXhwIjoxNzc4MjAzMDIyfQ.mxCCcKi-so5VEvCz6PVB7a3SAw2oOn3DeNjUxbS5e9s,69fd1d6de7a6b5b2035927c5,69fd1d6de7a6b5b2035928f3
eyJhbGciOiJIUzI1NiIsInR5cCI6IkpXVCJ9.eyJpZCI6IjY5ZmQxZDZkZTdhNmI1YjIwMzU5MjhmNCIsImVtYWlsIjoibG9hZHRlc3QtMDMwMEBpY2hhbmdlLnRlc3QiLCJyb2xlIjoic3R1ZGVudCIsImlhdCI6MTc3ODE5NTgyMiwiZXhwIjoxNzc4MjAzMDIyfQ.x1Wug9pZO_puo1NiWjSqYPPYb49M8qebcJZERNAwE28,69fd1d6de7a6b5b2035927c5,69fd1d6de7a6b5b2035928f4
eyJhbGciOiJIUzI1NiIsInR5cCI6IkpXVCJ9.eyJpZCI6IjY5ZmQxZDZlZTdhNmI1YjIwMzU5MjhmNiIsImVtYWlsIjoibG9hZHRlc3QtMDMwMUBpY2hhbmdlLnRlc3QiLCJyb2xlIjoic3R1ZGVudCIsImlhdCI6MTc3ODE5NTgyMiwiZXhwIjoxNzc4MjAzMDIyfQ.Xum0Hzi0rRe_c1hilDbbECQZsXV2iGKLADdKjsTwRWI,69fd1d6de7a6b5b2035927c5,69fd1d6ee7a6b5b2035928f6
eyJhbGciOiJIUzI1NiIsInR5cCI6IkpXVCJ9.eyJpZCI6IjY5ZmQxZDZlZTdhNmI1YjIwMzU5MjhmNyIsImVtYWlsIjoibG9hZHRlc3QtMDMwMkBpY2hhbmdlLnRlc3QiLCJyb2xlIjoic3R1ZGVudCIsImlhdCI6MTc3ODE5NTgyMiwiZXhwIjoxNzc4MjAzMDIyfQ.G4mo6whKDs4FOLS2LAJ2dzpGJxymO8mConZuHOaNLZk,69fd1d6de7a6b5b2035927c5,69fd1d6ee7a6b5b2035928f7
eyJhbGciOiJIUzI1NiIsInR5cCI6IkpXVCJ9.eyJpZCI6IjY5ZmQxZDZlZTdhNmI1YjIwMzU5MjhmOCIsImVtYWlsIjoibG9hZHRlc3QtMDMwM0BpY2hhbmdlLnRlc3QiLCJyb2xlIjoic3R1ZGVudCIsImlhdCI6MTc3ODE5NTgyMiwiZXhwIjoxNzc4MjAzMDIyfQ.sbsU74ERQZ0myHEZPi7_T3-Hjm8tlARNefHXLjLUfBE,69fd1d6de7a6b5b2035927c5,69fd1d6ee7a6b5b2035928f8
eyJhbGciOiJIUzI1NiIsInR5cCI6IkpXVCJ9.eyJpZCI6IjY5ZmQxZDZlZTdhNmI1YjIwMzU5MjhmOSIsImVtYWlsIjoibG9hZHRlc3QtMDMwNEBpY2hhbmdlLnRlc3QiLCJyb2xlIjoic3R1ZGVudCIsImlhdCI6MTc3ODE5NTgyMiwiZXhwIjoxNzc4MjAzMDIyfQ._S4zdiV4PK05jHJURCO1L1lxKW_be3WnoaUMddwi6yU,69fd1d6de7a6b5b2035927c5,69fd1d6ee7a6b5b2035928f9
eyJhbGciOiJIUzI1NiIsInR5cCI6IkpXVCJ9.eyJpZCI6IjY5ZmQxZDZlZTdhNmI1YjIwMzU5MjhmYSIsImVtYWlsIjoibG9hZHRlc3QtMDMwNUBpY2hhbmdlLnRlc3QiLCJyb2xlIjoic3R1ZGVudCIsImlhdCI6MTc3ODE5NTgyMiwiZXhwIjoxNzc4MjAzMDIyfQ.fYyTkm0O_hE_FObirTiPckYLWzwh3pznM_2cMZelwOc,69fd1d6de7a6b5b2035927c5,69fd1d6ee7a6b5b2035928fa
eyJhbGciOiJIUzI1NiIsInR5cCI6IkpXVCJ9.eyJpZCI6IjY5ZmQxZDZlZTdhNmI1YjIwMzU5MjhmYiIsImVtYWlsIjoibG9hZHRlc3QtMDMwNkBpY2hhbmdlLnRlc3QiLCJyb2xlIjoic3R1ZGVudCIsImlhdCI6MTc3ODE5NTgyMiwiZXhwIjoxNzc4MjAzMDIyfQ.28zktyX8hwrwuthRy5FursEHE9b1WfuRrE9KH-aUU0U,69fd1d6de7a6b5b2035927c5,69fd1d6ee7a6b5b2035928fb
eyJhbGciOiJIUzI1NiIsInR5cCI6IkpXVCJ9.eyJpZCI6IjY5ZmQxZDZlZTdhNmI1YjIwMzU5MjhmYyIsImVtYWlsIjoibG9hZHRlc3QtMDMwN0BpY2hhbmdlLnRlc3QiLCJyb2xlIjoic3R1ZGVudCIsImlhdCI6MTc3ODE5NTgyMiwiZXhwIjoxNzc4MjAzMDIyfQ.cbZi1uqF58iMdxOGxQrIwuO_-26XWHGy6OA1TJ4OaJ0,69fd1d6de7a6b5b2035927c5,69fd1d6ee7a6b5b2035928fc
eyJhbGciOiJIUzI1NiIsInR5cCI6IkpXVCJ9.eyJpZCI6IjY5ZmQxZDZlZTdhNmI1YjIwMzU5MjhmZCIsImVtYWlsIjoibG9hZHRlc3QtMDMwOEBpY2hhbmdlLnRlc3QiLCJyb2xlIjoic3R1ZGVudCIsImlhdCI6MTc3ODE5NTgyMiwiZXhwIjoxNzc4MjAzMDIyfQ.IQLpF9nCmlhKHEH8e0LODTKlnA4DKIDxnVZE8O300s4,69fd1d6de7a6b5b2035927c5,69fd1d6ee7a6b5b2035928fd
eyJhbGciOiJIUzI1NiIsInR5cCI6IkpXVCJ9.eyJpZCI6IjY5ZmQxZDZlZTdhNmI1YjIwMzU5MjhmZSIsImVtYWlsIjoibG9hZHRlc3QtMDMwOUBpY2hhbmdlLnRlc3QiLCJyb2xlIjoic3R1ZGVudCIsImlhdCI6MTc3ODE5NTgyMiwiZXhwIjoxNzc4MjAzMDIyfQ.dLSLmdw1OU5ChVbxsRw2WxFyQX3OaStWk_iau9bHaLY,69fd1d6de7a6b5b2035927c5,69fd1d6ee7a6b5b2035928fe
eyJhbGciOiJIUzI1NiIsInR5cCI6IkpXVCJ9.eyJpZCI6IjY5ZmQxZDZlZTdhNmI1YjIwMzU5MjhmZiIsImVtYWlsIjoibG9hZHRlc3QtMDMxMEBpY2hhbmdlLnRlc3QiLCJyb2xlIjoic3R1ZGVudCIsImlhdCI6MTc3ODE5NTgyMiwiZXhwIjoxNzc4MjAzMDIyfQ.eZgqNuocheU1WvsYn7Ef99naU7uH68YRJ7NHZam640c,69fd1d6de7a6b5b2035927c5,69fd1d6ee7a6b5b2035928ff
eyJhbGciOiJIUzI1NiIsInR5cCI6IkpXVCJ9.eyJpZCI6IjY5ZmQxZDZlZTdhNmI1YjIwMzU5MjkwMCIsImVtYWlsIjoibG9hZHRlc3QtMDMxMUBpY2hhbmdlLnRlc3QiLCJyb2xlIjoic3R1ZGVudCIsImlhdCI6MTc3ODE5NTgyMiwiZXhwIjoxNzc4MjAzMDIyfQ.OWs5EZ9-3Tnyy6R0A78aWEiSPcPHzW_akqBnbiMz1XQ,69fd1d6de7a6b5b2035927c5,69fd1d6ee7a6b5b203592900
eyJhbGciOiJIUzI1NiIsInR5cCI6IkpXVCJ9.eyJpZCI6IjY5ZmQxZDZlZTdhNmI1YjIwMzU5MjkwMSIsImVtYWlsIjoibG9hZHRlc3QtMDMxMkBpY2hhbmdlLnRlc3QiLCJyb2xlIjoic3R1ZGVudCIsImlhdCI6MTc3ODE5NTgyMiwiZXhwIjoxNzc4MjAzMDIyfQ.iTxUt2gK_jUHVrPFdYt1VsoEXbNNQP2oTpJnhsxu1e0,69fd1d6de7a6b5b2035927c5,69fd1d6ee7a6b5b203592901
eyJhbGciOiJIUzI1NiIsInR5cCI6IkpXVCJ9.eyJpZCI6IjY5ZmQxZDZlZTdhNmI1YjIwMzU5MjkwMiIsImVtYWlsIjoibG9hZHRlc3QtMDMxM0BpY2hhbmdlLnRlc3QiLCJyb2xlIjoic3R1ZGVudCIsImlhdCI6MTc3ODE5NTgyMiwiZXhwIjoxNzc4MjAzMDIyfQ.6d35viu1QxELLRVBPiru67i3jvptIH3aBdflLVLr_x4,69fd1d6de7a6b5b2035927c5,69fd1d6ee7a6b5b203592902
eyJhbGciOiJIUzI1NiIsInR5cCI6IkpXVCJ9.eyJpZCI6IjY5ZmQxZDZlZTdhNmI1YjIwMzU5MjkwMyIsImVtYWlsIjoibG9hZHRlc3QtMDMxNEBpY2hhbmdlLnRlc3QiLCJyb2xlIjoic3R1ZGVudCIsImlhdCI6MTc3ODE5NTgyMiwiZXhwIjoxNzc4MjAzMDIyfQ.WdcBIqOAg1hm5ooPOQ5dDA3FMYOmo7CkxhnE__lpLBo,69fd1d6de7a6b5b2035927c5,69fd1d6ee7a6b5b203592903
eyJhbGciOiJIUzI1NiIsInR5cCI6IkpXVCJ9.eyJpZCI6IjY5ZmQxZDZlZTdhNmI1YjIwMzU5MjkwNCIsImVtYWlsIjoibG9hZHRlc3QtMDMxNUBpY2hhbmdlLnRlc3QiLCJyb2xlIjoic3R1ZGVudCIsImlhdCI6MTc3ODE5NTgyMiwiZXhwIjoxNzc4MjAzMDIyfQ.OIFRw2U2NIrLFrXYSUAVusqVuh_m2JtpgEtPgzQ2E7E,69fd1d6de7a6b5b2035927c5,69fd1d6ee7a6b5b203592904
eyJhbGciOiJIUzI1NiIsInR5cCI6IkpXVCJ9.eyJpZCI6IjY5ZmQxZDZlZTdhNmI1YjIwMzU5MjkwNSIsImVtYWlsIjoibG9hZHRlc3QtMDMxNkBpY2hhbmdlLnRlc3QiLCJyb2xlIjoic3R1ZGVudCIsImlhdCI6MTc3ODE5NTgyMiwiZXhwIjoxNzc4MjAzMDIyfQ.63zh_plNxY8b_GrRmeomUkNJChKZDXWclspOOmdi5GM,69fd1d6de7a6b5b2035927c5,69fd1d6ee7a6b5b203592905
eyJhbGciOiJIUzI1NiIsInR5cCI6IkpXVCJ9.eyJpZCI6IjY5ZmQxZDZlZTdhNmI1YjIwMzU5MjkwNiIsImVtYWlsIjoibG9hZHRlc3QtMDMxN0BpY2hhbmdlLnRlc3QiLCJyb2xlIjoic3R1ZGVudCIsImlhdCI6MTc3ODE5NTgyMiwiZXhwIjoxNzc4MjAzMDIyfQ.N0JvCHeAgY487aBFmxoca2Qgg2Tv75YO4KEGJ9HDl_8,69fd1d6de7a6b5b2035927c5,69fd1d6ee7a6b5b203592906
eyJhbGciOiJIUzI1NiIsInR5cCI6IkpXVCJ9.eyJpZCI6IjY5ZmQxZDZlZTdhNmI1YjIwMzU5MjkwNyIsImVtYWlsIjoibG9hZHRlc3QtMDMxOEBpY2hhbmdlLnRlc3QiLCJyb2xlIjoic3R1ZGVudCIsImlhdCI6MTc3ODE5NTgyMiwiZXhwIjoxNzc4MjAzMDIyfQ.pzm14AaYDvcudtgS1Dsa8Ve2n72oYlA7U5tupqfHG9U,69fd1d6de7a6b5b2035927c5,69fd1d6ee7a6b5b203592907
eyJhbGciOiJIUzI1NiIsInR5cCI6IkpXVCJ9.eyJpZCI6IjY5ZmQxZDZlZTdhNmI1YjIwMzU5MjkwOCIsImVtYWlsIjoibG9hZHRlc3QtMDMxOUBpY2hhbmdlLnRlc3QiLCJyb2xlIjoic3R1ZGVudCIsImlhdCI6MTc3ODE5NTgyMiwiZXhwIjoxNzc4MjAzMDIyfQ.0ozrMCvC_vmiNWwgzrRa76zgoukpSBVOJnB8CwGvyW0,69fd1d6de7a6b5b2035927c5,69fd1d6ee7a6b5b203592908
eyJhbGciOiJIUzI1NiIsInR5cCI6IkpXVCJ9.eyJpZCI6IjY5ZmQxZDZlZTdhNmI1YjIwMzU5MjkwOSIsImVtYWlsIjoibG9hZHRlc3QtMDMyMEBpY2hhbmdlLnRlc3QiLCJyb2xlIjoic3R1ZGVudCIsImlhdCI6MTc3ODE5NTgyMiwiZXhwIjoxNzc4MjAzMDIyfQ.6Yydvq3bq6FeQVb5x999YnUgL6YqME1nPjBGOHECHQk,69fd1d6de7a6b5b2035927c5,69fd1d6ee7a6b5b203592909
eyJhbGciOiJIUzI1NiIsInR5cCI6IkpXVCJ9.eyJpZCI6IjY5ZmQxZDZlZTdhNmI1YjIwMzU5MjkwYSIsImVtYWlsIjoibG9hZHRlc3QtMDMyMUBpY2hhbmdlLnRlc3QiLCJyb2xlIjoic3R1ZGVudCIsImlhdCI6MTc3ODE5NTgyMiwiZXhwIjoxNzc4MjAzMDIyfQ.B7S3A5SdgIpn-awAEhO1VhPdTC_9wrLi4F-ZG16QsIA,69fd1d6de7a6b5b2035927c5,69fd1d6ee7a6b5b20359290a
eyJhbGciOiJIUzI1NiIsInR5cCI6IkpXVCJ9.eyJpZCI6IjY5ZmQxZDZlZTdhNmI1YjIwMzU5MjkwYiIsImVtYWlsIjoibG9hZHRlc3QtMDMyMkBpY2hhbmdlLnRlc3QiLCJyb2xlIjoic3R1ZGVudCIsImlhdCI6MTc3ODE5NTgyMiwiZXhwIjoxNzc4MjAzMDIyfQ.tN_TWQ8br4kLxWfIYC9fs9MDXbATe4kDBYtdfMrq-Ew,69fd1d6de7a6b5b2035927c5,69fd1d6ee7a6b5b20359290b
eyJhbGciOiJIUzI1NiIsInR5cCI6IkpXVCJ9.eyJpZCI6IjY5ZmQxZDZlZTdhNmI1YjIwMzU5MjkwYyIsImVtYWlsIjoibG9hZHRlc3QtMDMyM0BpY2hhbmdlLnRlc3QiLCJyb2xlIjoic3R1ZGVudCIsImlhdCI6MTc3ODE5NTgyMiwiZXhwIjoxNzc4MjAzMDIyfQ.xrfPZ3hxuSjhGRNXsk9EEQsmyPHN8qSYIieNg-WqB-E,69fd1d6de7a6b5b2035927c5,69fd1d6ee7a6b5b20359290c
eyJhbGciOiJIUzI1NiIsInR5cCI6IkpXVCJ9.eyJpZCI6IjY5ZmQxZDZlZTdhNmI1YjIwMzU5MjkwZCIsImVtYWlsIjoibG9hZHRlc3QtMDMyNEBpY2hhbmdlLnRlc3QiLCJyb2xlIjoic3R1ZGVudCIsImlhdCI6MTc3ODE5NTgyMiwiZXhwIjoxNzc4MjAzMDIyfQ.kuW3Ewfpi866dh5DVP6DscZUoAjbt-vVVfo4DidYUzk,69fd1d6de7a6b5b2035927c5,69fd1d6ee7a6b5b20359290d
eyJhbGciOiJIUzI1NiIsInR5cCI6IkpXVCJ9.eyJpZCI6IjY5ZmQxZDZlZTdhNmI1YjIwMzU5MjkwZSIsImVtYWlsIjoibG9hZHRlc3QtMDMyNUBpY2hhbmdlLnRlc3QiLCJyb2xlIjoic3R1ZGVudCIsImlhdCI6MTc3ODE5NTgyMiwiZXhwIjoxNzc4MjAzMDIyfQ.P9_vdaYsL2vgg0Qh49sMrcWEkFM9SWfH-_C_n12Hkww,69fd1d6de7a6b5b2035927c5,69fd1d6ee7a6b5b20359290e
eyJhbGciOiJIUzI1NiIsInR5cCI6IkpXVCJ9.eyJpZCI6IjY5ZmQxZDZlZTdhNmI1YjIwMzU5MjkwZiIsImVtYWlsIjoibG9hZHRlc3QtMDMyNkBpY2hhbmdlLnRlc3QiLCJyb2xlIjoic3R1ZGVudCIsImlhdCI6MTc3ODE5NTgyMiwiZXhwIjoxNzc4MjAzMDIyfQ.-HV1faeB3qmclYocp4eCbeEnAX-ByQhgKBCuXtradfI,69fd1d6de7a6b5b2035927c5,69fd1d6ee7a6b5b20359290f
eyJhbGciOiJIUzI1NiIsInR5cCI6IkpXVCJ9.eyJpZCI6IjY5ZmQxZDZlZTdhNmI1YjIwMzU5MjkxMCIsImVtYWlsIjoibG9hZHRlc3QtMDMyN0BpY2hhbmdlLnRlc3QiLCJyb2xlIjoic3R1ZGVudCIsImlhdCI6MTc3ODE5NTgyMiwiZXhwIjoxNzc4MjAzMDIyfQ.770PI9b-_GfPUG15ZE2t5ifNNfchQn60FWRWhCbKKIc,69fd1d6de7a6b5b2035927c5,69fd1d6ee7a6b5b203592910
eyJhbGciOiJIUzI1NiIsInR5cCI6IkpXVCJ9.eyJpZCI6IjY5ZmQxZDZlZTdhNmI1YjIwMzU5MjkxMSIsImVtYWlsIjoibG9hZHRlc3QtMDMyOEBpY2hhbmdlLnRlc3QiLCJyb2xlIjoic3R1ZGVudCIsImlhdCI6MTc3ODE5NTgyMiwiZXhwIjoxNzc4MjAzMDIyfQ.UGLSJBJ_wyAty3e8o4A8Y9xzBvizgqmqmT-FTgxxHr8,69fd1d6de7a6b5b2035927c5,69fd1d6ee7a6b5b203592911
eyJhbGciOiJIUzI1NiIsInR5cCI6IkpXVCJ9.eyJpZCI6IjY5ZmQxZDZlZTdhNmI1YjIwMzU5MjkxMiIsImVtYWlsIjoibG9hZHRlc3QtMDMyOUBpY2hhbmdlLnRlc3QiLCJyb2xlIjoic3R1ZGVudCIsImlhdCI6MTc3ODE5NTgyMiwiZXhwIjoxNzc4MjAzMDIyfQ.FFB6xaeWtEJZLYTFqExCteXhFBH2yUQtS6Rbyw9dhFA,69fd1d6de7a6b5b2035927c5,69fd1d6ee7a6b5b203592912
eyJhbGciOiJIUzI1NiIsInR5cCI6IkpXVCJ9.eyJpZCI6IjY5ZmQxZDZlZTdhNmI1YjIwMzU5MjkxMyIsImVtYWlsIjoibG9hZHRlc3QtMDMzMEBpY2hhbmdlLnRlc3QiLCJyb2xlIjoic3R1ZGVudCIsImlhdCI6MTc3ODE5NTgyMiwiZXhwIjoxNzc4MjAzMDIyfQ.Ux0uZHQOQOFuJNkigo9JW0G9-1-mggGiK0RaqELsTh4,69fd1d6de7a6b5b2035927c5,69fd1d6ee7a6b5b203592913
eyJhbGciOiJIUzI1NiIsInR5cCI6IkpXVCJ9.eyJpZCI6IjY5ZmQxZDZlZTdhNmI1YjIwMzU5MjkxNCIsImVtYWlsIjoibG9hZHRlc3QtMDMzMUBpY2hhbmdlLnRlc3QiLCJyb2xlIjoic3R1ZGVudCIsImlhdCI6MTc3ODE5NTgyMiwiZXhwIjoxNzc4MjAzMDIyfQ.PQd2Pfdg1EwTDK_3BKUuR-87VBYoCXvvn4xozXdRPbk,69fd1d6de7a6b5b2035927c5,69fd1d6ee7a6b5b203592914
eyJhbGciOiJIUzI1NiIsInR5cCI6IkpXVCJ9.eyJpZCI6IjY5ZmQxZDZlZTdhNmI1YjIwMzU5MjkxNSIsImVtYWlsIjoibG9hZHRlc3QtMDMzMkBpY2hhbmdlLnRlc3QiLCJyb2xlIjoic3R1ZGVudCIsImlhdCI6MTc3ODE5NTgyMiwiZXhwIjoxNzc4MjAzMDIyfQ.6pE1VszjBnA4xzgovRom8NiDhGepI0cv_nN3rnUiJSk,69fd1d6de7a6b5b2035927c5,69fd1d6ee7a6b5b203592915
eyJhbGciOiJIUzI1NiIsInR5cCI6IkpXVCJ9.eyJpZCI6IjY5ZmQxZDZlZTdhNmI1YjIwMzU5MjkxNiIsImVtYWlsIjoibG9hZHRlc3QtMDMzM0BpY2hhbmdlLnRlc3QiLCJyb2xlIjoic3R1ZGVudCIsImlhdCI6MTc3ODE5NTgyMiwiZXhwIjoxNzc4MjAzMDIyfQ.rH1HORNrErZsvD5XFCpgFfNniahqFE05KJGnUoMjjJo,69fd1d6de7a6b5b2035927c5,69fd1d6ee7a6b5b203592916
eyJhbGciOiJIUzI1NiIsInR5cCI6IkpXVCJ9.eyJpZCI6IjY5ZmQxZDZlZTdhNmI1YjIwMzU5MjkxNyIsImVtYWlsIjoibG9hZHRlc3QtMDMzNEBpY2hhbmdlLnRlc3QiLCJyb2xlIjoic3R1ZGVudCIsImlhdCI6MTc3ODE5NTgyMiwiZXhwIjoxNzc4MjAzMDIyfQ.teITJT5A_FaXaVD0EIHA9pee25vwls_TWc5Uzik4khg,69fd1d6de7a6b5b2035927c5,69fd1d6ee7a6b5b203592917
eyJhbGciOiJIUzI1NiIsInR5cCI6IkpXVCJ9.eyJpZCI6IjY5ZmQxZDZlZTdhNmI1YjIwMzU5MjkxOCIsImVtYWlsIjoibG9hZHRlc3QtMDMzNUBpY2hhbmdlLnRlc3QiLCJyb2xlIjoic3R1ZGVudCIsImlhdCI6MTc3ODE5NTgyMiwiZXhwIjoxNzc4MjAzMDIyfQ.7AugGrxJWWpzf5pcMs6e-iy2b1lnZjJSsXc8nISJIuA,69fd1d6de7a6b5b2035927c5,69fd1d6ee7a6b5b203592918
eyJhbGciOiJIUzI1NiIsInR5cCI6IkpXVCJ9.eyJpZCI6IjY5ZmQxZDZlZTdhNmI1YjIwMzU5MjkxOSIsImVtYWlsIjoibG9hZHRlc3QtMDMzNkBpY2hhbmdlLnRlc3QiLCJyb2xlIjoic3R1ZGVudCIsImlhdCI6MTc3ODE5NTgyMiwiZXhwIjoxNzc4MjAzMDIyfQ.hyKaUkvUuUxy8OL9WroQ4KZZqock23s31r4HzvA7SFw,69fd1d6de7a6b5b2035927c5,69fd1d6ee7a6b5b203592919
eyJhbGciOiJIUzI1NiIsInR5cCI6IkpXVCJ9.eyJpZCI6IjY5ZmQxZDZlZTdhNmI1YjIwMzU5MjkxYSIsImVtYWlsIjoibG9hZHRlc3QtMDMzN0BpY2hhbmdlLnRlc3QiLCJyb2xlIjoic3R1ZGVudCIsImlhdCI6MTc3ODE5NTgyMiwiZXhwIjoxNzc4MjAzMDIyfQ.iYgB_Hb6CedTY1C0xn1byMipSz4Oj1gJdcj6Rp8cgMY,69fd1d6de7a6b5b2035927c5,69fd1d6ee7a6b5b20359291a
eyJhbGciOiJIUzI1NiIsInR5cCI6IkpXVCJ9.eyJpZCI6IjY5ZmQxZDZlZTdhNmI1YjIwMzU5MjkxYiIsImVtYWlsIjoibG9hZHRlc3QtMDMzOEBpY2hhbmdlLnRlc3QiLCJyb2xlIjoic3R1ZGVudCIsImlhdCI6MTc3ODE5NTgyMiwiZXhwIjoxNzc4MjAzMDIyfQ.m25wK3aJ6PbAIgOu_dmjJf0GogURa47mNf5QKoGmXwA,69fd1d6de7a6b5b2035927c5,69fd1d6ee7a6b5b20359291b
eyJhbGciOiJIUzI1NiIsInR5cCI6IkpXVCJ9.eyJpZCI6IjY5ZmQxZDZlZTdhNmI1YjIwMzU5MjkxYyIsImVtYWlsIjoibG9hZHRlc3QtMDMzOUBpY2hhbmdlLnRlc3QiLCJyb2xlIjoic3R1ZGVudCIsImlhdCI6MTc3ODE5NTgyMiwiZXhwIjoxNzc4MjAzMDIyfQ.MdGFV6mZerFSbihQeMuc0eCYyECdwc0VRuJ1DSLCGgA,69fd1d6de7a6b5b2035927c5,69fd1d6ee7a6b5b20359291c
eyJhbGciOiJIUzI1NiIsInR5cCI6IkpXVCJ9.eyJpZCI6IjY5ZmQxZDZlZTdhNmI1YjIwMzU5MjkxZCIsImVtYWlsIjoibG9hZHRlc3QtMDM0MEBpY2hhbmdlLnRlc3QiLCJyb2xlIjoic3R1ZGVudCIsImlhdCI6MTc3ODE5NTgyMiwiZXhwIjoxNzc4MjAzMDIyfQ.XhzUCSxmS0aVQ5fD0NAVQ_sxKGhJS0AOIbjHB94G5UY,69fd1d6de7a6b5b2035927c5,69fd1d6ee7a6b5b20359291d
eyJhbGciOiJIUzI1NiIsInR5cCI6IkpXVCJ9.eyJpZCI6IjY5ZmQxZDZlZTdhNmI1YjIwMzU5MjkxZSIsImVtYWlsIjoibG9hZHRlc3QtMDM0MUBpY2hhbmdlLnRlc3QiLCJyb2xlIjoic3R1ZGVudCIsImlhdCI6MTc3ODE5NTgyMiwiZXhwIjoxNzc4MjAzMDIyfQ.V-Ze7qeOp7hwnyBuGIvDY7q77xqJTnROa-6CLhb2bm0,69fd1d6de7a6b5b2035927c5,69fd1d6ee7a6b5b20359291e
eyJhbGciOiJIUzI1NiIsInR5cCI6IkpXVCJ9.eyJpZCI6IjY5ZmQxZDZlZTdhNmI1YjIwMzU5MjkxZiIsImVtYWlsIjoibG9hZHRlc3QtMDM0MkBpY2hhbmdlLnRlc3QiLCJyb2xlIjoic3R1ZGVudCIsImlhdCI6MTc3ODE5NTgyMiwiZXhwIjoxNzc4MjAzMDIyfQ.mCdQ7LTfTeJSfk5R2r-iVFg3c8eRpEtdVohq62HPiAg,69fd1d6de7a6b5b2035927c5,69fd1d6ee7a6b5b20359291f
eyJhbGciOiJIUzI1NiIsInR5cCI6IkpXVCJ9.eyJpZCI6IjY5ZmQxZDZlZTdhNmI1YjIwMzU5MjkyMCIsImVtYWlsIjoibG9hZHRlc3QtMDM0M0BpY2hhbmdlLnRlc3QiLCJyb2xlIjoic3R1ZGVudCIsImlhdCI6MTc3ODE5NTgyMiwiZXhwIjoxNzc4MjAzMDIyfQ.Fwpt6OVl7OSd3ireoXJfXEe7EmaN5YXPpFRVeD5H4Vs,69fd1d6de7a6b5b2035927c5,69fd1d6ee7a6b5b203592920
eyJhbGciOiJIUzI1NiIsInR5cCI6IkpXVCJ9.eyJpZCI6IjY5ZmQxZDZlZTdhNmI1YjIwMzU5MjkyMSIsImVtYWlsIjoibG9hZHRlc3QtMDM0NEBpY2hhbmdlLnRlc3QiLCJyb2xlIjoic3R1ZGVudCIsImlhdCI6MTc3ODE5NTgyMiwiZXhwIjoxNzc4MjAzMDIyfQ.oBf3fdh4q2jsvnODtY7X6PaZTz4o8P43lsPyfcF_SUo,69fd1d6de7a6b5b2035927c5,69fd1d6ee7a6b5b203592921
eyJhbGciOiJIUzI1NiIsInR5cCI6IkpXVCJ9.eyJpZCI6IjY5ZmQxZDZlZTdhNmI1YjIwMzU5MjkyMiIsImVtYWlsIjoibG9hZHRlc3QtMDM0NUBpY2hhbmdlLnRlc3QiLCJyb2xlIjoic3R1ZGVudCIsImlhdCI6MTc3ODE5NTgyMiwiZXhwIjoxNzc4MjAzMDIyfQ.SmOdtPmaO0EPmGllrBew99hlng7Oo13DQWbuX3-ZfBI,69fd1d6de7a6b5b2035927c5,69fd1d6ee7a6b5b203592922
eyJhbGciOiJIUzI1NiIsInR5cCI6IkpXVCJ9.eyJpZCI6IjY5ZmQxZDZlZTdhNmI1YjIwMzU5MjkyMyIsImVtYWlsIjoibG9hZHRlc3QtMDM0NkBpY2hhbmdlLnRlc3QiLCJyb2xlIjoic3R1ZGVudCIsImlhdCI6MTc3ODE5NTgyMiwiZXhwIjoxNzc4MjAzMDIyfQ.M8rS7zZy7tkmZ8BhTMzg6gfXpVyaq-9TPx0hY35_IYQ,69fd1d6de7a6b5b2035927c5,69fd1d6ee7a6b5b203592923
eyJhbGciOiJIUzI1NiIsInR5cCI6IkpXVCJ9.eyJpZCI6IjY5ZmQxZDZlZTdhNmI1YjIwMzU5MjkyNCIsImVtYWlsIjoibG9hZHRlc3QtMDM0N0BpY2hhbmdlLnRlc3QiLCJyb2xlIjoic3R1ZGVudCIsImlhdCI6MTc3ODE5NTgyMiwiZXhwIjoxNzc4MjAzMDIyfQ.x14CDMa4BUlz6RhvSSJL0880_HuQoZw_xLapp1-zmTo,69fd1d6de7a6b5b2035927c5,69fd1d6ee7a6b5b203592924
eyJhbGciOiJIUzI1NiIsInR5cCI6IkpXVCJ9.eyJpZCI6IjY5ZmQxZDZlZTdhNmI1YjIwMzU5MjkyNSIsImVtYWlsIjoibG9hZHRlc3QtMDM0OEBpY2hhbmdlLnRlc3QiLCJyb2xlIjoic3R1ZGVudCIsImlhdCI6MTc3ODE5NTgyMiwiZXhwIjoxNzc4MjAzMDIyfQ.7jZQaItaDBO3e39SLhjGUw2hf9ZieYzoOT-2fBy1_z0,69fd1d6de7a6b5b2035927c5,69fd1d6ee7a6b5b203592925
eyJhbGciOiJIUzI1NiIsInR5cCI6IkpXVCJ9.eyJpZCI6IjY5ZmQxZDZlZTdhNmI1YjIwMzU5MjkyNiIsImVtYWlsIjoibG9hZHRlc3QtMDM0OUBpY2hhbmdlLnRlc3QiLCJyb2xlIjoic3R1ZGVudCIsImlhdCI6MTc3ODE5NTgyMiwiZXhwIjoxNzc4MjAzMDIyfQ.rBdOkHkMTX2h7j1TZt8Ms4O10-dxBbxtYks62xj3dmo,69fd1d6de7a6b5b2035927c5,69fd1d6ee7a6b5b203592926
eyJhbGciOiJIUzI1NiIsInR5cCI6IkpXVCJ9.eyJpZCI6IjY5ZmQxZDZlZTdhNmI1YjIwMzU5MjkyNyIsImVtYWlsIjoibG9hZHRlc3QtMDM1MEBpY2hhbmdlLnRlc3QiLCJyb2xlIjoic3R1ZGVudCIsImlhdCI6MTc3ODE5NTgyMiwiZXhwIjoxNzc4MjAzMDIyfQ.kDPj-wcTg0SkOIs_9K3bkPThl-7lceOjs48np84xQSU,69fd1d6de7a6b5b2035927c5,69fd1d6ee7a6b5b203592927
eyJhbGciOiJIUzI1NiIsInR5cCI6IkpXVCJ9.eyJpZCI6IjY5ZmQxZDZlZTdhNmI1YjIwMzU5MjkyOCIsImVtYWlsIjoibG9hZHRlc3QtMDM1MUBpY2hhbmdlLnRlc3QiLCJyb2xlIjoic3R1ZGVudCIsImlhdCI6MTc3ODE5NTgyMiwiZXhwIjoxNzc4MjAzMDIyfQ.D8t-eWlQGb4Jwzz2cCfW4GpKIlZ55MhxxNs0JCEyz1k,69fd1d6de7a6b5b2035927c5,69fd1d6ee7a6b5b203592928
eyJhbGciOiJIUzI1NiIsInR5cCI6IkpXVCJ9.eyJpZCI6IjY5ZmQxZDZlZTdhNmI1YjIwMzU5MjkyOSIsImVtYWlsIjoibG9hZHRlc3QtMDM1MkBpY2hhbmdlLnRlc3QiLCJyb2xlIjoic3R1ZGVudCIsImlhdCI6MTc3ODE5NTgyMiwiZXhwIjoxNzc4MjAzMDIyfQ.OCn5du2pexDllGx5aQqRcvfzXqx7kpDf6ad2uK5rKTI,69fd1d6de7a6b5b2035927c5,69fd1d6ee7a6b5b203592929
eyJhbGciOiJIUzI1NiIsInR5cCI6IkpXVCJ9.eyJpZCI6IjY5ZmQxZDZlZTdhNmI1YjIwMzU5MjkyYSIsImVtYWlsIjoibG9hZHRlc3QtMDM1M0BpY2hhbmdlLnRlc3QiLCJyb2xlIjoic3R1ZGVudCIsImlhdCI6MTc3ODE5NTgyMiwiZXhwIjoxNzc4MjAzMDIyfQ.pwQS-voXA42RidABBeAD06_pDD1AQyZxLH4uVsHi1PU,69fd1d6de7a6b5b2035927c5,69fd1d6ee7a6b5b20359292a
eyJhbGciOiJIUzI1NiIsInR5cCI6IkpXVCJ9.eyJpZCI6IjY5ZmQxZDZlZTdhNmI1YjIwMzU5MjkyYiIsImVtYWlsIjoibG9hZHRlc3QtMDM1NEBpY2hhbmdlLnRlc3QiLCJyb2xlIjoic3R1ZGVudCIsImlhdCI6MTc3ODE5NTgyMiwiZXhwIjoxNzc4MjAzMDIyfQ.Hvil-NCjEwg1RRhJIV9j6txberCplt11WcmrDjrsJAg,69fd1d6de7a6b5b2035927c5,69fd1d6ee7a6b5b20359292b
eyJhbGciOiJIUzI1NiIsInR5cCI6IkpXVCJ9.eyJpZCI6IjY5ZmQxZDZlZTdhNmI1YjIwMzU5MjkyYyIsImVtYWlsIjoibG9hZHRlc3QtMDM1NUBpY2hhbmdlLnRlc3QiLCJyb2xlIjoic3R1ZGVudCIsImlhdCI6MTc3ODE5NTgyMiwiZXhwIjoxNzc4MjAzMDIyfQ.WHou9XbrQnI8i_GtygTLs8v3Lvm9iOreBuLu0CFwN1U,69fd1d6de7a6b5b2035927c5,69fd1d6ee7a6b5b20359292c
eyJhbGciOiJIUzI1NiIsInR5cCI6IkpXVCJ9.eyJpZCI6IjY5ZmQxZDZlZTdhNmI1YjIwMzU5MjkyZCIsImVtYWlsIjoibG9hZHRlc3QtMDM1NkBpY2hhbmdlLnRlc3QiLCJyb2xlIjoic3R1ZGVudCIsImlhdCI6MTc3ODE5NTgyMiwiZXhwIjoxNzc4MjAzMDIyfQ.ajTFd8gX9Bq7fllnhgTRgtaUeAG2QoulIvtpN44kB3Y,69fd1d6de7a6b5b2035927c5,69fd1d6ee7a6b5b20359292d
eyJhbGciOiJIUzI1NiIsInR5cCI6IkpXVCJ9.eyJpZCI6IjY5ZmQxZDZlZTdhNmI1YjIwMzU5MjkyZSIsImVtYWlsIjoibG9hZHRlc3QtMDM1N0BpY2hhbmdlLnRlc3QiLCJyb2xlIjoic3R1ZGVudCIsImlhdCI6MTc3ODE5NTgyMiwiZXhwIjoxNzc4MjAzMDIyfQ.PRS2okexLVE_1YRJHbdxFlu3-YeHtmk8BoLFAKthmMk,69fd1d6de7a6b5b2035927c5,69fd1d6ee7a6b5b20359292e
eyJhbGciOiJIUzI1NiIsInR5cCI6IkpXVCJ9.eyJpZCI6IjY5ZmQxZDZlZTdhNmI1YjIwMzU5MjkyZiIsImVtYWlsIjoibG9hZHRlc3QtMDM1OEBpY2hhbmdlLnRlc3QiLCJyb2xlIjoic3R1ZGVudCIsImlhdCI6MTc3ODE5NTgyMiwiZXhwIjoxNzc4MjAzMDIyfQ.-kO8CCEYLTg7JGcRc52JVnPckTmJSJZRyeKhgq1JdXc,69fd1d6de7a6b5b2035927c5,69fd1d6ee7a6b5b20359292f
eyJhbGciOiJIUzI1NiIsInR5cCI6IkpXVCJ9.eyJpZCI6IjY5ZmQxZDZlZTdhNmI1YjIwMzU5MjkzMCIsImVtYWlsIjoibG9hZHRlc3QtMDM1OUBpY2hhbmdlLnRlc3QiLCJyb2xlIjoic3R1ZGVudCIsImlhdCI6MTc3ODE5NTgyMiwiZXhwIjoxNzc4MjAzMDIyfQ.tE1cCPn4wJUYCt8z_eWXCH-BPKzjtyiaNSb42bpTg4I,69fd1d6de7a6b5b2035927c5,69fd1d6ee7a6b5b203592930
eyJhbGciOiJIUzI1NiIsInR5cCI6IkpXVCJ9.eyJpZCI6IjY5ZmQxZDZlZTdhNmI1YjIwMzU5MjkzMSIsImVtYWlsIjoibG9hZHRlc3QtMDM2MEBpY2hhbmdlLnRlc3QiLCJyb2xlIjoic3R1ZGVudCIsImlhdCI6MTc3ODE5NTgyMiwiZXhwIjoxNzc4MjAzMDIyfQ.t-791woL_AOjcahZ5J7X7A2BHUCoNp4LsCfDSrpuXww,69fd1d6de7a6b5b2035927c5,69fd1d6ee7a6b5b203592931
eyJhbGciOiJIUzI1NiIsInR5cCI6IkpXVCJ9.eyJpZCI6IjY5ZmQxZDZlZTdhNmI1YjIwMzU5MjkzMiIsImVtYWlsIjoibG9hZHRlc3QtMDM2MUBpY2hhbmdlLnRlc3QiLCJyb2xlIjoic3R1ZGVudCIsImlhdCI6MTc3ODE5NTgyMiwiZXhwIjoxNzc4MjAzMDIyfQ._vditildvToOLk7TFslshVkK1jR3Vlc0ZC9aRwqmw3A,69fd1d6de7a6b5b2035927c5,69fd1d6ee7a6b5b203592932
eyJhbGciOiJIUzI1NiIsInR5cCI6IkpXVCJ9.eyJpZCI6IjY5ZmQxZDZlZTdhNmI1YjIwMzU5MjkzMyIsImVtYWlsIjoibG9hZHRlc3QtMDM2MkBpY2hhbmdlLnRlc3QiLCJyb2xlIjoic3R1ZGVudCIsImlhdCI6MTc3ODE5NTgyMiwiZXhwIjoxNzc4MjAzMDIyfQ.9tl4YKnCtrLaA0eWUpvTPQpA33IwIUenP5JBj4Pbwck,69fd1d6de7a6b5b2035927c5,69fd1d6ee7a6b5b203592933
eyJhbGciOiJIUzI1NiIsInR5cCI6IkpXVCJ9.eyJpZCI6IjY5ZmQxZDZlZTdhNmI1YjIwMzU5MjkzNCIsImVtYWlsIjoibG9hZHRlc3QtMDM2M0BpY2hhbmdlLnRlc3QiLCJyb2xlIjoic3R1ZGVudCIsImlhdCI6MTc3ODE5NTgyMiwiZXhwIjoxNzc4MjAzMDIyfQ.XKr3LpUPSQ5GibVi1oZzbNdnSqkCJ-ssOHoirPohRNo,69fd1d6de7a6b5b2035927c5,69fd1d6ee7a6b5b203592934
eyJhbGciOiJIUzI1NiIsInR5cCI6IkpXVCJ9.eyJpZCI6IjY5ZmQxZDZlZTdhNmI1YjIwMzU5MjkzNSIsImVtYWlsIjoibG9hZHRlc3QtMDM2NEBpY2hhbmdlLnRlc3QiLCJyb2xlIjoic3R1ZGVudCIsImlhdCI6MTc3ODE5NTgyMiwiZXhwIjoxNzc4MjAzMDIyfQ.B2VRkCucQqYica1xK-omV9e1o76cF_LFSqdpWZnlAnQ,69fd1d6de7a6b5b2035927c5,69fd1d6ee7a6b5b203592935
eyJhbGciOiJIUzI1NiIsInR5cCI6IkpXVCJ9.eyJpZCI6IjY5ZmQxZDZlZTdhNmI1YjIwMzU5MjkzNiIsImVtYWlsIjoibG9hZHRlc3QtMDM2NUBpY2hhbmdlLnRlc3QiLCJyb2xlIjoic3R1ZGVudCIsImlhdCI6MTc3ODE5NTgyMiwiZXhwIjoxNzc4MjAzMDIyfQ.1ut7ziy0xQhCIJ_icu15bcbiP1ov5H6ZX6eemn7FoZM,69fd1d6de7a6b5b2035927c5,69fd1d6ee7a6b5b203592936
eyJhbGciOiJIUzI1NiIsInR5cCI6IkpXVCJ9.eyJpZCI6IjY5ZmQxZDZlZTdhNmI1YjIwMzU5MjkzNyIsImVtYWlsIjoibG9hZHRlc3QtMDM2NkBpY2hhbmdlLnRlc3QiLCJyb2xlIjoic3R1ZGVudCIsImlhdCI6MTc3ODE5NTgyMiwiZXhwIjoxNzc4MjAzMDIyfQ.eObRWwq2sc0-prKOu3tHGzfJi87ZQhkQ2YMYaxxees4,69fd1d6de7a6b5b2035927c5,69fd1d6ee7a6b5b203592937
eyJhbGciOiJIUzI1NiIsInR5cCI6IkpXVCJ9.eyJpZCI6IjY5ZmQxZDZlZTdhNmI1YjIwMzU5MjkzOCIsImVtYWlsIjoibG9hZHRlc3QtMDM2N0BpY2hhbmdlLnRlc3QiLCJyb2xlIjoic3R1ZGVudCIsImlhdCI6MTc3ODE5NTgyMiwiZXhwIjoxNzc4MjAzMDIyfQ.XoI6cXdgDDaA8wycbt1h6UKuQ6-dPTYOTGVPvvU5Kfc,69fd1d6de7a6b5b2035927c5,69fd1d6ee7a6b5b203592938
eyJhbGciOiJIUzI1NiIsInR5cCI6IkpXVCJ9.eyJpZCI6IjY5ZmQxZDZlZTdhNmI1YjIwMzU5MjkzOSIsImVtYWlsIjoibG9hZHRlc3QtMDM2OEBpY2hhbmdlLnRlc3QiLCJyb2xlIjoic3R1ZGVudCIsImlhdCI6MTc3ODE5NTgyMiwiZXhwIjoxNzc4MjAzMDIyfQ.NkrUZqB1eP1vW-y2MjkIZgi2ewkP3QWKdhxj5CBDKmw,69fd1d6de7a6b5b2035927c5,69fd1d6ee7a6b5b203592939
eyJhbGciOiJIUzI1NiIsInR5cCI6IkpXVCJ9.eyJpZCI6IjY5ZmQxZDZlZTdhNmI1YjIwMzU5MjkzYSIsImVtYWlsIjoibG9hZHRlc3QtMDM2OUBpY2hhbmdlLnRlc3QiLCJyb2xlIjoic3R1ZGVudCIsImlhdCI6MTc3ODE5NTgyMiwiZXhwIjoxNzc4MjAzMDIyfQ.2ShonnNJyMy2917GJt2t_4LElQL6sLfZQb27EIsSImE,69fd1d6de7a6b5b2035927c5,69fd1d6ee7a6b5b20359293a
eyJhbGciOiJIUzI1NiIsInR5cCI6IkpXVCJ9.eyJpZCI6IjY5ZmQxZDZlZTdhNmI1YjIwMzU5MjkzYiIsImVtYWlsIjoibG9hZHRlc3QtMDM3MEBpY2hhbmdlLnRlc3QiLCJyb2xlIjoic3R1ZGVudCIsImlhdCI6MTc3ODE5NTgyMiwiZXhwIjoxNzc4MjAzMDIyfQ.87M-TWBYHfnNumHF63nCHddT0bExGwIlT-iKEWzscLU,69fd1d6de7a6b5b2035927c5,69fd1d6ee7a6b5b20359293b
eyJhbGciOiJIUzI1NiIsInR5cCI6IkpXVCJ9.eyJpZCI6IjY5ZmQxZDZlZTdhNmI1YjIwMzU5MjkzYyIsImVtYWlsIjoibG9hZHRlc3QtMDM3MUBpY2hhbmdlLnRlc3QiLCJyb2xlIjoic3R1ZGVudCIsImlhdCI6MTc3ODE5NTgyMiwiZXhwIjoxNzc4MjAzMDIyfQ.O48AdFUBfxqZ_C5FxQKGFiMhqx5gtXfeIIX2dEFC4nQ,69fd1d6de7a6b5b2035927c5,69fd1d6ee7a6b5b20359293c
eyJhbGciOiJIUzI1NiIsInR5cCI6IkpXVCJ9.eyJpZCI6IjY5ZmQxZDZlZTdhNmI1YjIwMzU5MjkzZCIsImVtYWlsIjoibG9hZHRlc3QtMDM3MkBpY2hhbmdlLnRlc3QiLCJyb2xlIjoic3R1ZGVudCIsImlhdCI6MTc3ODE5NTgyMiwiZXhwIjoxNzc4MjAzMDIyfQ.IikVRsNkFaFlquP4L726oqDgOKwhCAoSZfUvEoBo2Nc,69fd1d6de7a6b5b2035927c5,69fd1d6ee7a6b5b20359293d
eyJhbGciOiJIUzI1NiIsInR5cCI6IkpXVCJ9.eyJpZCI6IjY5ZmQxZDZlZTdhNmI1YjIwMzU5MjkzZSIsImVtYWlsIjoibG9hZHRlc3QtMDM3M0BpY2hhbmdlLnRlc3QiLCJyb2xlIjoic3R1ZGVudCIsImlhdCI6MTc3ODE5NTgyMiwiZXhwIjoxNzc4MjAzMDIyfQ.abFl2D2gdK78aBgovN1CXa9hreaqwBZjX_dVGa4lE_c,69fd1d6de7a6b5b2035927c5,69fd1d6ee7a6b5b20359293e
eyJhbGciOiJIUzI1NiIsInR5cCI6IkpXVCJ9.eyJpZCI6IjY5ZmQxZDZlZTdhNmI1YjIwMzU5MjkzZiIsImVtYWlsIjoibG9hZHRlc3QtMDM3NEBpY2hhbmdlLnRlc3QiLCJyb2xlIjoic3R1ZGVudCIsImlhdCI6MTc3ODE5NTgyMiwiZXhwIjoxNzc4MjAzMDIyfQ.cFBBK2BaYilgcXiInQxgQBTERHRsqph7UzkuDnbOYaM,69fd1d6de7a6b5b2035927c5,69fd1d6ee7a6b5b20359293f
eyJhbGciOiJIUzI1NiIsInR5cCI6IkpXVCJ9.eyJpZCI6IjY5ZmQxZDZlZTdhNmI1YjIwMzU5Mjk0MCIsImVtYWlsIjoibG9hZHRlc3QtMDM3NUBpY2hhbmdlLnRlc3QiLCJyb2xlIjoic3R1ZGVudCIsImlhdCI6MTc3ODE5NTgyMiwiZXhwIjoxNzc4MjAzMDIyfQ.JqxnaBaxiFZ_KqoKlDLCmmnMfb49rNVakK_OtccyniU,69fd1d6de7a6b5b2035927c5,69fd1d6ee7a6b5b203592940
eyJhbGciOiJIUzI1NiIsInR5cCI6IkpXVCJ9.eyJpZCI6IjY5ZmQxZDZlZTdhNmI1YjIwMzU5Mjk0MSIsImVtYWlsIjoibG9hZHRlc3QtMDM3NkBpY2hhbmdlLnRlc3QiLCJyb2xlIjoic3R1ZGVudCIsImlhdCI6MTc3ODE5NTgyMiwiZXhwIjoxNzc4MjAzMDIyfQ.VAHFZEepJfuPpZLB1TAbR0O3kyHORBchwNU6X3_8qL0,69fd1d6de7a6b5b2035927c5,69fd1d6ee7a6b5b203592941
eyJhbGciOiJIUzI1NiIsInR5cCI6IkpXVCJ9.eyJpZCI6IjY5ZmQxZDZlZTdhNmI1YjIwMzU5Mjk0MiIsImVtYWlsIjoibG9hZHRlc3QtMDM3N0BpY2hhbmdlLnRlc3QiLCJyb2xlIjoic3R1ZGVudCIsImlhdCI6MTc3ODE5NTgyMiwiZXhwIjoxNzc4MjAzMDIyfQ.RhpT93TCDtQFFJl88wZq79laNfOY62xGLJYYwT2m8xc,69fd1d6de7a6b5b2035927c5,69fd1d6ee7a6b5b203592942
eyJhbGciOiJIUzI1NiIsInR5cCI6IkpXVCJ9.eyJpZCI6IjY5ZmQxZDZlZTdhNmI1YjIwMzU5Mjk0MyIsImVtYWlsIjoibG9hZHRlc3QtMDM3OEBpY2hhbmdlLnRlc3QiLCJyb2xlIjoic3R1ZGVudCIsImlhdCI6MTc3ODE5NTgyMiwiZXhwIjoxNzc4MjAzMDIyfQ.yTHNtrw9od9oAhsZhcXgyRBs1GBCxwmvOqSk54IBgtw,69fd1d6de7a6b5b2035927c5,69fd1d6ee7a6b5b203592943
eyJhbGciOiJIUzI1NiIsInR5cCI6IkpXVCJ9.eyJpZCI6IjY5ZmQxZDZlZTdhNmI1YjIwMzU5Mjk0NCIsImVtYWlsIjoibG9hZHRlc3QtMDM3OUBpY2hhbmdlLnRlc3QiLCJyb2xlIjoic3R1ZGVudCIsImlhdCI6MTc3ODE5NTgyMiwiZXhwIjoxNzc4MjAzMDIyfQ.7d2ACrPMTF1meomDOhlK8kTjIz0YV1MXWbUgVQjGyhw,69fd1d6de7a6b5b2035927c5,69fd1d6ee7a6b5b203592944
eyJhbGciOiJIUzI1NiIsInR5cCI6IkpXVCJ9.eyJpZCI6IjY5ZmQxZDZlZTdhNmI1YjIwMzU5Mjk0NSIsImVtYWlsIjoibG9hZHRlc3QtMDM4MEBpY2hhbmdlLnRlc3QiLCJyb2xlIjoic3R1ZGVudCIsImlhdCI6MTc3ODE5NTgyMiwiZXhwIjoxNzc4MjAzMDIyfQ.7Z6uUhbXW3CkWR1nSOidxwcjx-2VoT3Zyg-rNQX5yGk,69fd1d6de7a6b5b2035927c5,69fd1d6ee7a6b5b203592945
eyJhbGciOiJIUzI1NiIsInR5cCI6IkpXVCJ9.eyJpZCI6IjY5ZmQxZDZlZTdhNmI1YjIwMzU5Mjk0NiIsImVtYWlsIjoibG9hZHRlc3QtMDM4MUBpY2hhbmdlLnRlc3QiLCJyb2xlIjoic3R1ZGVudCIsImlhdCI6MTc3ODE5NTgyMiwiZXhwIjoxNzc4MjAzMDIyfQ.TmXsg15WfUXJ31u7PNjYT-qzNE411QztGTz7ml94EBI,69fd1d6de7a6b5b2035927c5,69fd1d6ee7a6b5b203592946
eyJhbGciOiJIUzI1NiIsInR5cCI6IkpXVCJ9.eyJpZCI6IjY5ZmQxZDZlZTdhNmI1YjIwMzU5Mjk0NyIsImVtYWlsIjoibG9hZHRlc3QtMDM4MkBpY2hhbmdlLnRlc3QiLCJyb2xlIjoic3R1ZGVudCIsImlhdCI6MTc3ODE5NTgyMiwiZXhwIjoxNzc4MjAzMDIyfQ.XmTFCba3pKU86VDZde_Zq1ek-7HspLV29iPEv5Ez1tY,69fd1d6de7a6b5b2035927c5,69fd1d6ee7a6b5b203592947
eyJhbGciOiJIUzI1NiIsInR5cCI6IkpXVCJ9.eyJpZCI6IjY5ZmQxZDZlZTdhNmI1YjIwMzU5Mjk0OCIsImVtYWlsIjoibG9hZHRlc3QtMDM4M0BpY2hhbmdlLnRlc3QiLCJyb2xlIjoic3R1ZGVudCIsImlhdCI6MTc3ODE5NTgyMiwiZXhwIjoxNzc4MjAzMDIyfQ.BnDoqDvJ2tkThTctfg7JnM3rKKawKWHvfl7Lephd_tY,69fd1d6de7a6b5b2035927c5,69fd1d6ee7a6b5b203592948
eyJhbGciOiJIUzI1NiIsInR5cCI6IkpXVCJ9.eyJpZCI6IjY5ZmQxZDZlZTdhNmI1YjIwMzU5Mjk0OSIsImVtYWlsIjoibG9hZHRlc3QtMDM4NEBpY2hhbmdlLnRlc3QiLCJyb2xlIjoic3R1ZGVudCIsImlhdCI6MTc3ODE5NTgyMiwiZXhwIjoxNzc4MjAzMDIyfQ.p0_360hvSp00ZFbvbUeVn6Jf3_BvO42k4lUPUgKMeJw,69fd1d6de7a6b5b2035927c5,69fd1d6ee7a6b5b203592949
eyJhbGciOiJIUzI1NiIsInR5cCI6IkpXVCJ9.eyJpZCI6IjY5ZmQxZDZlZTdhNmI1YjIwMzU5Mjk0YSIsImVtYWlsIjoibG9hZHRlc3QtMDM4NUBpY2hhbmdlLnRlc3QiLCJyb2xlIjoic3R1ZGVudCIsImlhdCI6MTc3ODE5NTgyMiwiZXhwIjoxNzc4MjAzMDIyfQ.rt6hoAwq9dLVdSbrHpzeN9mTokxu1_bfGtEeW2k8870,69fd1d6de7a6b5b2035927c5,69fd1d6ee7a6b5b20359294a
eyJhbGciOiJIUzI1NiIsInR5cCI6IkpXVCJ9.eyJpZCI6IjY5ZmQxZDZlZTdhNmI1YjIwMzU5Mjk0YiIsImVtYWlsIjoibG9hZHRlc3QtMDM4NkBpY2hhbmdlLnRlc3QiLCJyb2xlIjoic3R1ZGVudCIsImlhdCI6MTc3ODE5NTgyMiwiZXhwIjoxNzc4MjAzMDIyfQ.75u4Rx6bTVrqYWSNrhGQYD7c7YBkSj73ezreQEE4cTQ,69fd1d6de7a6b5b2035927c5,69fd1d6ee7a6b5b20359294b
eyJhbGciOiJIUzI1NiIsInR5cCI6IkpXVCJ9.eyJpZCI6IjY5ZmQxZDZlZTdhNmI1YjIwMzU5Mjk0YyIsImVtYWlsIjoibG9hZHRlc3QtMDM4N0BpY2hhbmdlLnRlc3QiLCJyb2xlIjoic3R1ZGVudCIsImlhdCI6MTc3ODE5NTgyMiwiZXhwIjoxNzc4MjAzMDIyfQ.5OCegWkYvP1eoMIii66l-FvylULlPD0SDF18-7GFKpo,69fd1d6de7a6b5b2035927c5,69fd1d6ee7a6b5b20359294c
eyJhbGciOiJIUzI1NiIsInR5cCI6IkpXVCJ9.eyJpZCI6IjY5ZmQxZDZlZTdhNmI1YjIwMzU5Mjk0ZCIsImVtYWlsIjoibG9hZHRlc3QtMDM4OEBpY2hhbmdlLnRlc3QiLCJyb2xlIjoic3R1ZGVudCIsImlhdCI6MTc3ODE5NTgyMiwiZXhwIjoxNzc4MjAzMDIyfQ.N1NYH0WYvz6Ap1c3QDUcCUiY260DOZJV_JpgmF5Z9Xk,69fd1d6de7a6b5b2035927c5,69fd1d6ee7a6b5b20359294d
eyJhbGciOiJIUzI1NiIsInR5cCI6IkpXVCJ9.eyJpZCI6IjY5ZmQxZDZlZTdhNmI1YjIwMzU5Mjk0ZSIsImVtYWlsIjoibG9hZHRlc3QtMDM4OUBpY2hhbmdlLnRlc3QiLCJyb2xlIjoic3R1ZGVudCIsImlhdCI6MTc3ODE5NTgyMiwiZXhwIjoxNzc4MjAzMDIyfQ.tVF18-1SxgHCd7YJhQG6EpPqPV4wRiuUC-tl_nwg5so,69fd1d6de7a6b5b2035927c5,69fd1d6ee7a6b5b20359294e
eyJhbGciOiJIUzI1NiIsInR5cCI6IkpXVCJ9.eyJpZCI6IjY5ZmQxZDZlZTdhNmI1YjIwMzU5Mjk0ZiIsImVtYWlsIjoibG9hZHRlc3QtMDM5MEBpY2hhbmdlLnRlc3QiLCJyb2xlIjoic3R1ZGVudCIsImlhdCI6MTc3ODE5NTgyMiwiZXhwIjoxNzc4MjAzMDIyfQ.ySgDjsbCBF2GH9iU7XmrtiapXcsI-7q6tz7hHTVZm_k,69fd1d6de7a6b5b2035927c5,69fd1d6ee7a6b5b20359294f
eyJhbGciOiJIUzI1NiIsInR5cCI6IkpXVCJ9.eyJpZCI6IjY5ZmQxZDZlZTdhNmI1YjIwMzU5Mjk1MCIsImVtYWlsIjoibG9hZHRlc3QtMDM5MUBpY2hhbmdlLnRlc3QiLCJyb2xlIjoic3R1ZGVudCIsImlhdCI6MTc3ODE5NTgyMiwiZXhwIjoxNzc4MjAzMDIyfQ.6cCaSgmfShTDlWpSIIREwqolllgUD62Xdw4prtIg2-Y,69fd1d6de7a6b5b2035927c5,69fd1d6ee7a6b5b203592950
eyJhbGciOiJIUzI1NiIsInR5cCI6IkpXVCJ9.eyJpZCI6IjY5ZmQxZDZlZTdhNmI1YjIwMzU5Mjk1MSIsImVtYWlsIjoibG9hZHRlc3QtMDM5MkBpY2hhbmdlLnRlc3QiLCJyb2xlIjoic3R1ZGVudCIsImlhdCI6MTc3ODE5NTgyMiwiZXhwIjoxNzc4MjAzMDIyfQ.WZ6riMOj10cQrKq954zzE3ddKm2GjmxqJIrolGjIYhU,69fd1d6de7a6b5b2035927c5,69fd1d6ee7a6b5b203592951
eyJhbGciOiJIUzI1NiIsInR5cCI6IkpXVCJ9.eyJpZCI6IjY5ZmQxZDZlZTdhNmI1YjIwMzU5Mjk1MiIsImVtYWlsIjoibG9hZHRlc3QtMDM5M0BpY2hhbmdlLnRlc3QiLCJyb2xlIjoic3R1ZGVudCIsImlhdCI6MTc3ODE5NTgyMiwiZXhwIjoxNzc4MjAzMDIyfQ.ToqZw389-xYebbUCab25QM40iiYyB2Ln6gVPyaZt7Fo,69fd1d6de7a6b5b2035927c5,69fd1d6ee7a6b5b203592952
eyJhbGciOiJIUzI1NiIsInR5cCI6IkpXVCJ9.eyJpZCI6IjY5ZmQxZDZlZTdhNmI1YjIwMzU5Mjk1MyIsImVtYWlsIjoibG9hZHRlc3QtMDM5NEBpY2hhbmdlLnRlc3QiLCJyb2xlIjoic3R1ZGVudCIsImlhdCI6MTc3ODE5NTgyMiwiZXhwIjoxNzc4MjAzMDIyfQ.YsHHQMd4HYjmMNhCawOKP19MZQlhCdgnw6mwm977DDY,69fd1d6de7a6b5b2035927c5,69fd1d6ee7a6b5b203592953
eyJhbGciOiJIUzI1NiIsInR5cCI6IkpXVCJ9.eyJpZCI6IjY5ZmQxZDZlZTdhNmI1YjIwMzU5Mjk1NCIsImVtYWlsIjoibG9hZHRlc3QtMDM5NUBpY2hhbmdlLnRlc3QiLCJyb2xlIjoic3R1ZGVudCIsImlhdCI6MTc3ODE5NTgyMiwiZXhwIjoxNzc4MjAzMDIyfQ.t3v-z6MtMZCUDi2i_x7NMzWfYW1vvJoMOLoC2PKdqAM,69fd1d6de7a6b5b2035927c5,69fd1d6ee7a6b5b203592954
eyJhbGciOiJIUzI1NiIsInR5cCI6IkpXVCJ9.eyJpZCI6IjY5ZmQxZDZlZTdhNmI1YjIwMzU5Mjk1NSIsImVtYWlsIjoibG9hZHRlc3QtMDM5NkBpY2hhbmdlLnRlc3QiLCJyb2xlIjoic3R1ZGVudCIsImlhdCI6MTc3ODE5NTgyMiwiZXhwIjoxNzc4MjAzMDIyfQ.-mfwSS_Tqg07jDxZO80hl8_DGBCHq3-NLIMj_ZfbxKU,69fd1d6de7a6b5b2035927c5,69fd1d6ee7a6b5b203592955
eyJhbGciOiJIUzI1NiIsInR5cCI6IkpXVCJ9.eyJpZCI6IjY5ZmQxZDZlZTdhNmI1YjIwMzU5Mjk1NiIsImVtYWlsIjoibG9hZHRlc3QtMDM5N0BpY2hhbmdlLnRlc3QiLCJyb2xlIjoic3R1ZGVudCIsImlhdCI6MTc3ODE5NTgyMiwiZXhwIjoxNzc4MjAzMDIyfQ.cl9uL0NoOPxqnNQl9Xc_1tB5NYn1zlASXQ243BQjqso,69fd1d6de7a6b5b2035927c5,69fd1d6ee7a6b5b203592956
eyJhbGciOiJIUzI1NiIsInR5cCI6IkpXVCJ9.eyJpZCI6IjY5ZmQxZDZlZTdhNmI1YjIwMzU5Mjk1NyIsImVtYWlsIjoibG9hZHRlc3QtMDM5OEBpY2hhbmdlLnRlc3QiLCJyb2xlIjoic3R1ZGVudCIsImlhdCI6MTc3ODE5NTgyMiwiZXhwIjoxNzc4MjAzMDIyfQ.9lP31B3CznTcCGKyfEzmdKT2sOdrwrnMET4fispqjNA,69fd1d6de7a6b5b2035927c5,69fd1d6ee7a6b5b203592957
eyJhbGciOiJIUzI1NiIsInR5cCI6IkpXVCJ9.eyJpZCI6IjY5ZmQxZDZlZTdhNmI1YjIwMzU5Mjk1OCIsImVtYWlsIjoibG9hZHRlc3QtMDM5OUBpY2hhbmdlLnRlc3QiLCJyb2xlIjoic3R1ZGVudCIsImlhdCI6MTc3ODE5NTgyMiwiZXhwIjoxNzc4MjAzMDIyfQ.fqfJe4qhmJrIWtrOq_BrS4i9oYq_-QcHcc0cG_-rp3A,69fd1d6de7a6b5b2035927c5,69fd1d6ee7a6b5b203592958
eyJhbGciOiJIUzI1NiIsInR5cCI6IkpXVCJ9.eyJpZCI6IjY5ZmQxZDZlZTdhNmI1YjIwMzU5Mjk1OSIsImVtYWlsIjoibG9hZHRlc3QtMDQwMEBpY2hhbmdlLnRlc3QiLCJyb2xlIjoic3R1ZGVudCIsImlhdCI6MTc3ODE5NTgyMiwiZXhwIjoxNzc4MjAzMDIyfQ.rrab1CGG75BqRUEW-ZW3VibZO-5oSxuPR5ifZ2OixMM,69fd1d6de7a6b5b2035927c5,69fd1d6ee7a6b5b203592959
eyJhbGciOiJIUzI1NiIsInR5cCI6IkpXVCJ9.eyJpZCI6IjY5ZmQxZDZlZTdhNmI1YjIwMzU5Mjk1YiIsImVtYWlsIjoibG9hZHRlc3QtMDQwMUBpY2hhbmdlLnRlc3QiLCJyb2xlIjoic3R1ZGVudCIsImlhdCI6MTc3ODE5NTgyMiwiZXhwIjoxNzc4MjAzMDIyfQ.WhsCea5ta-jVqPtb_d4zglmRgERN7-isLueqlYXXe9w,69fd1d6de7a6b5b2035927c5,69fd1d6ee7a6b5b20359295b
eyJhbGciOiJIUzI1NiIsInR5cCI6IkpXVCJ9.eyJpZCI6IjY5ZmQxZDZlZTdhNmI1YjIwMzU5Mjk1YyIsImVtYWlsIjoibG9hZHRlc3QtMDQwMkBpY2hhbmdlLnRlc3QiLCJyb2xlIjoic3R1ZGVudCIsImlhdCI6MTc3ODE5NTgyMiwiZXhwIjoxNzc4MjAzMDIyfQ.cQuDkneRJeQy9NMfqXDpDvUO6b8iXXJ01KX7ymzWQM0,69fd1d6de7a6b5b2035927c5,69fd1d6ee7a6b5b20359295c
eyJhbGciOiJIUzI1NiIsInR5cCI6IkpXVCJ9.eyJpZCI6IjY5ZmQxZDZlZTdhNmI1YjIwMzU5Mjk1ZCIsImVtYWlsIjoibG9hZHRlc3QtMDQwM0BpY2hhbmdlLnRlc3QiLCJyb2xlIjoic3R1ZGVudCIsImlhdCI6MTc3ODE5NTgyMiwiZXhwIjoxNzc4MjAzMDIyfQ.76a1zoT8y8Z0taCMlP1F4kaTkV76B68JN7wMTs2ilNA,69fd1d6de7a6b5b2035927c5,69fd1d6ee7a6b5b20359295d
eyJhbGciOiJIUzI1NiIsInR5cCI6IkpXVCJ9.eyJpZCI6IjY5ZmQxZDZlZTdhNmI1YjIwMzU5Mjk1ZSIsImVtYWlsIjoibG9hZHRlc3QtMDQwNEBpY2hhbmdlLnRlc3QiLCJyb2xlIjoic3R1ZGVudCIsImlhdCI6MTc3ODE5NTgyMiwiZXhwIjoxNzc4MjAzMDIyfQ.p9Uw1r26n9YRLO8o-MfF--a3hYRJFd3mEHYP8gi5KSQ,69fd1d6de7a6b5b2035927c5,69fd1d6ee7a6b5b20359295e
eyJhbGciOiJIUzI1NiIsInR5cCI6IkpXVCJ9.eyJpZCI6IjY5ZmQxZDZlZTdhNmI1YjIwMzU5Mjk1ZiIsImVtYWlsIjoibG9hZHRlc3QtMDQwNUBpY2hhbmdlLnRlc3QiLCJyb2xlIjoic3R1ZGVudCIsImlhdCI6MTc3ODE5NTgyMiwiZXhwIjoxNzc4MjAzMDIyfQ.KKpl10FkPpIrBxsv7743bqG-K3Djx549QAiFWC6H4GM,69fd1d6de7a6b5b2035927c5,69fd1d6ee7a6b5b20359295f
eyJhbGciOiJIUzI1NiIsInR5cCI6IkpXVCJ9.eyJpZCI6IjY5ZmQxZDZlZTdhNmI1YjIwMzU5Mjk2MCIsImVtYWlsIjoibG9hZHRlc3QtMDQwNkBpY2hhbmdlLnRlc3QiLCJyb2xlIjoic3R1ZGVudCIsImlhdCI6MTc3ODE5NTgyMiwiZXhwIjoxNzc4MjAzMDIyfQ.xZGtNJk-01UAFOWTYVZYz16QSIiGOfCKwG-PSHqcIkk,69fd1d6de7a6b5b2035927c5,69fd1d6ee7a6b5b203592960
eyJhbGciOiJIUzI1NiIsInR5cCI6IkpXVCJ9.eyJpZCI6IjY5ZmQxZDZlZTdhNmI1YjIwMzU5Mjk2MSIsImVtYWlsIjoibG9hZHRlc3QtMDQwN0BpY2hhbmdlLnRlc3QiLCJyb2xlIjoic3R1ZGVudCIsImlhdCI6MTc3ODE5NTgyMiwiZXhwIjoxNzc4MjAzMDIyfQ.rzU9Vih7Oa8XtTGfM_8Y5vznQG_FcZJS_j5_u3fIFAU,69fd1d6de7a6b5b2035927c5,69fd1d6ee7a6b5b203592961
eyJhbGciOiJIUzI1NiIsInR5cCI6IkpXVCJ9.eyJpZCI6IjY5ZmQxZDZlZTdhNmI1YjIwMzU5Mjk2MiIsImVtYWlsIjoibG9hZHRlc3QtMDQwOEBpY2hhbmdlLnRlc3QiLCJyb2xlIjoic3R1ZGVudCIsImlhdCI6MTc3ODE5NTgyMiwiZXhwIjoxNzc4MjAzMDIyfQ.GzJHpJ4vYH8OGyCg5mxyNFB4hXy0a3YiMbxU4oUVal0,69fd1d6de7a6b5b2035927c5,69fd1d6ee7a6b5b203592962
eyJhbGciOiJIUzI1NiIsInR5cCI6IkpXVCJ9.eyJpZCI6IjY5ZmQxZDZlZTdhNmI1YjIwMzU5Mjk2MyIsImVtYWlsIjoibG9hZHRlc3QtMDQwOUBpY2hhbmdlLnRlc3QiLCJyb2xlIjoic3R1ZGVudCIsImlhdCI6MTc3ODE5NTgyMiwiZXhwIjoxNzc4MjAzMDIyfQ.yXP4pnIvCMGS2BPkL1kynZOMV9NQaV_VJe8nNuazmTI,69fd1d6de7a6b5b2035927c5,69fd1d6ee7a6b5b203592963
eyJhbGciOiJIUzI1NiIsInR5cCI6IkpXVCJ9.eyJpZCI6IjY5ZmQxZDZlZTdhNmI1YjIwMzU5Mjk2NCIsImVtYWlsIjoibG9hZHRlc3QtMDQxMEBpY2hhbmdlLnRlc3QiLCJyb2xlIjoic3R1ZGVudCIsImlhdCI6MTc3ODE5NTgyMiwiZXhwIjoxNzc4MjAzMDIyfQ.odZyLQPxmDZHI-6yA2gqzjBcyiW9NRFhAn--nY3SF9k,69fd1d6de7a6b5b2035927c5,69fd1d6ee7a6b5b203592964
eyJhbGciOiJIUzI1NiIsInR5cCI6IkpXVCJ9.eyJpZCI6IjY5ZmQxZDZlZTdhNmI1YjIwMzU5Mjk2NSIsImVtYWlsIjoibG9hZHRlc3QtMDQxMUBpY2hhbmdlLnRlc3QiLCJyb2xlIjoic3R1ZGVudCIsImlhdCI6MTc3ODE5NTgyMiwiZXhwIjoxNzc4MjAzMDIyfQ.QUB3BvYEN-X53-2IWkYJxFoOb1x8UTv9E6X7TVvN438,69fd1d6de7a6b5b2035927c5,69fd1d6ee7a6b5b203592965
eyJhbGciOiJIUzI1NiIsInR5cCI6IkpXVCJ9.eyJpZCI6IjY5ZmQxZDZlZTdhNmI1YjIwMzU5Mjk2NiIsImVtYWlsIjoibG9hZHRlc3QtMDQxMkBpY2hhbmdlLnRlc3QiLCJyb2xlIjoic3R1ZGVudCIsImlhdCI6MTc3ODE5NTgyMiwiZXhwIjoxNzc4MjAzMDIyfQ.sgAEu-WIUYa4kwi1yE0DqToyIV1Ajf0x1YGpSU79SMk,69fd1d6de7a6b5b2035927c5,69fd1d6ee7a6b5b203592966
eyJhbGciOiJIUzI1NiIsInR5cCI6IkpXVCJ9.eyJpZCI6IjY5ZmQxZDZlZTdhNmI1YjIwMzU5Mjk2NyIsImVtYWlsIjoibG9hZHRlc3QtMDQxM0BpY2hhbmdlLnRlc3QiLCJyb2xlIjoic3R1ZGVudCIsImlhdCI6MTc3ODE5NTgyMiwiZXhwIjoxNzc4MjAzMDIyfQ.TsPqOzOwYykcdMhf47dtJ0_wcsdaUQLJdJqzCBUt3QM,69fd1d6de7a6b5b2035927c5,69fd1d6ee7a6b5b203592967
eyJhbGciOiJIUzI1NiIsInR5cCI6IkpXVCJ9.eyJpZCI6IjY5ZmQxZDZlZTdhNmI1YjIwMzU5Mjk2OCIsImVtYWlsIjoibG9hZHRlc3QtMDQxNEBpY2hhbmdlLnRlc3QiLCJyb2xlIjoic3R1ZGVudCIsImlhdCI6MTc3ODE5NTgyMiwiZXhwIjoxNzc4MjAzMDIyfQ.XJQAC43HuIJgv6LNGkN42uYDE5nuLf3Uj3jvuRNFVsk,69fd1d6de7a6b5b2035927c5,69fd1d6ee7a6b5b203592968
eyJhbGciOiJIUzI1NiIsInR5cCI6IkpXVCJ9.eyJpZCI6IjY5ZmQxZDZlZTdhNmI1YjIwMzU5Mjk2OSIsImVtYWlsIjoibG9hZHRlc3QtMDQxNUBpY2hhbmdlLnRlc3QiLCJyb2xlIjoic3R1ZGVudCIsImlhdCI6MTc3ODE5NTgyMiwiZXhwIjoxNzc4MjAzMDIyfQ.RfW2zNXfhbJmBSo8H0X9AjTK23c1BcWOUIsVHKkN8lE,69fd1d6de7a6b5b2035927c5,69fd1d6ee7a6b5b203592969
eyJhbGciOiJIUzI1NiIsInR5cCI6IkpXVCJ9.eyJpZCI6IjY5ZmQxZDZlZTdhNmI1YjIwMzU5Mjk2YSIsImVtYWlsIjoibG9hZHRlc3QtMDQxNkBpY2hhbmdlLnRlc3QiLCJyb2xlIjoic3R1ZGVudCIsImlhdCI6MTc3ODE5NTgyMiwiZXhwIjoxNzc4MjAzMDIyfQ.KPEjTbLlNMbzfi3eh00toAndGfctpR7fdGMiqVfy0Eo,69fd1d6de7a6b5b2035927c5,69fd1d6ee7a6b5b20359296a
eyJhbGciOiJIUzI1NiIsInR5cCI6IkpXVCJ9.eyJpZCI6IjY5ZmQxZDZlZTdhNmI1YjIwMzU5Mjk2YiIsImVtYWlsIjoibG9hZHRlc3QtMDQxN0BpY2hhbmdlLnRlc3QiLCJyb2xlIjoic3R1ZGVudCIsImlhdCI6MTc3ODE5NTgyMiwiZXhwIjoxNzc4MjAzMDIyfQ.2T9ffwWaNgM4Nd1CSwokFH7B6iBKkc7xnXcCRnjj1PA,69fd1d6de7a6b5b2035927c5,69fd1d6ee7a6b5b20359296b
eyJhbGciOiJIUzI1NiIsInR5cCI6IkpXVCJ9.eyJpZCI6IjY5ZmQxZDZlZTdhNmI1YjIwMzU5Mjk2YyIsImVtYWlsIjoibG9hZHRlc3QtMDQxOEBpY2hhbmdlLnRlc3QiLCJyb2xlIjoic3R1ZGVudCIsImlhdCI6MTc3ODE5NTgyMiwiZXhwIjoxNzc4MjAzMDIyfQ.lGfOCSKYsG5zb8cIVTjBl4end46EOhT7lIhLb2867fo,69fd1d6de7a6b5b2035927c5,69fd1d6ee7a6b5b20359296c
eyJhbGciOiJIUzI1NiIsInR5cCI6IkpXVCJ9.eyJpZCI6IjY5ZmQxZDZlZTdhNmI1YjIwMzU5Mjk2ZCIsImVtYWlsIjoibG9hZHRlc3QtMDQxOUBpY2hhbmdlLnRlc3QiLCJyb2xlIjoic3R1ZGVudCIsImlhdCI6MTc3ODE5NTgyMiwiZXhwIjoxNzc4MjAzMDIyfQ.moM-dYrMpZUR9-u4W19ZiY8BK3HFmgR6v0ZFXvm42G8,69fd1d6de7a6b5b2035927c5,69fd1d6ee7a6b5b20359296d
eyJhbGciOiJIUzI1NiIsInR5cCI6IkpXVCJ9.eyJpZCI6IjY5ZmQxZDZlZTdhNmI1YjIwMzU5Mjk2ZSIsImVtYWlsIjoibG9hZHRlc3QtMDQyMEBpY2hhbmdlLnRlc3QiLCJyb2xlIjoic3R1ZGVudCIsImlhdCI6MTc3ODE5NTgyMiwiZXhwIjoxNzc4MjAzMDIyfQ.-nTAPw2kNgXrIKg3hEr9nhO8s1C78kjgne4cuQgWFCQ,69fd1d6de7a6b5b2035927c5,69fd1d6ee7a6b5b20359296e
eyJhbGciOiJIUzI1NiIsInR5cCI6IkpXVCJ9.eyJpZCI6IjY5ZmQxZDZlZTdhNmI1YjIwMzU5Mjk2ZiIsImVtYWlsIjoibG9hZHRlc3QtMDQyMUBpY2hhbmdlLnRlc3QiLCJyb2xlIjoic3R1ZGVudCIsImlhdCI6MTc3ODE5NTgyMiwiZXhwIjoxNzc4MjAzMDIyfQ.RS5zvqxvfeju2yhMC6e6WJaOtdHq5rFjA5DdDJQPUUI,69fd1d6de7a6b5b2035927c5,69fd1d6ee7a6b5b20359296f
eyJhbGciOiJIUzI1NiIsInR5cCI6IkpXVCJ9.eyJpZCI6IjY5ZmQxZDZlZTdhNmI1YjIwMzU5Mjk3MCIsImVtYWlsIjoibG9hZHRlc3QtMDQyMkBpY2hhbmdlLnRlc3QiLCJyb2xlIjoic3R1ZGVudCIsImlhdCI6MTc3ODE5NTgyMiwiZXhwIjoxNzc4MjAzMDIyfQ.mRtO3WoZkrY5Ep7auj0RDuY4cvq9rkllsZZNYfRTvnE,69fd1d6de7a6b5b2035927c5,69fd1d6ee7a6b5b203592970
eyJhbGciOiJIUzI1NiIsInR5cCI6IkpXVCJ9.eyJpZCI6IjY5ZmQxZDZlZTdhNmI1YjIwMzU5Mjk3MSIsImVtYWlsIjoibG9hZHRlc3QtMDQyM0BpY2hhbmdlLnRlc3QiLCJyb2xlIjoic3R1ZGVudCIsImlhdCI6MTc3ODE5NTgyMiwiZXhwIjoxNzc4MjAzMDIyfQ.3lRVGDCi80FeEDshB2CWtZ_bShOhXmo4S3wUVLYAmiU,69fd1d6de7a6b5b2035927c5,69fd1d6ee7a6b5b203592971
eyJhbGciOiJIUzI1NiIsInR5cCI6IkpXVCJ9.eyJpZCI6IjY5ZmQxZDZlZTdhNmI1YjIwMzU5Mjk3MiIsImVtYWlsIjoibG9hZHRlc3QtMDQyNEBpY2hhbmdlLnRlc3QiLCJyb2xlIjoic3R1ZGVudCIsImlhdCI6MTc3ODE5NTgyMiwiZXhwIjoxNzc4MjAzMDIyfQ.tmE38LV641a_EmqP7c1PMbXkh5FYTMUTbnpTkRHRpTY,69fd1d6de7a6b5b2035927c5,69fd1d6ee7a6b5b203592972
eyJhbGciOiJIUzI1NiIsInR5cCI6IkpXVCJ9.eyJpZCI6IjY5ZmQxZDZlZTdhNmI1YjIwMzU5Mjk3MyIsImVtYWlsIjoibG9hZHRlc3QtMDQyNUBpY2hhbmdlLnRlc3QiLCJyb2xlIjoic3R1ZGVudCIsImlhdCI6MTc3ODE5NTgyMiwiZXhwIjoxNzc4MjAzMDIyfQ.ilACUqvXi-Y1fC68pfE2k1HTHvEmzIz5BNSMnIyIMGw,69fd1d6de7a6b5b2035927c5,69fd1d6ee7a6b5b203592973
eyJhbGciOiJIUzI1NiIsInR5cCI6IkpXVCJ9.eyJpZCI6IjY5ZmQxZDZlZTdhNmI1YjIwMzU5Mjk3NCIsImVtYWlsIjoibG9hZHRlc3QtMDQyNkBpY2hhbmdlLnRlc3QiLCJyb2xlIjoic3R1ZGVudCIsImlhdCI6MTc3ODE5NTgyMiwiZXhwIjoxNzc4MjAzMDIyfQ.HJV_QYBIOV2d2-1uZM9_6Su6dMl5KW-qH0b01Ee-54E,69fd1d6de7a6b5b2035927c5,69fd1d6ee7a6b5b203592974
eyJhbGciOiJIUzI1NiIsInR5cCI6IkpXVCJ9.eyJpZCI6IjY5ZmQxZDZlZTdhNmI1YjIwMzU5Mjk3NSIsImVtYWlsIjoibG9hZHRlc3QtMDQyN0BpY2hhbmdlLnRlc3QiLCJyb2xlIjoic3R1ZGVudCIsImlhdCI6MTc3ODE5NTgyMiwiZXhwIjoxNzc4MjAzMDIyfQ.ounhWXkr2VmiqF2EXsKymyJyzBhZUtwlWuP6NdGSNk0,69fd1d6de7a6b5b2035927c5,69fd1d6ee7a6b5b203592975
eyJhbGciOiJIUzI1NiIsInR5cCI6IkpXVCJ9.eyJpZCI6IjY5ZmQxZDZlZTdhNmI1YjIwMzU5Mjk3NiIsImVtYWlsIjoibG9hZHRlc3QtMDQyOEBpY2hhbmdlLnRlc3QiLCJyb2xlIjoic3R1ZGVudCIsImlhdCI6MTc3ODE5NTgyMiwiZXhwIjoxNzc4MjAzMDIyfQ.CSOGRPxJkdj9TrppwHKRIKb1LLpngWKm6xQZeBKyQrk,69fd1d6de7a6b5b2035927c5,69fd1d6ee7a6b5b203592976
eyJhbGciOiJIUzI1NiIsInR5cCI6IkpXVCJ9.eyJpZCI6IjY5ZmQxZDZlZTdhNmI1YjIwMzU5Mjk3NyIsImVtYWlsIjoibG9hZHRlc3QtMDQyOUBpY2hhbmdlLnRlc3QiLCJyb2xlIjoic3R1ZGVudCIsImlhdCI6MTc3ODE5NTgyMiwiZXhwIjoxNzc4MjAzMDIyfQ.hXitR3cJFxd8Rfzsa6qeWyTcVRtN7BYwHxakNPoGD4g,69fd1d6de7a6b5b2035927c5,69fd1d6ee7a6b5b203592977
eyJhbGciOiJIUzI1NiIsInR5cCI6IkpXVCJ9.eyJpZCI6IjY5ZmQxZDZlZTdhNmI1YjIwMzU5Mjk3OCIsImVtYWlsIjoibG9hZHRlc3QtMDQzMEBpY2hhbmdlLnRlc3QiLCJyb2xlIjoic3R1ZGVudCIsImlhdCI6MTc3ODE5NTgyMiwiZXhwIjoxNzc4MjAzMDIyfQ.1jLXIKfe-YIpFVqrH-fJFSs3H35TCNEaZ9BNV0VpXaQ,69fd1d6de7a6b5b2035927c5,69fd1d6ee7a6b5b203592978
eyJhbGciOiJIUzI1NiIsInR5cCI6IkpXVCJ9.eyJpZCI6IjY5ZmQxZDZlZTdhNmI1YjIwMzU5Mjk3OSIsImVtYWlsIjoibG9hZHRlc3QtMDQzMUBpY2hhbmdlLnRlc3QiLCJyb2xlIjoic3R1ZGVudCIsImlhdCI6MTc3ODE5NTgyMiwiZXhwIjoxNzc4MjAzMDIyfQ.LOuK8FykRvdgE6gBeeHMj8zKYNxgNnnwREEhgcsKcFc,69fd1d6de7a6b5b2035927c5,69fd1d6ee7a6b5b203592979
eyJhbGciOiJIUzI1NiIsInR5cCI6IkpXVCJ9.eyJpZCI6IjY5ZmQxZDZlZTdhNmI1YjIwMzU5Mjk3YSIsImVtYWlsIjoibG9hZHRlc3QtMDQzMkBpY2hhbmdlLnRlc3QiLCJyb2xlIjoic3R1ZGVudCIsImlhdCI6MTc3ODE5NTgyMiwiZXhwIjoxNzc4MjAzMDIyfQ.spYniH9jTEY1jQ5DmacXNO57hdlIARslOGuPmciKQ7U,69fd1d6de7a6b5b2035927c5,69fd1d6ee7a6b5b20359297a
eyJhbGciOiJIUzI1NiIsInR5cCI6IkpXVCJ9.eyJpZCI6IjY5ZmQxZDZlZTdhNmI1YjIwMzU5Mjk3YiIsImVtYWlsIjoibG9hZHRlc3QtMDQzM0BpY2hhbmdlLnRlc3QiLCJyb2xlIjoic3R1ZGVudCIsImlhdCI6MTc3ODE5NTgyMiwiZXhwIjoxNzc4MjAzMDIyfQ.9COHVDb_inG3_qyk5PZx9SShyjo119Cflee3JQLYqeE,69fd1d6de7a6b5b2035927c5,69fd1d6ee7a6b5b20359297b
eyJhbGciOiJIUzI1NiIsInR5cCI6IkpXVCJ9.eyJpZCI6IjY5ZmQxZDZlZTdhNmI1YjIwMzU5Mjk3YyIsImVtYWlsIjoibG9hZHRlc3QtMDQzNEBpY2hhbmdlLnRlc3QiLCJyb2xlIjoic3R1ZGVudCIsImlhdCI6MTc3ODE5NTgyMiwiZXhwIjoxNzc4MjAzMDIyfQ.vc2_XNd1gV6RZKckqXYBMg0G91MBuaKc-Ft6qxhyQGs,69fd1d6de7a6b5b2035927c5,69fd1d6ee7a6b5b20359297c
eyJhbGciOiJIUzI1NiIsInR5cCI6IkpXVCJ9.eyJpZCI6IjY5ZmQxZDZlZTdhNmI1YjIwMzU5Mjk3ZCIsImVtYWlsIjoibG9hZHRlc3QtMDQzNUBpY2hhbmdlLnRlc3QiLCJyb2xlIjoic3R1ZGVudCIsImlhdCI6MTc3ODE5NTgyMiwiZXhwIjoxNzc4MjAzMDIyfQ.Sej-BTd7HOXVnalJtT7fBLXirIhnMlwwgbTaCFBc4Lc,69fd1d6de7a6b5b2035927c5,69fd1d6ee7a6b5b20359297d
eyJhbGciOiJIUzI1NiIsInR5cCI6IkpXVCJ9.eyJpZCI6IjY5ZmQxZDZlZTdhNmI1YjIwMzU5Mjk3ZSIsImVtYWlsIjoibG9hZHRlc3QtMDQzNkBpY2hhbmdlLnRlc3QiLCJyb2xlIjoic3R1ZGVudCIsImlhdCI6MTc3ODE5NTgyMiwiZXhwIjoxNzc4MjAzMDIyfQ.27QB5UY5wFDlaK0bAsUaf8mvLFSGPQAx3NB7OiP6jZE,69fd1d6de7a6b5b2035927c5,69fd1d6ee7a6b5b20359297e
eyJhbGciOiJIUzI1NiIsInR5cCI6IkpXVCJ9.eyJpZCI6IjY5ZmQxZDZlZTdhNmI1YjIwMzU5Mjk3ZiIsImVtYWlsIjoibG9hZHRlc3QtMDQzN0BpY2hhbmdlLnRlc3QiLCJyb2xlIjoic3R1ZGVudCIsImlhdCI6MTc3ODE5NTgyMiwiZXhwIjoxNzc4MjAzMDIyfQ.LUupWXozgqMh_W60F2HkrC53WHudHDZOH4OH2pXUV-4,69fd1d6de7a6b5b2035927c5,69fd1d6ee7a6b5b20359297f
eyJhbGciOiJIUzI1NiIsInR5cCI6IkpXVCJ9.eyJpZCI6IjY5ZmQxZDZlZTdhNmI1YjIwMzU5Mjk4MCIsImVtYWlsIjoibG9hZHRlc3QtMDQzOEBpY2hhbmdlLnRlc3QiLCJyb2xlIjoic3R1ZGVudCIsImlhdCI6MTc3ODE5NTgyMiwiZXhwIjoxNzc4MjAzMDIyfQ.BHWlQTf83dREK8u1biTzLtB_0fLdwGkXYgFhg8Ph9qw,69fd1d6de7a6b5b2035927c5,69fd1d6ee7a6b5b203592980
eyJhbGciOiJIUzI1NiIsInR5cCI6IkpXVCJ9.eyJpZCI6IjY5ZmQxZDZlZTdhNmI1YjIwMzU5Mjk4MSIsImVtYWlsIjoibG9hZHRlc3QtMDQzOUBpY2hhbmdlLnRlc3QiLCJyb2xlIjoic3R1ZGVudCIsImlhdCI6MTc3ODE5NTgyMiwiZXhwIjoxNzc4MjAzMDIyfQ.DRKsHOsKoyAp-HryrZLRD03qoSBqfW9eI_mYltWKnxk,69fd1d6de7a6b5b2035927c5,69fd1d6ee7a6b5b203592981
eyJhbGciOiJIUzI1NiIsInR5cCI6IkpXVCJ9.eyJpZCI6IjY5ZmQxZDZlZTdhNmI1YjIwMzU5Mjk4MiIsImVtYWlsIjoibG9hZHRlc3QtMDQ0MEBpY2hhbmdlLnRlc3QiLCJyb2xlIjoic3R1ZGVudCIsImlhdCI6MTc3ODE5NTgyMiwiZXhwIjoxNzc4MjAzMDIyfQ.HXL5JZgqa5SSLlSrXvmLBeZdXOUypzuKTgXa3gy2b8k,69fd1d6de7a6b5b2035927c5,69fd1d6ee7a6b5b203592982
eyJhbGciOiJIUzI1NiIsInR5cCI6IkpXVCJ9.eyJpZCI6IjY5ZmQxZDZlZTdhNmI1YjIwMzU5Mjk4MyIsImVtYWlsIjoibG9hZHRlc3QtMDQ0MUBpY2hhbmdlLnRlc3QiLCJyb2xlIjoic3R1ZGVudCIsImlhdCI6MTc3ODE5NTgyMiwiZXhwIjoxNzc4MjAzMDIyfQ.Tgs1Rz6DTDOx3kBEs_e2hg5eD4uqdTvwuHfT4-Bxlkg,69fd1d6de7a6b5b2035927c5,69fd1d6ee7a6b5b203592983
eyJhbGciOiJIUzI1NiIsInR5cCI6IkpXVCJ9.eyJpZCI6IjY5ZmQxZDZlZTdhNmI1YjIwMzU5Mjk4NCIsImVtYWlsIjoibG9hZHRlc3QtMDQ0MkBpY2hhbmdlLnRlc3QiLCJyb2xlIjoic3R1ZGVudCIsImlhdCI6MTc3ODE5NTgyMiwiZXhwIjoxNzc4MjAzMDIyfQ.R_M4HVKh0uWiHcyW6pTYooroY0tuwr4nOqIuvbe6Pl8,69fd1d6de7a6b5b2035927c5,69fd1d6ee7a6b5b203592984
eyJhbGciOiJIUzI1NiIsInR5cCI6IkpXVCJ9.eyJpZCI6IjY5ZmQxZDZlZTdhNmI1YjIwMzU5Mjk4NSIsImVtYWlsIjoibG9hZHRlc3QtMDQ0M0BpY2hhbmdlLnRlc3QiLCJyb2xlIjoic3R1ZGVudCIsImlhdCI6MTc3ODE5NTgyMiwiZXhwIjoxNzc4MjAzMDIyfQ.YtiAL0ys_CvbBxiPpUelk-hpNPO9SVl_Y7z6MTi5BKU,69fd1d6de7a6b5b2035927c5,69fd1d6ee7a6b5b203592985
eyJhbGciOiJIUzI1NiIsInR5cCI6IkpXVCJ9.eyJpZCI6IjY5ZmQxZDZlZTdhNmI1YjIwMzU5Mjk4NiIsImVtYWlsIjoibG9hZHRlc3QtMDQ0NEBpY2hhbmdlLnRlc3QiLCJyb2xlIjoic3R1ZGVudCIsImlhdCI6MTc3ODE5NTgyMiwiZXhwIjoxNzc4MjAzMDIyfQ.pTvxHDAZuV-mEFNK-z7NY_vV8vMdhqWqEz3OouecIyc,69fd1d6de7a6b5b2035927c5,69fd1d6ee7a6b5b203592986
eyJhbGciOiJIUzI1NiIsInR5cCI6IkpXVCJ9.eyJpZCI6IjY5ZmQxZDZlZTdhNmI1YjIwMzU5Mjk4NyIsImVtYWlsIjoibG9hZHRlc3QtMDQ0NUBpY2hhbmdlLnRlc3QiLCJyb2xlIjoic3R1ZGVudCIsImlhdCI6MTc3ODE5NTgyMiwiZXhwIjoxNzc4MjAzMDIyfQ.dj_prZgzKfQhmewM1LKj_Y6wVjoxQF7AQo-xujS4zZI,69fd1d6de7a6b5b2035927c5,69fd1d6ee7a6b5b203592987
eyJhbGciOiJIUzI1NiIsInR5cCI6IkpXVCJ9.eyJpZCI6IjY5ZmQxZDZlZTdhNmI1YjIwMzU5Mjk4OCIsImVtYWlsIjoibG9hZHRlc3QtMDQ0NkBpY2hhbmdlLnRlc3QiLCJyb2xlIjoic3R1ZGVudCIsImlhdCI6MTc3ODE5NTgyMiwiZXhwIjoxNzc4MjAzMDIyfQ.ougPukcO_dlbKoQs_yh3nOiMnNth9NyJGIfhuvji6ec,69fd1d6de7a6b5b2035927c5,69fd1d6ee7a6b5b203592988
eyJhbGciOiJIUzI1NiIsInR5cCI6IkpXVCJ9.eyJpZCI6IjY5ZmQxZDZlZTdhNmI1YjIwMzU5Mjk4OSIsImVtYWlsIjoibG9hZHRlc3QtMDQ0N0BpY2hhbmdlLnRlc3QiLCJyb2xlIjoic3R1ZGVudCIsImlhdCI6MTc3ODE5NTgyMiwiZXhwIjoxNzc4MjAzMDIyfQ.N0bMJkGOMce1IS7HXB3lfymaWvlf7SoMw5PXFn_eYgE,69fd1d6de7a6b5b2035927c5,69fd1d6ee7a6b5b203592989
eyJhbGciOiJIUzI1NiIsInR5cCI6IkpXVCJ9.eyJpZCI6IjY5ZmQxZDZlZTdhNmI1YjIwMzU5Mjk4YSIsImVtYWlsIjoibG9hZHRlc3QtMDQ0OEBpY2hhbmdlLnRlc3QiLCJyb2xlIjoic3R1ZGVudCIsImlhdCI6MTc3ODE5NTgyMiwiZXhwIjoxNzc4MjAzMDIyfQ.Y-onBOdF0wni4NfkCBk8SknXQKS3D9qC1GS-VThdZZU,69fd1d6de7a6b5b2035927c5,69fd1d6ee7a6b5b20359298a
eyJhbGciOiJIUzI1NiIsInR5cCI6IkpXVCJ9.eyJpZCI6IjY5ZmQxZDZlZTdhNmI1YjIwMzU5Mjk4YiIsImVtYWlsIjoibG9hZHRlc3QtMDQ0OUBpY2hhbmdlLnRlc3QiLCJyb2xlIjoic3R1ZGVudCIsImlhdCI6MTc3ODE5NTgyMiwiZXhwIjoxNzc4MjAzMDIyfQ.2avdoHx9HciJwrvWrJaCzX_Y1Br9LANPhsH0mSyP5eY,69fd1d6de7a6b5b2035927c5,69fd1d6ee7a6b5b20359298b
eyJhbGciOiJIUzI1NiIsInR5cCI6IkpXVCJ9.eyJpZCI6IjY5ZmQxZDZlZTdhNmI1YjIwMzU5Mjk4YyIsImVtYWlsIjoibG9hZHRlc3QtMDQ1MEBpY2hhbmdlLnRlc3QiLCJyb2xlIjoic3R1ZGVudCIsImlhdCI6MTc3ODE5NTgyMiwiZXhwIjoxNzc4MjAzMDIyfQ.186GrhPb7HNPOndKbnRj6Cj4XhXixLMMUCX3MS38wHI,69fd1d6de7a6b5b2035927c5,69fd1d6ee7a6b5b20359298c
eyJhbGciOiJIUzI1NiIsInR5cCI6IkpXVCJ9.eyJpZCI6IjY5ZmQxZDZlZTdhNmI1YjIwMzU5Mjk4ZCIsImVtYWlsIjoibG9hZHRlc3QtMDQ1MUBpY2hhbmdlLnRlc3QiLCJyb2xlIjoic3R1ZGVudCIsImlhdCI6MTc3ODE5NTgyMiwiZXhwIjoxNzc4MjAzMDIyfQ.puNC7WWlWs6UqcMAdQZ8rLc170SFjryqieDYMYq4v3A,69fd1d6de7a6b5b2035927c5,69fd1d6ee7a6b5b20359298d
eyJhbGciOiJIUzI1NiIsInR5cCI6IkpXVCJ9.eyJpZCI6IjY5ZmQxZDZlZTdhNmI1YjIwMzU5Mjk4ZSIsImVtYWlsIjoibG9hZHRlc3QtMDQ1MkBpY2hhbmdlLnRlc3QiLCJyb2xlIjoic3R1ZGVudCIsImlhdCI6MTc3ODE5NTgyMiwiZXhwIjoxNzc4MjAzMDIyfQ.6N1fVrtqWHEpzTjuwMgXkP1vCfCEWv_hydG-DoHnd40,69fd1d6de7a6b5b2035927c5,69fd1d6ee7a6b5b20359298e
eyJhbGciOiJIUzI1NiIsInR5cCI6IkpXVCJ9.eyJpZCI6IjY5ZmQxZDZlZTdhNmI1YjIwMzU5Mjk4ZiIsImVtYWlsIjoibG9hZHRlc3QtMDQ1M0BpY2hhbmdlLnRlc3QiLCJyb2xlIjoic3R1ZGVudCIsImlhdCI6MTc3ODE5NTgyMiwiZXhwIjoxNzc4MjAzMDIyfQ.bFbVK_UXqyiQMy-PrhZ2PQyN10JG7ADap-QVOuQ76Ss,69fd1d6de7a6b5b2035927c5,69fd1d6ee7a6b5b20359298f
eyJhbGciOiJIUzI1NiIsInR5cCI6IkpXVCJ9.eyJpZCI6IjY5ZmQxZDZlZTdhNmI1YjIwMzU5Mjk5MCIsImVtYWlsIjoibG9hZHRlc3QtMDQ1NEBpY2hhbmdlLnRlc3QiLCJyb2xlIjoic3R1ZGVudCIsImlhdCI6MTc3ODE5NTgyMiwiZXhwIjoxNzc4MjAzMDIyfQ.CJB47h9y746iltNUG5q18mGnozVZ2m-DY7yTuaz7lgE,69fd1d6de7a6b5b2035927c5,69fd1d6ee7a6b5b203592990
eyJhbGciOiJIUzI1NiIsInR5cCI6IkpXVCJ9.eyJpZCI6IjY5ZmQxZDZlZTdhNmI1YjIwMzU5Mjk5MSIsImVtYWlsIjoibG9hZHRlc3QtMDQ1NUBpY2hhbmdlLnRlc3QiLCJyb2xlIjoic3R1ZGVudCIsImlhdCI6MTc3ODE5NTgyMiwiZXhwIjoxNzc4MjAzMDIyfQ.cg2ie6IwgcK5QDn27mDOIUSext4a3QaPJ_5cx1IDi-A,69fd1d6de7a6b5b2035927c5,69fd1d6ee7a6b5b203592991
eyJhbGciOiJIUzI1NiIsInR5cCI6IkpXVCJ9.eyJpZCI6IjY5ZmQxZDZlZTdhNmI1YjIwMzU5Mjk5MiIsImVtYWlsIjoibG9hZHRlc3QtMDQ1NkBpY2hhbmdlLnRlc3QiLCJyb2xlIjoic3R1ZGVudCIsImlhdCI6MTc3ODE5NTgyMiwiZXhwIjoxNzc4MjAzMDIyfQ.oIcHCItSmUlRG3QdGvr0cyK0sN9IeMn9u3JhrSP1XFY,69fd1d6de7a6b5b2035927c5,69fd1d6ee7a6b5b203592992
eyJhbGciOiJIUzI1NiIsInR5cCI6IkpXVCJ9.eyJpZCI6IjY5ZmQxZDZlZTdhNmI1YjIwMzU5Mjk5MyIsImVtYWlsIjoibG9hZHRlc3QtMDQ1N0BpY2hhbmdlLnRlc3QiLCJyb2xlIjoic3R1ZGVudCIsImlhdCI6MTc3ODE5NTgyMiwiZXhwIjoxNzc4MjAzMDIyfQ.ptE2qBfYIDoSuZn7EAVPNKdadJlRiJ0Q-mB8xQiDGrM,69fd1d6de7a6b5b2035927c5,69fd1d6ee7a6b5b203592993
eyJhbGciOiJIUzI1NiIsInR5cCI6IkpXVCJ9.eyJpZCI6IjY5ZmQxZDZlZTdhNmI1YjIwMzU5Mjk5NCIsImVtYWlsIjoibG9hZHRlc3QtMDQ1OEBpY2hhbmdlLnRlc3QiLCJyb2xlIjoic3R1ZGVudCIsImlhdCI6MTc3ODE5NTgyMiwiZXhwIjoxNzc4MjAzMDIyfQ.8ZqX219yRV1RtJ8ZGdUrq8HSOFPYSGKgYLn3aLdrGi0,69fd1d6de7a6b5b2035927c5,69fd1d6ee7a6b5b203592994
eyJhbGciOiJIUzI1NiIsInR5cCI6IkpXVCJ9.eyJpZCI6IjY5ZmQxZDZlZTdhNmI1YjIwMzU5Mjk5NSIsImVtYWlsIjoibG9hZHRlc3QtMDQ1OUBpY2hhbmdlLnRlc3QiLCJyb2xlIjoic3R1ZGVudCIsImlhdCI6MTc3ODE5NTgyMiwiZXhwIjoxNzc4MjAzMDIyfQ.lLE7E9IV5_DbPd5qEHZEXIbfeCTVYZq2-upjkjJTJAw,69fd1d6de7a6b5b2035927c5,69fd1d6ee7a6b5b203592995
eyJhbGciOiJIUzI1NiIsInR5cCI6IkpXVCJ9.eyJpZCI6IjY5ZmQxZDZlZTdhNmI1YjIwMzU5Mjk5NiIsImVtYWlsIjoibG9hZHRlc3QtMDQ2MEBpY2hhbmdlLnRlc3QiLCJyb2xlIjoic3R1ZGVudCIsImlhdCI6MTc3ODE5NTgyMiwiZXhwIjoxNzc4MjAzMDIyfQ.O1lZ2k7ZZkP0JukQ5801gcGZDTlAW2ektPCZXZ6aJvI,69fd1d6de7a6b5b2035927c5,69fd1d6ee7a6b5b203592996
eyJhbGciOiJIUzI1NiIsInR5cCI6IkpXVCJ9.eyJpZCI6IjY5ZmQxZDZlZTdhNmI1YjIwMzU5Mjk5NyIsImVtYWlsIjoibG9hZHRlc3QtMDQ2MUBpY2hhbmdlLnRlc3QiLCJyb2xlIjoic3R1ZGVudCIsImlhdCI6MTc3ODE5NTgyMiwiZXhwIjoxNzc4MjAzMDIyfQ.vhVb4Wd3uIhen8wzIb2KqTJyh95tZd2hfFC4kxHht5Y,69fd1d6de7a6b5b2035927c5,69fd1d6ee7a6b5b203592997
eyJhbGciOiJIUzI1NiIsInR5cCI6IkpXVCJ9.eyJpZCI6IjY5ZmQxZDZlZTdhNmI1YjIwMzU5Mjk5OCIsImVtYWlsIjoibG9hZHRlc3QtMDQ2MkBpY2hhbmdlLnRlc3QiLCJyb2xlIjoic3R1ZGVudCIsImlhdCI6MTc3ODE5NTgyMiwiZXhwIjoxNzc4MjAzMDIyfQ.ZnS4hjoPqGrMdWF2qurEzO9mtDTYMlFj8N8KrPLVoWI,69fd1d6de7a6b5b2035927c5,69fd1d6ee7a6b5b203592998
eyJhbGciOiJIUzI1NiIsInR5cCI6IkpXVCJ9.eyJpZCI6IjY5ZmQxZDZlZTdhNmI1YjIwMzU5Mjk5OSIsImVtYWlsIjoibG9hZHRlc3QtMDQ2M0BpY2hhbmdlLnRlc3QiLCJyb2xlIjoic3R1ZGVudCIsImlhdCI6MTc3ODE5NTgyMiwiZXhwIjoxNzc4MjAzMDIyfQ.bWRkA7Y5kfFMBj9QHDtn__bmZiVvijPrf495fzj22zs,69fd1d6de7a6b5b2035927c5,69fd1d6ee7a6b5b203592999
eyJhbGciOiJIUzI1NiIsInR5cCI6IkpXVCJ9.eyJpZCI6IjY5ZmQxZDZlZTdhNmI1YjIwMzU5Mjk5YSIsImVtYWlsIjoibG9hZHRlc3QtMDQ2NEBpY2hhbmdlLnRlc3QiLCJyb2xlIjoic3R1ZGVudCIsImlhdCI6MTc3ODE5NTgyMiwiZXhwIjoxNzc4MjAzMDIyfQ.ZI_YBXfy2PmlweHKd7RRCMHlLryFcPxtlm5P1eYKG2A,69fd1d6de7a6b5b2035927c5,69fd1d6ee7a6b5b20359299a
eyJhbGciOiJIUzI1NiIsInR5cCI6IkpXVCJ9.eyJpZCI6IjY5ZmQxZDZlZTdhNmI1YjIwMzU5Mjk5YiIsImVtYWlsIjoibG9hZHRlc3QtMDQ2NUBpY2hhbmdlLnRlc3QiLCJyb2xlIjoic3R1ZGVudCIsImlhdCI6MTc3ODE5NTgyMiwiZXhwIjoxNzc4MjAzMDIyfQ.c82m2w6A7NCGbu8WTIwQWgnz_Rgv-_5LjkL5miQeGNU,69fd1d6de7a6b5b2035927c5,69fd1d6ee7a6b5b20359299b
eyJhbGciOiJIUzI1NiIsInR5cCI6IkpXVCJ9.eyJpZCI6IjY5ZmQxZDZlZTdhNmI1YjIwMzU5Mjk5YyIsImVtYWlsIjoibG9hZHRlc3QtMDQ2NkBpY2hhbmdlLnRlc3QiLCJyb2xlIjoic3R1ZGVudCIsImlhdCI6MTc3ODE5NTgyMiwiZXhwIjoxNzc4MjAzMDIyfQ.D7aNZIu7Z7B9oBJVZeQ0fMEKNdPenuKjklmhqDpnCRw,69fd1d6de7a6b5b2035927c5,69fd1d6ee7a6b5b20359299c
eyJhbGciOiJIUzI1NiIsInR5cCI6IkpXVCJ9.eyJpZCI6IjY5ZmQxZDZlZTdhNmI1YjIwMzU5Mjk5ZCIsImVtYWlsIjoibG9hZHRlc3QtMDQ2N0BpY2hhbmdlLnRlc3QiLCJyb2xlIjoic3R1ZGVudCIsImlhdCI6MTc3ODE5NTgyMiwiZXhwIjoxNzc4MjAzMDIyfQ.TLdHHY_nQt6SGJrwekPO2dOn4yUYG1MgXi7fyMIbZPQ,69fd1d6de7a6b5b2035927c5,69fd1d6ee7a6b5b20359299d
eyJhbGciOiJIUzI1NiIsInR5cCI6IkpXVCJ9.eyJpZCI6IjY5ZmQxZDZlZTdhNmI1YjIwMzU5Mjk5ZSIsImVtYWlsIjoibG9hZHRlc3QtMDQ2OEBpY2hhbmdlLnRlc3QiLCJyb2xlIjoic3R1ZGVudCIsImlhdCI6MTc3ODE5NTgyMiwiZXhwIjoxNzc4MjAzMDIyfQ.Lo2xdOMe2ScxoRE6qD6JKhVY-sa2Zk_kCFMVsJV983c,69fd1d6de7a6b5b2035927c5,69fd1d6ee7a6b5b20359299e
eyJhbGciOiJIUzI1NiIsInR5cCI6IkpXVCJ9.eyJpZCI6IjY5ZmQxZDZlZTdhNmI1YjIwMzU5Mjk5ZiIsImVtYWlsIjoibG9hZHRlc3QtMDQ2OUBpY2hhbmdlLnRlc3QiLCJyb2xlIjoic3R1ZGVudCIsImlhdCI6MTc3ODE5NTgyMiwiZXhwIjoxNzc4MjAzMDIyfQ.WdMQhWKt1wGUTQqdKpsKvxI0WUlpwP8f8vAf_CJ3ogw,69fd1d6de7a6b5b2035927c5,69fd1d6ee7a6b5b20359299f
eyJhbGciOiJIUzI1NiIsInR5cCI6IkpXVCJ9.eyJpZCI6IjY5ZmQxZDZlZTdhNmI1YjIwMzU5MjlhMCIsImVtYWlsIjoibG9hZHRlc3QtMDQ3MEBpY2hhbmdlLnRlc3QiLCJyb2xlIjoic3R1ZGVudCIsImlhdCI6MTc3ODE5NTgyMiwiZXhwIjoxNzc4MjAzMDIyfQ.i9sroCXP3_nVfiX1xAgbpgVgvAEFze4UbOVseTDwInE,69fd1d6de7a6b5b2035927c5,69fd1d6ee7a6b5b2035929a0
eyJhbGciOiJIUzI1NiIsInR5cCI6IkpXVCJ9.eyJpZCI6IjY5ZmQxZDZlZTdhNmI1YjIwMzU5MjlhMSIsImVtYWlsIjoibG9hZHRlc3QtMDQ3MUBpY2hhbmdlLnRlc3QiLCJyb2xlIjoic3R1ZGVudCIsImlhdCI6MTc3ODE5NTgyMiwiZXhwIjoxNzc4MjAzMDIyfQ.kgG8chOlGDxV4BoefLQ783YSLs1zo4xF21GdhlVaay8,69fd1d6de7a6b5b2035927c5,69fd1d6ee7a6b5b2035929a1
eyJhbGciOiJIUzI1NiIsInR5cCI6IkpXVCJ9.eyJpZCI6IjY5ZmQxZDZlZTdhNmI1YjIwMzU5MjlhMiIsImVtYWlsIjoibG9hZHRlc3QtMDQ3MkBpY2hhbmdlLnRlc3QiLCJyb2xlIjoic3R1ZGVudCIsImlhdCI6MTc3ODE5NTgyMiwiZXhwIjoxNzc4MjAzMDIyfQ.vAneh5jniqTbS-oL8y8GPulJmx9yuOuowBNmrmSilS4,69fd1d6de7a6b5b2035927c5,69fd1d6ee7a6b5b2035929a2
eyJhbGciOiJIUzI1NiIsInR5cCI6IkpXVCJ9.eyJpZCI6IjY5ZmQxZDZlZTdhNmI1YjIwMzU5MjlhMyIsImVtYWlsIjoibG9hZHRlc3QtMDQ3M0BpY2hhbmdlLnRlc3QiLCJyb2xlIjoic3R1ZGVudCIsImlhdCI6MTc3ODE5NTgyMiwiZXhwIjoxNzc4MjAzMDIyfQ.mJ2wLAYvuJDuwZC2v1_5fkTHcoC7C95Uu6qzmChSo1s,69fd1d6de7a6b5b2035927c5,69fd1d6ee7a6b5b2035929a3
eyJhbGciOiJIUzI1NiIsInR5cCI6IkpXVCJ9.eyJpZCI6IjY5ZmQxZDZlZTdhNmI1YjIwMzU5MjlhNCIsImVtYWlsIjoibG9hZHRlc3QtMDQ3NEBpY2hhbmdlLnRlc3QiLCJyb2xlIjoic3R1ZGVudCIsImlhdCI6MTc3ODE5NTgyMiwiZXhwIjoxNzc4MjAzMDIyfQ.ufT12rrWvIUzFx3R0xM41p3VPRjL9_FoLgRAOOe6yVY,69fd1d6de7a6b5b2035927c5,69fd1d6ee7a6b5b2035929a4
eyJhbGciOiJIUzI1NiIsInR5cCI6IkpXVCJ9.eyJpZCI6IjY5ZmQxZDZlZTdhNmI1YjIwMzU5MjlhNSIsImVtYWlsIjoibG9hZHRlc3QtMDQ3NUBpY2hhbmdlLnRlc3QiLCJyb2xlIjoic3R1ZGVudCIsImlhdCI6MTc3ODE5NTgyMiwiZXhwIjoxNzc4MjAzMDIyfQ.ygtestFOafYLXl-mLQRAiipoPxeIKx4hXsmmC72Kggk,69fd1d6de7a6b5b2035927c5,69fd1d6ee7a6b5b2035929a5
eyJhbGciOiJIUzI1NiIsInR5cCI6IkpXVCJ9.eyJpZCI6IjY5ZmQxZDZlZTdhNmI1YjIwMzU5MjlhNiIsImVtYWlsIjoibG9hZHRlc3QtMDQ3NkBpY2hhbmdlLnRlc3QiLCJyb2xlIjoic3R1ZGVudCIsImlhdCI6MTc3ODE5NTgyMiwiZXhwIjoxNzc4MjAzMDIyfQ.nW4zVtAmCIsgBqXRNER1OzXHPRs2SbvkjMHFCVMcntE,69fd1d6de7a6b5b2035927c5,69fd1d6ee7a6b5b2035929a6
eyJhbGciOiJIUzI1NiIsInR5cCI6IkpXVCJ9.eyJpZCI6IjY5ZmQxZDZlZTdhNmI1YjIwMzU5MjlhNyIsImVtYWlsIjoibG9hZHRlc3QtMDQ3N0BpY2hhbmdlLnRlc3QiLCJyb2xlIjoic3R1ZGVudCIsImlhdCI6MTc3ODE5NTgyMiwiZXhwIjoxNzc4MjAzMDIyfQ.SrEV53bg_B7pd-tdzVa-zC6q3IclPz4CpHSuftCqalk,69fd1d6de7a6b5b2035927c5,69fd1d6ee7a6b5b2035929a7
eyJhbGciOiJIUzI1NiIsInR5cCI6IkpXVCJ9.eyJpZCI6IjY5ZmQxZDZlZTdhNmI1YjIwMzU5MjlhOCIsImVtYWlsIjoibG9hZHRlc3QtMDQ3OEBpY2hhbmdlLnRlc3QiLCJyb2xlIjoic3R1ZGVudCIsImlhdCI6MTc3ODE5NTgyMiwiZXhwIjoxNzc4MjAzMDIyfQ.sBudFTPhMXFc8NMPdM3Lmu61o_fK70YKi_VSH8eI12o,69fd1d6de7a6b5b2035927c5,69fd1d6ee7a6b5b2035929a8
eyJhbGciOiJIUzI1NiIsInR5cCI6IkpXVCJ9.eyJpZCI6IjY5ZmQxZDZlZTdhNmI1YjIwMzU5MjlhOSIsImVtYWlsIjoibG9hZHRlc3QtMDQ3OUBpY2hhbmdlLnRlc3QiLCJyb2xlIjoic3R1ZGVudCIsImlhdCI6MTc3ODE5NTgyMiwiZXhwIjoxNzc4MjAzMDIyfQ.S-99HfGkEUoxJij5KVRQ6muOeMKZ2TFrzkTnezHClKg,69fd1d6de7a6b5b2035927c5,69fd1d6ee7a6b5b2035929a9
eyJhbGciOiJIUzI1NiIsInR5cCI6IkpXVCJ9.eyJpZCI6IjY5ZmQxZDZlZTdhNmI1YjIwMzU5MjlhYSIsImVtYWlsIjoibG9hZHRlc3QtMDQ4MEBpY2hhbmdlLnRlc3QiLCJyb2xlIjoic3R1ZGVudCIsImlhdCI6MTc3ODE5NTgyMiwiZXhwIjoxNzc4MjAzMDIyfQ.ACL7Ox8YzQTcD2KuacBtvdpee9AOxWiJyKsM69PCgMQ,69fd1d6de7a6b5b2035927c5,69fd1d6ee7a6b5b2035929aa
eyJhbGciOiJIUzI1NiIsInR5cCI6IkpXVCJ9.eyJpZCI6IjY5ZmQxZDZlZTdhNmI1YjIwMzU5MjlhYiIsImVtYWlsIjoibG9hZHRlc3QtMDQ4MUBpY2hhbmdlLnRlc3QiLCJyb2xlIjoic3R1ZGVudCIsImlhdCI6MTc3ODE5NTgyMiwiZXhwIjoxNzc4MjAzMDIyfQ.rCVrz-320rVtOGuOqwGo6Hjcxn7f9EGZdFQSmkDQot8,69fd1d6de7a6b5b2035927c5,69fd1d6ee7a6b5b2035929ab
eyJhbGciOiJIUzI1NiIsInR5cCI6IkpXVCJ9.eyJpZCI6IjY5ZmQxZDZlZTdhNmI1YjIwMzU5MjlhYyIsImVtYWlsIjoibG9hZHRlc3QtMDQ4MkBpY2hhbmdlLnRlc3QiLCJyb2xlIjoic3R1ZGVudCIsImlhdCI6MTc3ODE5NTgyMiwiZXhwIjoxNzc4MjAzMDIyfQ.WzPvzIweBsBPg0-u9QCuCv8tElUXP_LXt6srUDYG0N8,69fd1d6de7a6b5b2035927c5,69fd1d6ee7a6b5b2035929ac
eyJhbGciOiJIUzI1NiIsInR5cCI6IkpXVCJ9.eyJpZCI6IjY5ZmQxZDZlZTdhNmI1YjIwMzU5MjlhZCIsImVtYWlsIjoibG9hZHRlc3QtMDQ4M0BpY2hhbmdlLnRlc3QiLCJyb2xlIjoic3R1ZGVudCIsImlhdCI6MTc3ODE5NTgyMiwiZXhwIjoxNzc4MjAzMDIyfQ.OK7Onyfbx_VEV4u6PJqBuBBziLyKusDV3aWvSaZNhs4,69fd1d6de7a6b5b2035927c5,69fd1d6ee7a6b5b2035929ad
eyJhbGciOiJIUzI1NiIsInR5cCI6IkpXVCJ9.eyJpZCI6IjY5ZmQxZDZlZTdhNmI1YjIwMzU5MjlhZSIsImVtYWlsIjoibG9hZHRlc3QtMDQ4NEBpY2hhbmdlLnRlc3QiLCJyb2xlIjoic3R1ZGVudCIsImlhdCI6MTc3ODE5NTgyMiwiZXhwIjoxNzc4MjAzMDIyfQ.ECtjVATBPQK4g38KgfWU2wCsQ618vpv2LmryXsUcw_M,69fd1d6de7a6b5b2035927c5,69fd1d6ee7a6b5b2035929ae
eyJhbGciOiJIUzI1NiIsInR5cCI6IkpXVCJ9.eyJpZCI6IjY5ZmQxZDZlZTdhNmI1YjIwMzU5MjlhZiIsImVtYWlsIjoibG9hZHRlc3QtMDQ4NUBpY2hhbmdlLnRlc3QiLCJyb2xlIjoic3R1ZGVudCIsImlhdCI6MTc3ODE5NTgyMiwiZXhwIjoxNzc4MjAzMDIyfQ.eaXpVs8n14O8w-M5rkYe1p9CtvwVJPh3xCi-qKRBp_c,69fd1d6de7a6b5b2035927c5,69fd1d6ee7a6b5b2035929af
eyJhbGciOiJIUzI1NiIsInR5cCI6IkpXVCJ9.eyJpZCI6IjY5ZmQxZDZlZTdhNmI1YjIwMzU5MjliMCIsImVtYWlsIjoibG9hZHRlc3QtMDQ4NkBpY2hhbmdlLnRlc3QiLCJyb2xlIjoic3R1ZGVudCIsImlhdCI6MTc3ODE5NTgyMiwiZXhwIjoxNzc4MjAzMDIyfQ.SxVd350d9LnrDZtC6XOgurizFE3-Gt8BgJ-nxxSTk-I,69fd1d6de7a6b5b2035927c5,69fd1d6ee7a6b5b2035929b0
eyJhbGciOiJIUzI1NiIsInR5cCI6IkpXVCJ9.eyJpZCI6IjY5ZmQxZDZlZTdhNmI1YjIwMzU5MjliMSIsImVtYWlsIjoibG9hZHRlc3QtMDQ4N0BpY2hhbmdlLnRlc3QiLCJyb2xlIjoic3R1ZGVudCIsImlhdCI6MTc3ODE5NTgyMiwiZXhwIjoxNzc4MjAzMDIyfQ.UbZru9z38n4qSy1mx_nID1a2hWKlsI1m5QIBESXfmbk,69fd1d6de7a6b5b2035927c5,69fd1d6ee7a6b5b2035929b1
eyJhbGciOiJIUzI1NiIsInR5cCI6IkpXVCJ9.eyJpZCI6IjY5ZmQxZDZlZTdhNmI1YjIwMzU5MjliMiIsImVtYWlsIjoibG9hZHRlc3QtMDQ4OEBpY2hhbmdlLnRlc3QiLCJyb2xlIjoic3R1ZGVudCIsImlhdCI6MTc3ODE5NTgyMiwiZXhwIjoxNzc4MjAzMDIyfQ.xpA8d1Sro9RqrPF-0-NOjqFRT1D65jmgRiPm0gbiJTo,69fd1d6de7a6b5b2035927c5,69fd1d6ee7a6b5b2035929b2
eyJhbGciOiJIUzI1NiIsInR5cCI6IkpXVCJ9.eyJpZCI6IjY5ZmQxZDZlZTdhNmI1YjIwMzU5MjliMyIsImVtYWlsIjoibG9hZHRlc3QtMDQ4OUBpY2hhbmdlLnRlc3QiLCJyb2xlIjoic3R1ZGVudCIsImlhdCI6MTc3ODE5NTgyMiwiZXhwIjoxNzc4MjAzMDIyfQ.AsReZStpNqDZ51PoXh_iByF7mgt2PomrQU3ej_c7uN0,69fd1d6de7a6b5b2035927c5,69fd1d6ee7a6b5b2035929b3
eyJhbGciOiJIUzI1NiIsInR5cCI6IkpXVCJ9.eyJpZCI6IjY5ZmQxZDZlZTdhNmI1YjIwMzU5MjliNCIsImVtYWlsIjoibG9hZHRlc3QtMDQ5MEBpY2hhbmdlLnRlc3QiLCJyb2xlIjoic3R1ZGVudCIsImlhdCI6MTc3ODE5NTgyMiwiZXhwIjoxNzc4MjAzMDIyfQ.weX-0aBGPMe7tCQVrwiXwi6rUhWHG6snuzd9SCW4-Ek,69fd1d6de7a6b5b2035927c5,69fd1d6ee7a6b5b2035929b4
eyJhbGciOiJIUzI1NiIsInR5cCI6IkpXVCJ9.eyJpZCI6IjY5ZmQxZDZlZTdhNmI1YjIwMzU5MjliNSIsImVtYWlsIjoibG9hZHRlc3QtMDQ5MUBpY2hhbmdlLnRlc3QiLCJyb2xlIjoic3R1ZGVudCIsImlhdCI6MTc3ODE5NTgyMiwiZXhwIjoxNzc4MjAzMDIyfQ.gZ6AaFKCZi6d-uNUfO5PgsqgFNsx8Hn-9WT3mx4pEDA,69fd1d6de7a6b5b2035927c5,69fd1d6ee7a6b5b2035929b5
eyJhbGciOiJIUzI1NiIsInR5cCI6IkpXVCJ9.eyJpZCI6IjY5ZmQxZDZlZTdhNmI1YjIwMzU5MjliNiIsImVtYWlsIjoibG9hZHRlc3QtMDQ5MkBpY2hhbmdlLnRlc3QiLCJyb2xlIjoic3R1ZGVudCIsImlhdCI6MTc3ODE5NTgyMiwiZXhwIjoxNzc4MjAzMDIyfQ.42IwZuxLtCCjsA3PhCw21sO_J2O50ly34TS9msPlASk,69fd1d6de7a6b5b2035927c5,69fd1d6ee7a6b5b2035929b6
eyJhbGciOiJIUzI1NiIsInR5cCI6IkpXVCJ9.eyJpZCI6IjY5ZmQxZDZlZTdhNmI1YjIwMzU5MjliNyIsImVtYWlsIjoibG9hZHRlc3QtMDQ5M0BpY2hhbmdlLnRlc3QiLCJyb2xlIjoic3R1ZGVudCIsImlhdCI6MTc3ODE5NTgyMiwiZXhwIjoxNzc4MjAzMDIyfQ.ktbycYSpYv2kHGLd01s-OX0IR-OdQxnXdFbruvVHYwI,69fd1d6de7a6b5b2035927c5,69fd1d6ee7a6b5b2035929b7
eyJhbGciOiJIUzI1NiIsInR5cCI6IkpXVCJ9.eyJpZCI6IjY5ZmQxZDZlZTdhNmI1YjIwMzU5MjliOCIsImVtYWlsIjoibG9hZHRlc3QtMDQ5NEBpY2hhbmdlLnRlc3QiLCJyb2xlIjoic3R1ZGVudCIsImlhdCI6MTc3ODE5NTgyMiwiZXhwIjoxNzc4MjAzMDIyfQ.pbzM62ScFzKqtZVgaXWEEWsp_FBOnPT43kAmBAKEq2M,69fd1d6de7a6b5b2035927c5,69fd1d6ee7a6b5b2035929b8
eyJhbGciOiJIUzI1NiIsInR5cCI6IkpXVCJ9.eyJpZCI6IjY5ZmQxZDZlZTdhNmI1YjIwMzU5MjliOSIsImVtYWlsIjoibG9hZHRlc3QtMDQ5NUBpY2hhbmdlLnRlc3QiLCJyb2xlIjoic3R1ZGVudCIsImlhdCI6MTc3ODE5NTgyMiwiZXhwIjoxNzc4MjAzMDIyfQ.oZITJkty0uGeI0eni5LwcRZ55becbp9NNKHgjmPUU5o,69fd1d6de7a6b5b2035927c5,69fd1d6ee7a6b5b2035929b9
eyJhbGciOiJIUzI1NiIsInR5cCI6IkpXVCJ9.eyJpZCI6IjY5ZmQxZDZlZTdhNmI1YjIwMzU5MjliYSIsImVtYWlsIjoibG9hZHRlc3QtMDQ5NkBpY2hhbmdlLnRlc3QiLCJyb2xlIjoic3R1ZGVudCIsImlhdCI6MTc3ODE5NTgyMiwiZXhwIjoxNzc4MjAzMDIyfQ.RqfRMzriNSyrMUanvrgYq6nvrU5Zo606dht-y9DPWyM,69fd1d6de7a6b5b2035927c5,69fd1d6ee7a6b5b2035929ba
eyJhbGciOiJIUzI1NiIsInR5cCI6IkpXVCJ9.eyJpZCI6IjY5ZmQxZDZlZTdhNmI1YjIwMzU5MjliYiIsImVtYWlsIjoibG9hZHRlc3QtMDQ5N0BpY2hhbmdlLnRlc3QiLCJyb2xlIjoic3R1ZGVudCIsImlhdCI6MTc3ODE5NTgyMiwiZXhwIjoxNzc4MjAzMDIyfQ.fk3Qcx758gSyw5U3fh6knhAU84kbMLs57-cYu7R2PAU,69fd1d6de7a6b5b2035927c5,69fd1d6ee7a6b5b2035929bb
eyJhbGciOiJIUzI1NiIsInR5cCI6IkpXVCJ9.eyJpZCI6IjY5ZmQxZDZlZTdhNmI1YjIwMzU5MjliYyIsImVtYWlsIjoibG9hZHRlc3QtMDQ5OEBpY2hhbmdlLnRlc3QiLCJyb2xlIjoic3R1ZGVudCIsImlhdCI6MTc3ODE5NTgyMiwiZXhwIjoxNzc4MjAzMDIyfQ.Yzbz8ffcec_4G6-_pQqVHiGBqjMKEAZoEhv-RZLSpT0,69fd1d6de7a6b5b2035927c5,69fd1d6ee7a6b5b2035929bc
eyJhbGciOiJIUzI1NiIsInR5cCI6IkpXVCJ9.eyJpZCI6IjY5ZmQxZDZlZTdhNmI1YjIwMzU5MjliZCIsImVtYWlsIjoibG9hZHRlc3QtMDQ5OUBpY2hhbmdlLnRlc3QiLCJyb2xlIjoic3R1ZGVudCIsImlhdCI6MTc3ODE5NTgyMiwiZXhwIjoxNzc4MjAzMDIyfQ.1NiQqxNIKt85K8QNuZLkFvI8vrAOWYWscuvcw9zn0-8,69fd1d6de7a6b5b2035927c5,69fd1d6ee7a6b5b2035929bd
eyJhbGciOiJIUzI1NiIsInR5cCI6IkpXVCJ9.eyJpZCI6IjY5ZmQxZDZlZTdhNmI1YjIwMzU5MjliZSIsImVtYWlsIjoibG9hZHRlc3QtMDUwMEBpY2hhbmdlLnRlc3QiLCJyb2xlIjoic3R1ZGVudCIsImlhdCI6MTc3ODE5NTgyMiwiZXhwIjoxNzc4MjAzMDIyfQ.QXQSCli5LiybkKtnYiwWjA7ZuX931-qb0bc_3oL2ccA,69fd1d6de7a6b5b2035927c5,69fd1d6ee7a6b5b2035929be
eyJhbGciOiJIUzI1NiIsInR5cCI6IkpXVCJ9.eyJpZCI6IjY5ZmQxZDZlZTdhNmI1YjIwMzU5MjljMCIsImVtYWlsIjoibG9hZHRlc3QtMDUwMUBpY2hhbmdlLnRlc3QiLCJyb2xlIjoic3R1ZGVudCIsImlhdCI6MTc3ODE5NTgyMiwiZXhwIjoxNzc4MjAzMDIyfQ.XxBv8Oj4EHibd4CinCdsCQXDWVkeOPVD2U7gDeb5SO4,69fd1d6de7a6b5b2035927c5,69fd1d6ee7a6b5b2035929c0
eyJhbGciOiJIUzI1NiIsInR5cCI6IkpXVCJ9.eyJpZCI6IjY5ZmQxZDZlZTdhNmI1YjIwMzU5MjljMSIsImVtYWlsIjoibG9hZHRlc3QtMDUwMkBpY2hhbmdlLnRlc3QiLCJyb2xlIjoic3R1ZGVudCIsImlhdCI6MTc3ODE5NTgyMiwiZXhwIjoxNzc4MjAzMDIyfQ.yE5Ss1-JpVHrqZGOK9QWTQ9ax-yvTy5g6yI1HzVT8Xg,69fd1d6de7a6b5b2035927c5,69fd1d6ee7a6b5b2035929c1
eyJhbGciOiJIUzI1NiIsInR5cCI6IkpXVCJ9.eyJpZCI6IjY5ZmQxZDZlZTdhNmI1YjIwMzU5MjljMiIsImVtYWlsIjoibG9hZHRlc3QtMDUwM0BpY2hhbmdlLnRlc3QiLCJyb2xlIjoic3R1ZGVudCIsImlhdCI6MTc3ODE5NTgyMiwiZXhwIjoxNzc4MjAzMDIyfQ.OQXeRW2JWJ0dRb9cg4HPvqqzwhaCkTIw_eKUuAG-yiU,69fd1d6de7a6b5b2035927c5,69fd1d6ee7a6b5b2035929c2
eyJhbGciOiJIUzI1NiIsInR5cCI6IkpXVCJ9.eyJpZCI6IjY5ZmQxZDZlZTdhNmI1YjIwMzU5MjljMyIsImVtYWlsIjoibG9hZHRlc3QtMDUwNEBpY2hhbmdlLnRlc3QiLCJyb2xlIjoic3R1ZGVudCIsImlhdCI6MTc3ODE5NTgyMiwiZXhwIjoxNzc4MjAzMDIyfQ.AiUta7ZpRRQngzPvgcFMholZ-1DXH-RLeu6wyG6NglE,69fd1d6de7a6b5b2035927c5,69fd1d6ee7a6b5b2035929c3
eyJhbGciOiJIUzI1NiIsInR5cCI6IkpXVCJ9.eyJpZCI6IjY5ZmQxZDZlZTdhNmI1YjIwMzU5MjljNCIsImVtYWlsIjoibG9hZHRlc3QtMDUwNUBpY2hhbmdlLnRlc3QiLCJyb2xlIjoic3R1ZGVudCIsImlhdCI6MTc3ODE5NTgyMiwiZXhwIjoxNzc4MjAzMDIyfQ.Pie_UTnDbXgn0syZ2LwIwZO-K0Z08u4Yiqin4odSldY,69fd1d6de7a6b5b2035927c5,69fd1d6ee7a6b5b2035929c4
eyJhbGciOiJIUzI1NiIsInR5cCI6IkpXVCJ9.eyJpZCI6IjY5ZmQxZDZlZTdhNmI1YjIwMzU5MjljNSIsImVtYWlsIjoibG9hZHRlc3QtMDUwNkBpY2hhbmdlLnRlc3QiLCJyb2xlIjoic3R1ZGVudCIsImlhdCI6MTc3ODE5NTgyMiwiZXhwIjoxNzc4MjAzMDIyfQ.sAAZqA_5lyq5xu5EAaIPudOU_TiuTa_ePIBM_fbfTYw,69fd1d6de7a6b5b2035927c5,69fd1d6ee7a6b5b2035929c5
eyJhbGciOiJIUzI1NiIsInR5cCI6IkpXVCJ9.eyJpZCI6IjY5ZmQxZDZlZTdhNmI1YjIwMzU5MjljNiIsImVtYWlsIjoibG9hZHRlc3QtMDUwN0BpY2hhbmdlLnRlc3QiLCJyb2xlIjoic3R1ZGVudCIsImlhdCI6MTc3ODE5NTgyMiwiZXhwIjoxNzc4MjAzMDIyfQ.fg1DJnVO-4WQqTAyBQ-2of9C_-P5T4MMLyL2T6cMfPM,69fd1d6de7a6b5b2035927c5,69fd1d6ee7a6b5b2035929c6
eyJhbGciOiJIUzI1NiIsInR5cCI6IkpXVCJ9.eyJpZCI6IjY5ZmQxZDZlZTdhNmI1YjIwMzU5MjljNyIsImVtYWlsIjoibG9hZHRlc3QtMDUwOEBpY2hhbmdlLnRlc3QiLCJyb2xlIjoic3R1ZGVudCIsImlhdCI6MTc3ODE5NTgyMiwiZXhwIjoxNzc4MjAzMDIyfQ.7pyIRD6-SMOzCrZCn34ufkuTFnTQ52DnADAup7bX93A,69fd1d6de7a6b5b2035927c5,69fd1d6ee7a6b5b2035929c7
eyJhbGciOiJIUzI1NiIsInR5cCI6IkpXVCJ9.eyJpZCI6IjY5ZmQxZDZlZTdhNmI1YjIwMzU5MjljOCIsImVtYWlsIjoibG9hZHRlc3QtMDUwOUBpY2hhbmdlLnRlc3QiLCJyb2xlIjoic3R1ZGVudCIsImlhdCI6MTc3ODE5NTgyMiwiZXhwIjoxNzc4MjAzMDIyfQ.0sFMi9xfYv3Zkr1f7SUPt6llcJFHgc-kIvlIDStpxV0,69fd1d6de7a6b5b2035927c5,69fd1d6ee7a6b5b2035929c8
eyJhbGciOiJIUzI1NiIsInR5cCI6IkpXVCJ9.eyJpZCI6IjY5ZmQxZDZlZTdhNmI1YjIwMzU5MjljOSIsImVtYWlsIjoibG9hZHRlc3QtMDUxMEBpY2hhbmdlLnRlc3QiLCJyb2xlIjoic3R1ZGVudCIsImlhdCI6MTc3ODE5NTgyMiwiZXhwIjoxNzc4MjAzMDIyfQ.oTiEJD-w-PbxQFJm0HOioNKdqW8plhqf7BW7GSUNFYA,69fd1d6de7a6b5b2035927c5,69fd1d6ee7a6b5b2035929c9
eyJhbGciOiJIUzI1NiIsInR5cCI6IkpXVCJ9.eyJpZCI6IjY5ZmQxZDZlZTdhNmI1YjIwMzU5MjljYSIsImVtYWlsIjoibG9hZHRlc3QtMDUxMUBpY2hhbmdlLnRlc3QiLCJyb2xlIjoic3R1ZGVudCIsImlhdCI6MTc3ODE5NTgyMiwiZXhwIjoxNzc4MjAzMDIyfQ.Xbq04fzNUcoY5bWaTDr1HzSYP8ZFDZJZiBllofA_MD0,69fd1d6de7a6b5b2035927c5,69fd1d6ee7a6b5b2035929ca
eyJhbGciOiJIUzI1NiIsInR5cCI6IkpXVCJ9.eyJpZCI6IjY5ZmQxZDZlZTdhNmI1YjIwMzU5MjljYiIsImVtYWlsIjoibG9hZHRlc3QtMDUxMkBpY2hhbmdlLnRlc3QiLCJyb2xlIjoic3R1ZGVudCIsImlhdCI6MTc3ODE5NTgyMiwiZXhwIjoxNzc4MjAzMDIyfQ.-jyAln_6iRNq9WiAbX2zHg70Ql1Fnhh3hC3GrOWjxaE,69fd1d6de7a6b5b2035927c5,69fd1d6ee7a6b5b2035929cb
eyJhbGciOiJIUzI1NiIsInR5cCI6IkpXVCJ9.eyJpZCI6IjY5ZmQxZDZlZTdhNmI1YjIwMzU5MjljYyIsImVtYWlsIjoibG9hZHRlc3QtMDUxM0BpY2hhbmdlLnRlc3QiLCJyb2xlIjoic3R1ZGVudCIsImlhdCI6MTc3ODE5NTgyMiwiZXhwIjoxNzc4MjAzMDIyfQ.Q7M7FwlCRWF5f-ATUduISUYtqybmhd4MJcZjN5mOIVw,69fd1d6de7a6b5b2035927c5,69fd1d6ee7a6b5b2035929cc
eyJhbGciOiJIUzI1NiIsInR5cCI6IkpXVCJ9.eyJpZCI6IjY5ZmQxZDZlZTdhNmI1YjIwMzU5MjljZCIsImVtYWlsIjoibG9hZHRlc3QtMDUxNEBpY2hhbmdlLnRlc3QiLCJyb2xlIjoic3R1ZGVudCIsImlhdCI6MTc3ODE5NTgyMiwiZXhwIjoxNzc4MjAzMDIyfQ.5AK_MndqXBf6kEebfk-l7X6IrYjXYV4jNSBpiEZpQfg,69fd1d6de7a6b5b2035927c5,69fd1d6ee7a6b5b2035929cd
eyJhbGciOiJIUzI1NiIsInR5cCI6IkpXVCJ9.eyJpZCI6IjY5ZmQxZDZlZTdhNmI1YjIwMzU5MjljZSIsImVtYWlsIjoibG9hZHRlc3QtMDUxNUBpY2hhbmdlLnRlc3QiLCJyb2xlIjoic3R1ZGVudCIsImlhdCI6MTc3ODE5NTgyMiwiZXhwIjoxNzc4MjAzMDIyfQ.cQPovCdcMw2FetbpP0OS41j99x-f8aer8OAcRnbSa5s,69fd1d6de7a6b5b2035927c5,69fd1d6ee7a6b5b2035929ce
eyJhbGciOiJIUzI1NiIsInR5cCI6IkpXVCJ9.eyJpZCI6IjY5ZmQxZDZlZTdhNmI1YjIwMzU5MjljZiIsImVtYWlsIjoibG9hZHRlc3QtMDUxNkBpY2hhbmdlLnRlc3QiLCJyb2xlIjoic3R1ZGVudCIsImlhdCI6MTc3ODE5NTgyMiwiZXhwIjoxNzc4MjAzMDIyfQ.i6VTCf_GPeg8WMDWeV6LnfLUoWoRQySW5Tq_k8pWoIU,69fd1d6de7a6b5b2035927c5,69fd1d6ee7a6b5b2035929cf
eyJhbGciOiJIUzI1NiIsInR5cCI6IkpXVCJ9.eyJpZCI6IjY5ZmQxZDZlZTdhNmI1YjIwMzU5MjlkMCIsImVtYWlsIjoibG9hZHRlc3QtMDUxN0BpY2hhbmdlLnRlc3QiLCJyb2xlIjoic3R1ZGVudCIsImlhdCI6MTc3ODE5NTgyMiwiZXhwIjoxNzc4MjAzMDIyfQ.LNGXvp5kBeQyRlJWu_gWiR0wQzQx07o4eix91Wd62DM,69fd1d6de7a6b5b2035927c5,69fd1d6ee7a6b5b2035929d0
eyJhbGciOiJIUzI1NiIsInR5cCI6IkpXVCJ9.eyJpZCI6IjY5ZmQxZDZlZTdhNmI1YjIwMzU5MjlkMSIsImVtYWlsIjoibG9hZHRlc3QtMDUxOEBpY2hhbmdlLnRlc3QiLCJyb2xlIjoic3R1ZGVudCIsImlhdCI6MTc3ODE5NTgyMiwiZXhwIjoxNzc4MjAzMDIyfQ._gmtPAhv8TtlWy03chsNA9ey0YU2CH0uEPVZd7j9Xrs,69fd1d6de7a6b5b2035927c5,69fd1d6ee7a6b5b2035929d1
eyJhbGciOiJIUzI1NiIsInR5cCI6IkpXVCJ9.eyJpZCI6IjY5ZmQxZDZlZTdhNmI1YjIwMzU5MjlkMiIsImVtYWlsIjoibG9hZHRlc3QtMDUxOUBpY2hhbmdlLnRlc3QiLCJyb2xlIjoic3R1ZGVudCIsImlhdCI6MTc3ODE5NTgyMiwiZXhwIjoxNzc4MjAzMDIyfQ.IxKqgVW-vuAxyVtxJtLv22lZ6wjXovr-Saf94mxRBUc,69fd1d6de7a6b5b2035927c5,69fd1d6ee7a6b5b2035929d2
eyJhbGciOiJIUzI1NiIsInR5cCI6IkpXVCJ9.eyJpZCI6IjY5ZmQxZDZlZTdhNmI1YjIwMzU5MjlkMyIsImVtYWlsIjoibG9hZHRlc3QtMDUyMEBpY2hhbmdlLnRlc3QiLCJyb2xlIjoic3R1ZGVudCIsImlhdCI6MTc3ODE5NTgyMiwiZXhwIjoxNzc4MjAzMDIyfQ.8c5Gwpj-dtIi0pMzohyuU-jW_reoUZCb2gjb8rThw6E,69fd1d6de7a6b5b2035927c5,69fd1d6ee7a6b5b2035929d3
eyJhbGciOiJIUzI1NiIsInR5cCI6IkpXVCJ9.eyJpZCI6IjY5ZmQxZDZlZTdhNmI1YjIwMzU5MjlkNCIsImVtYWlsIjoibG9hZHRlc3QtMDUyMUBpY2hhbmdlLnRlc3QiLCJyb2xlIjoic3R1ZGVudCIsImlhdCI6MTc3ODE5NTgyMiwiZXhwIjoxNzc4MjAzMDIyfQ.oqmweAuu7MG5Cc_9tdISh9YMmN17r_oFqRjkvHesSxM,69fd1d6de7a6b5b2035927c5,69fd1d6ee7a6b5b2035929d4
eyJhbGciOiJIUzI1NiIsInR5cCI6IkpXVCJ9.eyJpZCI6IjY5ZmQxZDZlZTdhNmI1YjIwMzU5MjlkNSIsImVtYWlsIjoibG9hZHRlc3QtMDUyMkBpY2hhbmdlLnRlc3QiLCJyb2xlIjoic3R1ZGVudCIsImlhdCI6MTc3ODE5NTgyMiwiZXhwIjoxNzc4MjAzMDIyfQ.nr_OY-sRKsEsYqeDBrj3Y-Vag16zUd1R2Rz8qEGMXEo,69fd1d6de7a6b5b2035927c5,69fd1d6ee7a6b5b2035929d5
eyJhbGciOiJIUzI1NiIsInR5cCI6IkpXVCJ9.eyJpZCI6IjY5ZmQxZDZlZTdhNmI1YjIwMzU5MjlkNiIsImVtYWlsIjoibG9hZHRlc3QtMDUyM0BpY2hhbmdlLnRlc3QiLCJyb2xlIjoic3R1ZGVudCIsImlhdCI6MTc3ODE5NTgyMiwiZXhwIjoxNzc4MjAzMDIyfQ.ttrq_b1fVWhi1tvXOI5ZBJcuV7CWO6nZ7xQ9-ka7lp0,69fd1d6de7a6b5b2035927c5,69fd1d6ee7a6b5b2035929d6
eyJhbGciOiJIUzI1NiIsInR5cCI6IkpXVCJ9.eyJpZCI6IjY5ZmQxZDZlZTdhNmI1YjIwMzU5MjlkNyIsImVtYWlsIjoibG9hZHRlc3QtMDUyNEBpY2hhbmdlLnRlc3QiLCJyb2xlIjoic3R1ZGVudCIsImlhdCI6MTc3ODE5NTgyMiwiZXhwIjoxNzc4MjAzMDIyfQ.ichoPVWuVnuDamKHAFqKBm4qS3tnpnyHtqDJzx7Jq3o,69fd1d6de7a6b5b2035927c5,69fd1d6ee7a6b5b2035929d7
eyJhbGciOiJIUzI1NiIsInR5cCI6IkpXVCJ9.eyJpZCI6IjY5ZmQxZDZlZTdhNmI1YjIwMzU5MjlkOCIsImVtYWlsIjoibG9hZHRlc3QtMDUyNUBpY2hhbmdlLnRlc3QiLCJyb2xlIjoic3R1ZGVudCIsImlhdCI6MTc3ODE5NTgyMiwiZXhwIjoxNzc4MjAzMDIyfQ.b4jPkXCuqGoG6TnHxSVUOgXp8-2u1ca6eVr2xnNU7dk,69fd1d6de7a6b5b2035927c5,69fd1d6ee7a6b5b2035929d8
eyJhbGciOiJIUzI1NiIsInR5cCI6IkpXVCJ9.eyJpZCI6IjY5ZmQxZDZlZTdhNmI1YjIwMzU5MjlkOSIsImVtYWlsIjoibG9hZHRlc3QtMDUyNkBpY2hhbmdlLnRlc3QiLCJyb2xlIjoic3R1ZGVudCIsImlhdCI6MTc3ODE5NTgyMiwiZXhwIjoxNzc4MjAzMDIyfQ.MLC45JbW4NxN97CyEtSCFG9hg-DbuLZYzmYQedMCNt4,69fd1d6de7a6b5b2035927c5,69fd1d6ee7a6b5b2035929d9
eyJhbGciOiJIUzI1NiIsInR5cCI6IkpXVCJ9.eyJpZCI6IjY5ZmQxZDZlZTdhNmI1YjIwMzU5MjlkYSIsImVtYWlsIjoibG9hZHRlc3QtMDUyN0BpY2hhbmdlLnRlc3QiLCJyb2xlIjoic3R1ZGVudCIsImlhdCI6MTc3ODE5NTgyMiwiZXhwIjoxNzc4MjAzMDIyfQ.2u_JZ84vf13AwayBPiuQeJ7unh1l3yY9Ku_NZ3F6IjA,69fd1d6de7a6b5b2035927c5,69fd1d6ee7a6b5b2035929da
eyJhbGciOiJIUzI1NiIsInR5cCI6IkpXVCJ9.eyJpZCI6IjY5ZmQxZDZlZTdhNmI1YjIwMzU5MjlkYiIsImVtYWlsIjoibG9hZHRlc3QtMDUyOEBpY2hhbmdlLnRlc3QiLCJyb2xlIjoic3R1ZGVudCIsImlhdCI6MTc3ODE5NTgyMiwiZXhwIjoxNzc4MjAzMDIyfQ.oUa3BycRgM94IzjiqfJK4xltHtfYUQYrc5uwR1lIilo,69fd1d6de7a6b5b2035927c5,69fd1d6ee7a6b5b2035929db
eyJhbGciOiJIUzI1NiIsInR5cCI6IkpXVCJ9.eyJpZCI6IjY5ZmQxZDZlZTdhNmI1YjIwMzU5MjlkYyIsImVtYWlsIjoibG9hZHRlc3QtMDUyOUBpY2hhbmdlLnRlc3QiLCJyb2xlIjoic3R1ZGVudCIsImlhdCI6MTc3ODE5NTgyMiwiZXhwIjoxNzc4MjAzMDIyfQ.jnOrwMQFjqNWfjW60JU8P31GBmvHNt5zuK1psi3Spic,69fd1d6de7a6b5b2035927c5,69fd1d6ee7a6b5b2035929dc
eyJhbGciOiJIUzI1NiIsInR5cCI6IkpXVCJ9.eyJpZCI6IjY5ZmQxZDZlZTdhNmI1YjIwMzU5MjlkZCIsImVtYWlsIjoibG9hZHRlc3QtMDUzMEBpY2hhbmdlLnRlc3QiLCJyb2xlIjoic3R1ZGVudCIsImlhdCI6MTc3ODE5NTgyMiwiZXhwIjoxNzc4MjAzMDIyfQ.JDsOwsFMz3he8do3kQ2Calsghju8vqX66FP5ZIWCLEI,69fd1d6de7a6b5b2035927c5,69fd1d6ee7a6b5b2035929dd
eyJhbGciOiJIUzI1NiIsInR5cCI6IkpXVCJ9.eyJpZCI6IjY5ZmQxZDZlZTdhNmI1YjIwMzU5MjlkZSIsImVtYWlsIjoibG9hZHRlc3QtMDUzMUBpY2hhbmdlLnRlc3QiLCJyb2xlIjoic3R1ZGVudCIsImlhdCI6MTc3ODE5NTgyMiwiZXhwIjoxNzc4MjAzMDIyfQ.-7-BQjrgpJtMk5FlBt4atSc1Tkqj08jSJ7HmlN2XeJE,69fd1d6de7a6b5b2035927c5,69fd1d6ee7a6b5b2035929de
eyJhbGciOiJIUzI1NiIsInR5cCI6IkpXVCJ9.eyJpZCI6IjY5ZmQxZDZlZTdhNmI1YjIwMzU5MjlkZiIsImVtYWlsIjoibG9hZHRlc3QtMDUzMkBpY2hhbmdlLnRlc3QiLCJyb2xlIjoic3R1ZGVudCIsImlhdCI6MTc3ODE5NTgyMiwiZXhwIjoxNzc4MjAzMDIyfQ.8fnjqOIHHdmx5H4aPjYKSSMwPOmWK9N9d1n4C3eTHQc,69fd1d6de7a6b5b2035927c5,69fd1d6ee7a6b5b2035929df
eyJhbGciOiJIUzI1NiIsInR5cCI6IkpXVCJ9.eyJpZCI6IjY5ZmQxZDZlZTdhNmI1YjIwMzU5MjllMCIsImVtYWlsIjoibG9hZHRlc3QtMDUzM0BpY2hhbmdlLnRlc3QiLCJyb2xlIjoic3R1ZGVudCIsImlhdCI6MTc3ODE5NTgyMiwiZXhwIjoxNzc4MjAzMDIyfQ.NEwCh8eDoairORnbXyuB3FJSSBojVtI1VoP85Qkb8C0,69fd1d6de7a6b5b2035927c5,69fd1d6ee7a6b5b2035929e0
eyJhbGciOiJIUzI1NiIsInR5cCI6IkpXVCJ9.eyJpZCI6IjY5ZmQxZDZlZTdhNmI1YjIwMzU5MjllMSIsImVtYWlsIjoibG9hZHRlc3QtMDUzNEBpY2hhbmdlLnRlc3QiLCJyb2xlIjoic3R1ZGVudCIsImlhdCI6MTc3ODE5NTgyMiwiZXhwIjoxNzc4MjAzMDIyfQ.91FfzwsKxLGmDuawQAaOAhwNQjHFerPQGW--cHd6JH8,69fd1d6de7a6b5b2035927c5,69fd1d6ee7a6b5b2035929e1
eyJhbGciOiJIUzI1NiIsInR5cCI6IkpXVCJ9.eyJpZCI6IjY5ZmQxZDZlZTdhNmI1YjIwMzU5MjllMiIsImVtYWlsIjoibG9hZHRlc3QtMDUzNUBpY2hhbmdlLnRlc3QiLCJyb2xlIjoic3R1ZGVudCIsImlhdCI6MTc3ODE5NTgyMiwiZXhwIjoxNzc4MjAzMDIyfQ.GBQxXAgeOAe6gDeoSXLbJKhmt6Q9k-uIOnzgFaEuXYE,69fd1d6de7a6b5b2035927c5,69fd1d6ee7a6b5b2035929e2
eyJhbGciOiJIUzI1NiIsInR5cCI6IkpXVCJ9.eyJpZCI6IjY5ZmQxZDZlZTdhNmI1YjIwMzU5MjllMyIsImVtYWlsIjoibG9hZHRlc3QtMDUzNkBpY2hhbmdlLnRlc3QiLCJyb2xlIjoic3R1ZGVudCIsImlhdCI6MTc3ODE5NTgyMiwiZXhwIjoxNzc4MjAzMDIyfQ.wbG2PxdmcNf_313U0O5zuzbKJPr-D1ChFe2Zs5TiqGI,69fd1d6de7a6b5b2035927c5,69fd1d6ee7a6b5b2035929e3
eyJhbGciOiJIUzI1NiIsInR5cCI6IkpXVCJ9.eyJpZCI6IjY5ZmQxZDZlZTdhNmI1YjIwMzU5MjllNCIsImVtYWlsIjoibG9hZHRlc3QtMDUzN0BpY2hhbmdlLnRlc3QiLCJyb2xlIjoic3R1ZGVudCIsImlhdCI6MTc3ODE5NTgyMiwiZXhwIjoxNzc4MjAzMDIyfQ.OGioxCZJWVvOE_kM-4CcAMgk6SsMFFh_go0Lh1gq82E,69fd1d6de7a6b5b2035927c5,69fd1d6ee7a6b5b2035929e4
eyJhbGciOiJIUzI1NiIsInR5cCI6IkpXVCJ9.eyJpZCI6IjY5ZmQxZDZlZTdhNmI1YjIwMzU5MjllNSIsImVtYWlsIjoibG9hZHRlc3QtMDUzOEBpY2hhbmdlLnRlc3QiLCJyb2xlIjoic3R1ZGVudCIsImlhdCI6MTc3ODE5NTgyMiwiZXhwIjoxNzc4MjAzMDIyfQ.6xs9ba-4FkJHU9YwW-dhjGAkz0HVjAprLSTqpWF4xZI,69fd1d6de7a6b5b2035927c5,69fd1d6ee7a6b5b2035929e5
eyJhbGciOiJIUzI1NiIsInR5cCI6IkpXVCJ9.eyJpZCI6IjY5ZmQxZDZlZTdhNmI1YjIwMzU5MjllNiIsImVtYWlsIjoibG9hZHRlc3QtMDUzOUBpY2hhbmdlLnRlc3QiLCJyb2xlIjoic3R1ZGVudCIsImlhdCI6MTc3ODE5NTgyMiwiZXhwIjoxNzc4MjAzMDIyfQ.mufqkVIj05yooGUbU1DFnhu3HS_cqAMGR3f0mtY6Ms0,69fd1d6de7a6b5b2035927c5,69fd1d6ee7a6b5b2035929e6
eyJhbGciOiJIUzI1NiIsInR5cCI6IkpXVCJ9.eyJpZCI6IjY5ZmQxZDZlZTdhNmI1YjIwMzU5MjllNyIsImVtYWlsIjoibG9hZHRlc3QtMDU0MEBpY2hhbmdlLnRlc3QiLCJyb2xlIjoic3R1ZGVudCIsImlhdCI6MTc3ODE5NTgyMiwiZXhwIjoxNzc4MjAzMDIyfQ.Iu5zzIgFhvneCadxrSu6CbzghteMJkI6gMsAsxgAzoQ,69fd1d6de7a6b5b2035927c5,69fd1d6ee7a6b5b2035929e7
eyJhbGciOiJIUzI1NiIsInR5cCI6IkpXVCJ9.eyJpZCI6IjY5ZmQxZDZlZTdhNmI1YjIwMzU5MjllOCIsImVtYWlsIjoibG9hZHRlc3QtMDU0MUBpY2hhbmdlLnRlc3QiLCJyb2xlIjoic3R1ZGVudCIsImlhdCI6MTc3ODE5NTgyMiwiZXhwIjoxNzc4MjAzMDIyfQ.5rEO8kPlN3F9onT1KcPEgoX8eHsmvkLlXWuMsgmpo5M,69fd1d6de7a6b5b2035927c5,69fd1d6ee7a6b5b2035929e8
eyJhbGciOiJIUzI1NiIsInR5cCI6IkpXVCJ9.eyJpZCI6IjY5ZmQxZDZlZTdhNmI1YjIwMzU5MjllOSIsImVtYWlsIjoibG9hZHRlc3QtMDU0MkBpY2hhbmdlLnRlc3QiLCJyb2xlIjoic3R1ZGVudCIsImlhdCI6MTc3ODE5NTgyMiwiZXhwIjoxNzc4MjAzMDIyfQ.r_tF0ByUxNYTIyD_v3uYTIyCZikPGP6HmWhfP3L1VrU,69fd1d6de7a6b5b2035927c5,69fd1d6ee7a6b5b2035929e9
eyJhbGciOiJIUzI1NiIsInR5cCI6IkpXVCJ9.eyJpZCI6IjY5ZmQxZDZlZTdhNmI1YjIwMzU5MjllYSIsImVtYWlsIjoibG9hZHRlc3QtMDU0M0BpY2hhbmdlLnRlc3QiLCJyb2xlIjoic3R1ZGVudCIsImlhdCI6MTc3ODE5NTgyMiwiZXhwIjoxNzc4MjAzMDIyfQ.Gx3ADOEPiojIjKeYO4Jll0qCk5XzKOnA_5Bx1aYwd5I,69fd1d6de7a6b5b2035927c5,69fd1d6ee7a6b5b2035929ea
eyJhbGciOiJIUzI1NiIsInR5cCI6IkpXVCJ9.eyJpZCI6IjY5ZmQxZDZlZTdhNmI1YjIwMzU5MjllYiIsImVtYWlsIjoibG9hZHRlc3QtMDU0NEBpY2hhbmdlLnRlc3QiLCJyb2xlIjoic3R1ZGVudCIsImlhdCI6MTc3ODE5NTgyMiwiZXhwIjoxNzc4MjAzMDIyfQ.0xvxe4dmPpYOkJYNqHFzF23h1PIUNb5_GSGsLCmQyhA,69fd1d6de7a6b5b2035927c5,69fd1d6ee7a6b5b2035929eb
eyJhbGciOiJIUzI1NiIsInR5cCI6IkpXVCJ9.eyJpZCI6IjY5ZmQxZDZlZTdhNmI1YjIwMzU5MjllYyIsImVtYWlsIjoibG9hZHRlc3QtMDU0NUBpY2hhbmdlLnRlc3QiLCJyb2xlIjoic3R1ZGVudCIsImlhdCI6MTc3ODE5NTgyMiwiZXhwIjoxNzc4MjAzMDIyfQ.ufzHKvUxzPRFk4UARzsbn1j5R2ohNJyloIhk9DOQg1I,69fd1d6de7a6b5b2035927c5,69fd1d6ee7a6b5b2035929ec
eyJhbGciOiJIUzI1NiIsInR5cCI6IkpXVCJ9.eyJpZCI6IjY5ZmQxZDZlZTdhNmI1YjIwMzU5MjllZCIsImVtYWlsIjoibG9hZHRlc3QtMDU0NkBpY2hhbmdlLnRlc3QiLCJyb2xlIjoic3R1ZGVudCIsImlhdCI6MTc3ODE5NTgyMiwiZXhwIjoxNzc4MjAzMDIyfQ.pXzX7dEQrDhMI46b01p4JLSjjS91Pr1tm2Z00CO-t-c,69fd1d6de7a6b5b2035927c5,69fd1d6ee7a6b5b2035929ed
eyJhbGciOiJIUzI1NiIsInR5cCI6IkpXVCJ9.eyJpZCI6IjY5ZmQxZDZlZTdhNmI1YjIwMzU5MjllZSIsImVtYWlsIjoibG9hZHRlc3QtMDU0N0BpY2hhbmdlLnRlc3QiLCJyb2xlIjoic3R1ZGVudCIsImlhdCI6MTc3ODE5NTgyMiwiZXhwIjoxNzc4MjAzMDIyfQ.bmIXI858V4JV1Ej5e2SZkRag8uaIKOY9dK6n0KviEkQ,69fd1d6de7a6b5b2035927c5,69fd1d6ee7a6b5b2035929ee
eyJhbGciOiJIUzI1NiIsInR5cCI6IkpXVCJ9.eyJpZCI6IjY5ZmQxZDZlZTdhNmI1YjIwMzU5MjllZiIsImVtYWlsIjoibG9hZHRlc3QtMDU0OEBpY2hhbmdlLnRlc3QiLCJyb2xlIjoic3R1ZGVudCIsImlhdCI6MTc3ODE5NTgyMiwiZXhwIjoxNzc4MjAzMDIyfQ.QnztpuuirC3KWev8ut1LJ-5wwrwtOdndtBv7bPUyp1w,69fd1d6de7a6b5b2035927c5,69fd1d6ee7a6b5b2035929ef
eyJhbGciOiJIUzI1NiIsInR5cCI6IkpXVCJ9.eyJpZCI6IjY5ZmQxZDZlZTdhNmI1YjIwMzU5MjlmMCIsImVtYWlsIjoibG9hZHRlc3QtMDU0OUBpY2hhbmdlLnRlc3QiLCJyb2xlIjoic3R1ZGVudCIsImlhdCI6MTc3ODE5NTgyMiwiZXhwIjoxNzc4MjAzMDIyfQ.Qs5gKK1cswnXCN38gn_E4cuFRZROtLmLb86-SMc18x8,69fd1d6de7a6b5b2035927c5,69fd1d6ee7a6b5b2035929f0
eyJhbGciOiJIUzI1NiIsInR5cCI6IkpXVCJ9.eyJpZCI6IjY5ZmQxZDZlZTdhNmI1YjIwMzU5MjlmMSIsImVtYWlsIjoibG9hZHRlc3QtMDU1MEBpY2hhbmdlLnRlc3QiLCJyb2xlIjoic3R1ZGVudCIsImlhdCI6MTc3ODE5NTgyMiwiZXhwIjoxNzc4MjAzMDIyfQ.4SQOcZfUhwGA1HkpbjxY3SMUK3p9b-jGaqy1HUHnpzo,69fd1d6de7a6b5b2035927c5,69fd1d6ee7a6b5b2035929f1
eyJhbGciOiJIUzI1NiIsInR5cCI6IkpXVCJ9.eyJpZCI6IjY5ZmQxZDZlZTdhNmI1YjIwMzU5MjlmMiIsImVtYWlsIjoibG9hZHRlc3QtMDU1MUBpY2hhbmdlLnRlc3QiLCJyb2xlIjoic3R1ZGVudCIsImlhdCI6MTc3ODE5NTgyMiwiZXhwIjoxNzc4MjAzMDIyfQ.o3w7rewKtTHfVrHniQpxk68awCAWqx2HWWNfm69R8ZM,69fd1d6de7a6b5b2035927c5,69fd1d6ee7a6b5b2035929f2
eyJhbGciOiJIUzI1NiIsInR5cCI6IkpXVCJ9.eyJpZCI6IjY5ZmQxZDZlZTdhNmI1YjIwMzU5MjlmMyIsImVtYWlsIjoibG9hZHRlc3QtMDU1MkBpY2hhbmdlLnRlc3QiLCJyb2xlIjoic3R1ZGVudCIsImlhdCI6MTc3ODE5NTgyMiwiZXhwIjoxNzc4MjAzMDIyfQ.ixE9z294xtiONIjZBWyIe5hEBsm62FLJui5rQt1oSGo,69fd1d6de7a6b5b2035927c5,69fd1d6ee7a6b5b2035929f3
eyJhbGciOiJIUzI1NiIsInR5cCI6IkpXVCJ9.eyJpZCI6IjY5ZmQxZDZlZTdhNmI1YjIwMzU5MjlmNCIsImVtYWlsIjoibG9hZHRlc3QtMDU1M0BpY2hhbmdlLnRlc3QiLCJyb2xlIjoic3R1ZGVudCIsImlhdCI6MTc3ODE5NTgyMiwiZXhwIjoxNzc4MjAzMDIyfQ.9JpXmoM_L1TXsOYOXcdcsq-n5V8mbtJetsTpRiTw1aY,69fd1d6de7a6b5b2035927c5,69fd1d6ee7a6b5b2035929f4
eyJhbGciOiJIUzI1NiIsInR5cCI6IkpXVCJ9.eyJpZCI6IjY5ZmQxZDZlZTdhNmI1YjIwMzU5MjlmNSIsImVtYWlsIjoibG9hZHRlc3QtMDU1NEBpY2hhbmdlLnRlc3QiLCJyb2xlIjoic3R1ZGVudCIsImlhdCI6MTc3ODE5NTgyMiwiZXhwIjoxNzc4MjAzMDIyfQ.BbaqDF_tWn-8mJ3nx7YFIsWxyRZdjpSx52RlwK91ieI,69fd1d6de7a6b5b2035927c5,69fd1d6ee7a6b5b2035929f5
eyJhbGciOiJIUzI1NiIsInR5cCI6IkpXVCJ9.eyJpZCI6IjY5ZmQxZDZlZTdhNmI1YjIwMzU5MjlmNiIsImVtYWlsIjoibG9hZHRlc3QtMDU1NUBpY2hhbmdlLnRlc3QiLCJyb2xlIjoic3R1ZGVudCIsImlhdCI6MTc3ODE5NTgyMiwiZXhwIjoxNzc4MjAzMDIyfQ.jPCa46LVbA8cd-wF7F6oMycs6CZIM2lQG5LzH0smuqA,69fd1d6de7a6b5b2035927c5,69fd1d6ee7a6b5b2035929f6
eyJhbGciOiJIUzI1NiIsInR5cCI6IkpXVCJ9.eyJpZCI6IjY5ZmQxZDZlZTdhNmI1YjIwMzU5MjlmNyIsImVtYWlsIjoibG9hZHRlc3QtMDU1NkBpY2hhbmdlLnRlc3QiLCJyb2xlIjoic3R1ZGVudCIsImlhdCI6MTc3ODE5NTgyMiwiZXhwIjoxNzc4MjAzMDIyfQ.SkcLYoVVGTWRF-NLVUoe1Rw_wohrQpqMtk2pnuf6Rh4,69fd1d6de7a6b5b2035927c5,69fd1d6ee7a6b5b2035929f7
eyJhbGciOiJIUzI1NiIsInR5cCI6IkpXVCJ9.eyJpZCI6IjY5ZmQxZDZlZTdhNmI1YjIwMzU5MjlmOCIsImVtYWlsIjoibG9hZHRlc3QtMDU1N0BpY2hhbmdlLnRlc3QiLCJyb2xlIjoic3R1ZGVudCIsImlhdCI6MTc3ODE5NTgyMiwiZXhwIjoxNzc4MjAzMDIyfQ.K2ZTTxM3WEFrjOAIB5yEd0m01TEnTOzgBBoqiE2rrwI,69fd1d6de7a6b5b2035927c5,69fd1d6ee7a6b5b2035929f8
eyJhbGciOiJIUzI1NiIsInR5cCI6IkpXVCJ9.eyJpZCI6IjY5ZmQxZDZlZTdhNmI1YjIwMzU5MjlmOSIsImVtYWlsIjoibG9hZHRlc3QtMDU1OEBpY2hhbmdlLnRlc3QiLCJyb2xlIjoic3R1ZGVudCIsImlhdCI6MTc3ODE5NTgyMiwiZXhwIjoxNzc4MjAzMDIyfQ._DjS6vNJajG6gHW9Pz4T9RNL-ZQWZMXxyDToFXfIknU,69fd1d6de7a6b5b2035927c5,69fd1d6ee7a6b5b2035929f9
eyJhbGciOiJIUzI1NiIsInR5cCI6IkpXVCJ9.eyJpZCI6IjY5ZmQxZDZlZTdhNmI1YjIwMzU5MjlmYSIsImVtYWlsIjoibG9hZHRlc3QtMDU1OUBpY2hhbmdlLnRlc3QiLCJyb2xlIjoic3R1ZGVudCIsImlhdCI6MTc3ODE5NTgyMiwiZXhwIjoxNzc4MjAzMDIyfQ.anEC2wgT2DVTJ0cJwxFoyIY_NqzdbdrAM0je9tWhOsg,69fd1d6de7a6b5b2035927c5,69fd1d6ee7a6b5b2035929fa
eyJhbGciOiJIUzI1NiIsInR5cCI6IkpXVCJ9.eyJpZCI6IjY5ZmQxZDZlZTdhNmI1YjIwMzU5MjlmYiIsImVtYWlsIjoibG9hZHRlc3QtMDU2MEBpY2hhbmdlLnRlc3QiLCJyb2xlIjoic3R1ZGVudCIsImlhdCI6MTc3ODE5NTgyMiwiZXhwIjoxNzc4MjAzMDIyfQ.tfuSZo6lH5D_WZWbYLnvPrgVSYM2RypxcYqhwzsGrQE,69fd1d6de7a6b5b2035927c5,69fd1d6ee7a6b5b2035929fb
eyJhbGciOiJIUzI1NiIsInR5cCI6IkpXVCJ9.eyJpZCI6IjY5ZmQxZDZlZTdhNmI1YjIwMzU5MjlmYyIsImVtYWlsIjoibG9hZHRlc3QtMDU2MUBpY2hhbmdlLnRlc3QiLCJyb2xlIjoic3R1ZGVudCIsImlhdCI6MTc3ODE5NTgyMiwiZXhwIjoxNzc4MjAzMDIyfQ.68DTHgaA0KK8sUXd2nShx9QxiNScGXsZm4MbEg-NX2k,69fd1d6de7a6b5b2035927c5,69fd1d6ee7a6b5b2035929fc
eyJhbGciOiJIUzI1NiIsInR5cCI6IkpXVCJ9.eyJpZCI6IjY5ZmQxZDZlZTdhNmI1YjIwMzU5MjlmZCIsImVtYWlsIjoibG9hZHRlc3QtMDU2MkBpY2hhbmdlLnRlc3QiLCJyb2xlIjoic3R1ZGVudCIsImlhdCI6MTc3ODE5NTgyMiwiZXhwIjoxNzc4MjAzMDIyfQ.n2VMB70HmeJWrVv1JrBwxg2FE8HCL8sxaxWD8dMVyuE,69fd1d6de7a6b5b2035927c5,69fd1d6ee7a6b5b2035929fd
eyJhbGciOiJIUzI1NiIsInR5cCI6IkpXVCJ9.eyJpZCI6IjY5ZmQxZDZlZTdhNmI1YjIwMzU5MjlmZSIsImVtYWlsIjoibG9hZHRlc3QtMDU2M0BpY2hhbmdlLnRlc3QiLCJyb2xlIjoic3R1ZGVudCIsImlhdCI6MTc3ODE5NTgyMiwiZXhwIjoxNzc4MjAzMDIyfQ.7ONshRPbcAdwAXjr9A5uZh67d680CyFsfCqiyu_i2jU,69fd1d6de7a6b5b2035927c5,69fd1d6ee7a6b5b2035929fe
eyJhbGciOiJIUzI1NiIsInR5cCI6IkpXVCJ9.eyJpZCI6IjY5ZmQxZDZlZTdhNmI1YjIwMzU5MjlmZiIsImVtYWlsIjoibG9hZHRlc3QtMDU2NEBpY2hhbmdlLnRlc3QiLCJyb2xlIjoic3R1ZGVudCIsImlhdCI6MTc3ODE5NTgyMiwiZXhwIjoxNzc4MjAzMDIyfQ.--tBNjhUCdGQhbL-ECWePv2UaM0zCd-2homCxqu-poo,69fd1d6de7a6b5b2035927c5,69fd1d6ee7a6b5b2035929ff
eyJhbGciOiJIUzI1NiIsInR5cCI6IkpXVCJ9.eyJpZCI6IjY5ZmQxZDZlZTdhNmI1YjIwMzU5MmEwMCIsImVtYWlsIjoibG9hZHRlc3QtMDU2NUBpY2hhbmdlLnRlc3QiLCJyb2xlIjoic3R1ZGVudCIsImlhdCI6MTc3ODE5NTgyMiwiZXhwIjoxNzc4MjAzMDIyfQ.okFV5TZj_eR_KYFgyqPf_VWNxvPEmH_czhW0723uvDI,69fd1d6de7a6b5b2035927c5,69fd1d6ee7a6b5b203592a00
eyJhbGciOiJIUzI1NiIsInR5cCI6IkpXVCJ9.eyJpZCI6IjY5ZmQxZDZlZTdhNmI1YjIwMzU5MmEwMSIsImVtYWlsIjoibG9hZHRlc3QtMDU2NkBpY2hhbmdlLnRlc3QiLCJyb2xlIjoic3R1ZGVudCIsImlhdCI6MTc3ODE5NTgyMiwiZXhwIjoxNzc4MjAzMDIyfQ.IjLq8rgRLQDtvLn8YUcY9SU9O5V_ng5j20UDN0xLPxo,69fd1d6de7a6b5b2035927c5,69fd1d6ee7a6b5b203592a01
eyJhbGciOiJIUzI1NiIsInR5cCI6IkpXVCJ9.eyJpZCI6IjY5ZmQxZDZlZTdhNmI1YjIwMzU5MmEwMiIsImVtYWlsIjoibG9hZHRlc3QtMDU2N0BpY2hhbmdlLnRlc3QiLCJyb2xlIjoic3R1ZGVudCIsImlhdCI6MTc3ODE5NTgyMiwiZXhwIjoxNzc4MjAzMDIyfQ.sNV_Uj4adb1wtsFEtUZcal97IB3-sQ70_d_MaAxcHMA,69fd1d6de7a6b5b2035927c5,69fd1d6ee7a6b5b203592a02
eyJhbGciOiJIUzI1NiIsInR5cCI6IkpXVCJ9.eyJpZCI6IjY5ZmQxZDZlZTdhNmI1YjIwMzU5MmEwMyIsImVtYWlsIjoibG9hZHRlc3QtMDU2OEBpY2hhbmdlLnRlc3QiLCJyb2xlIjoic3R1ZGVudCIsImlhdCI6MTc3ODE5NTgyMiwiZXhwIjoxNzc4MjAzMDIyfQ.ynUtrMrM4nVtOF2Lo_OtEL-V9nEXiRFH1nIBTT9Y2co,69fd1d6de7a6b5b2035927c5,69fd1d6ee7a6b5b203592a03
eyJhbGciOiJIUzI1NiIsInR5cCI6IkpXVCJ9.eyJpZCI6IjY5ZmQxZDZlZTdhNmI1YjIwMzU5MmEwNCIsImVtYWlsIjoibG9hZHRlc3QtMDU2OUBpY2hhbmdlLnRlc3QiLCJyb2xlIjoic3R1ZGVudCIsImlhdCI6MTc3ODE5NTgyMiwiZXhwIjoxNzc4MjAzMDIyfQ.g5GQ05T7ucEnPVEldqGU-PgUHxXxWPzrIiY0_UZ9ZPs,69fd1d6de7a6b5b2035927c5,69fd1d6ee7a6b5b203592a04
eyJhbGciOiJIUzI1NiIsInR5cCI6IkpXVCJ9.eyJpZCI6IjY5ZmQxZDZlZTdhNmI1YjIwMzU5MmEwNSIsImVtYWlsIjoibG9hZHRlc3QtMDU3MEBpY2hhbmdlLnRlc3QiLCJyb2xlIjoic3R1ZGVudCIsImlhdCI6MTc3ODE5NTgyMiwiZXhwIjoxNzc4MjAzMDIyfQ.Cg3w22B-gZEVfavUV8gY-YeWvECJxjV5ZLVZJxk3hjY,69fd1d6de7a6b5b2035927c5,69fd1d6ee7a6b5b203592a05
eyJhbGciOiJIUzI1NiIsInR5cCI6IkpXVCJ9.eyJpZCI6IjY5ZmQxZDZlZTdhNmI1YjIwMzU5MmEwNiIsImVtYWlsIjoibG9hZHRlc3QtMDU3MUBpY2hhbmdlLnRlc3QiLCJyb2xlIjoic3R1ZGVudCIsImlhdCI6MTc3ODE5NTgyMiwiZXhwIjoxNzc4MjAzMDIyfQ.OrTe08a1O8cNINoFjgtEH2xm-NBSZpsuOgJlOnKtW3Q,69fd1d6de7a6b5b2035927c5,69fd1d6ee7a6b5b203592a06
eyJhbGciOiJIUzI1NiIsInR5cCI6IkpXVCJ9.eyJpZCI6IjY5ZmQxZDZlZTdhNmI1YjIwMzU5MmEwNyIsImVtYWlsIjoibG9hZHRlc3QtMDU3MkBpY2hhbmdlLnRlc3QiLCJyb2xlIjoic3R1ZGVudCIsImlhdCI6MTc3ODE5NTgyMiwiZXhwIjoxNzc4MjAzMDIyfQ.0VweAm18QkYTdJ05k1hp5aJa9gIpi1-JF0vx1dTzjqM,69fd1d6de7a6b5b2035927c5,69fd1d6ee7a6b5b203592a07
eyJhbGciOiJIUzI1NiIsInR5cCI6IkpXVCJ9.eyJpZCI6IjY5ZmQxZDZlZTdhNmI1YjIwMzU5MmEwOCIsImVtYWlsIjoibG9hZHRlc3QtMDU3M0BpY2hhbmdlLnRlc3QiLCJyb2xlIjoic3R1ZGVudCIsImlhdCI6MTc3ODE5NTgyMiwiZXhwIjoxNzc4MjAzMDIyfQ.xEnYTaV-79ECgiixJBM7vvTTdEg9YPDhEm0kDWzC8NE,69fd1d6de7a6b5b2035927c5,69fd1d6ee7a6b5b203592a08
eyJhbGciOiJIUzI1NiIsInR5cCI6IkpXVCJ9.eyJpZCI6IjY5ZmQxZDZlZTdhNmI1YjIwMzU5MmEwOSIsImVtYWlsIjoibG9hZHRlc3QtMDU3NEBpY2hhbmdlLnRlc3QiLCJyb2xlIjoic3R1ZGVudCIsImlhdCI6MTc3ODE5NTgyMiwiZXhwIjoxNzc4MjAzMDIyfQ.nJaH11mgRFj5pA8zB9hS-2h4-mSEV7YR6063NgDuPS4,69fd1d6de7a6b5b2035927c5,69fd1d6ee7a6b5b203592a09
eyJhbGciOiJIUzI1NiIsInR5cCI6IkpXVCJ9.eyJpZCI6IjY5ZmQxZDZlZTdhNmI1YjIwMzU5MmEwYSIsImVtYWlsIjoibG9hZHRlc3QtMDU3NUBpY2hhbmdlLnRlc3QiLCJyb2xlIjoic3R1ZGVudCIsImlhdCI6MTc3ODE5NTgyMiwiZXhwIjoxNzc4MjAzMDIyfQ.0YWh3-fSikitkG3w01WmbB4h6d8o2FhfD96UOIaDjlU,69fd1d6de7a6b5b2035927c5,69fd1d6ee7a6b5b203592a0a
eyJhbGciOiJIUzI1NiIsInR5cCI6IkpXVCJ9.eyJpZCI6IjY5ZmQxZDZlZTdhNmI1YjIwMzU5MmEwYiIsImVtYWlsIjoibG9hZHRlc3QtMDU3NkBpY2hhbmdlLnRlc3QiLCJyb2xlIjoic3R1ZGVudCIsImlhdCI6MTc3ODE5NTgyMiwiZXhwIjoxNzc4MjAzMDIyfQ.45nz6WMTtPGmW6ioseZwQPBXG4TuvnBtO2l9P5606FY,69fd1d6de7a6b5b2035927c5,69fd1d6ee7a6b5b203592a0b
eyJhbGciOiJIUzI1NiIsInR5cCI6IkpXVCJ9.eyJpZCI6IjY5ZmQxZDZlZTdhNmI1YjIwMzU5MmEwYyIsImVtYWlsIjoibG9hZHRlc3QtMDU3N0BpY2hhbmdlLnRlc3QiLCJyb2xlIjoic3R1ZGVudCIsImlhdCI6MTc3ODE5NTgyMiwiZXhwIjoxNzc4MjAzMDIyfQ.fxS1ivSdG-wRZ2XASvLFYsXBY-5ern-AxBMLHwxVn-M,69fd1d6de7a6b5b2035927c5,69fd1d6ee7a6b5b203592a0c
eyJhbGciOiJIUzI1NiIsInR5cCI6IkpXVCJ9.eyJpZCI6IjY5ZmQxZDZlZTdhNmI1YjIwMzU5MmEwZCIsImVtYWlsIjoibG9hZHRlc3QtMDU3OEBpY2hhbmdlLnRlc3QiLCJyb2xlIjoic3R1ZGVudCIsImlhdCI6MTc3ODE5NTgyMiwiZXhwIjoxNzc4MjAzMDIyfQ.pmN-AGMSPdWiE-VuVPv0roWnQ8M8QwijoG4h7XamlVQ,69fd1d6de7a6b5b2035927c5,69fd1d6ee7a6b5b203592a0d
eyJhbGciOiJIUzI1NiIsInR5cCI6IkpXVCJ9.eyJpZCI6IjY5ZmQxZDZlZTdhNmI1YjIwMzU5MmEwZSIsImVtYWlsIjoibG9hZHRlc3QtMDU3OUBpY2hhbmdlLnRlc3QiLCJyb2xlIjoic3R1ZGVudCIsImlhdCI6MTc3ODE5NTgyMiwiZXhwIjoxNzc4MjAzMDIyfQ.7VBOxupabYxuHzkdBKtB4NFvWLvhT6mRHVSgvc2VbwA,69fd1d6de7a6b5b2035927c5,69fd1d6ee7a6b5b203592a0e
eyJhbGciOiJIUzI1NiIsInR5cCI6IkpXVCJ9.eyJpZCI6IjY5ZmQxZDZlZTdhNmI1YjIwMzU5MmEwZiIsImVtYWlsIjoibG9hZHRlc3QtMDU4MEBpY2hhbmdlLnRlc3QiLCJyb2xlIjoic3R1ZGVudCIsImlhdCI6MTc3ODE5NTgyMiwiZXhwIjoxNzc4MjAzMDIyfQ.MxeW8oeejR4LFskTXUcvOcLu5xEZAZdDxVhZiTmctB8,69fd1d6de7a6b5b2035927c5,69fd1d6ee7a6b5b203592a0f
eyJhbGciOiJIUzI1NiIsInR5cCI6IkpXVCJ9.eyJpZCI6IjY5ZmQxZDZlZTdhNmI1YjIwMzU5MmExMCIsImVtYWlsIjoibG9hZHRlc3QtMDU4MUBpY2hhbmdlLnRlc3QiLCJyb2xlIjoic3R1ZGVudCIsImlhdCI6MTc3ODE5NTgyMiwiZXhwIjoxNzc4MjAzMDIyfQ.thi4eJql66lpVpfujFSV6C3pM0ga0BXDcFYeVgKUyvk,69fd1d6de7a6b5b2035927c5,69fd1d6ee7a6b5b203592a10
eyJhbGciOiJIUzI1NiIsInR5cCI6IkpXVCJ9.eyJpZCI6IjY5ZmQxZDZlZTdhNmI1YjIwMzU5MmExMSIsImVtYWlsIjoibG9hZHRlc3QtMDU4MkBpY2hhbmdlLnRlc3QiLCJyb2xlIjoic3R1ZGVudCIsImlhdCI6MTc3ODE5NTgyMiwiZXhwIjoxNzc4MjAzMDIyfQ.vG1i_gjuQhOvRWtPC72o_RJc-AXrFpluZhugNtLoPAc,69fd1d6de7a6b5b2035927c5,69fd1d6ee7a6b5b203592a11
eyJhbGciOiJIUzI1NiIsInR5cCI6IkpXVCJ9.eyJpZCI6IjY5ZmQxZDZlZTdhNmI1YjIwMzU5MmExMiIsImVtYWlsIjoibG9hZHRlc3QtMDU4M0BpY2hhbmdlLnRlc3QiLCJyb2xlIjoic3R1ZGVudCIsImlhdCI6MTc3ODE5NTgyMiwiZXhwIjoxNzc4MjAzMDIyfQ.0c48Sb0I8A1rAvneiTM3Hynw6-i6uU0zUxGsryxN-d0,69fd1d6de7a6b5b2035927c5,69fd1d6ee7a6b5b203592a12
eyJhbGciOiJIUzI1NiIsInR5cCI6IkpXVCJ9.eyJpZCI6IjY5ZmQxZDZlZTdhNmI1YjIwMzU5MmExMyIsImVtYWlsIjoibG9hZHRlc3QtMDU4NEBpY2hhbmdlLnRlc3QiLCJyb2xlIjoic3R1ZGVudCIsImlhdCI6MTc3ODE5NTgyMiwiZXhwIjoxNzc4MjAzMDIyfQ.yaBkXNn0lNtmDp9N98e8Vd7xYyYm_MUtIFDiyVn7IEA,69fd1d6de7a6b5b2035927c5,69fd1d6ee7a6b5b203592a13
eyJhbGciOiJIUzI1NiIsInR5cCI6IkpXVCJ9.eyJpZCI6IjY5ZmQxZDZlZTdhNmI1YjIwMzU5MmExNCIsImVtYWlsIjoibG9hZHRlc3QtMDU4NUBpY2hhbmdlLnRlc3QiLCJyb2xlIjoic3R1ZGVudCIsImlhdCI6MTc3ODE5NTgyMiwiZXhwIjoxNzc4MjAzMDIyfQ.4XoqXllTw6EfkzdfWph55krlzbjgQMliKsd-riD_boU,69fd1d6de7a6b5b2035927c5,69fd1d6ee7a6b5b203592a14
eyJhbGciOiJIUzI1NiIsInR5cCI6IkpXVCJ9.eyJpZCI6IjY5ZmQxZDZlZTdhNmI1YjIwMzU5MmExNSIsImVtYWlsIjoibG9hZHRlc3QtMDU4NkBpY2hhbmdlLnRlc3QiLCJyb2xlIjoic3R1ZGVudCIsImlhdCI6MTc3ODE5NTgyMiwiZXhwIjoxNzc4MjAzMDIyfQ.jHxceDVcAP5jeHAFA_lOAhO3lqrU0eBBJnKTvxzphkg,69fd1d6de7a6b5b2035927c5,69fd1d6ee7a6b5b203592a15
eyJhbGciOiJIUzI1NiIsInR5cCI6IkpXVCJ9.eyJpZCI6IjY5ZmQxZDZlZTdhNmI1YjIwMzU5MmExNiIsImVtYWlsIjoibG9hZHRlc3QtMDU4N0BpY2hhbmdlLnRlc3QiLCJyb2xlIjoic3R1ZGVudCIsImlhdCI6MTc3ODE5NTgyMiwiZXhwIjoxNzc4MjAzMDIyfQ.-KHzhbG2RDgdQBaOmQFp8YaZP7CeH3MvWaQqCiqK9pE,69fd1d6de7a6b5b2035927c5,69fd1d6ee7a6b5b203592a16
eyJhbGciOiJIUzI1NiIsInR5cCI6IkpXVCJ9.eyJpZCI6IjY5ZmQxZDZlZTdhNmI1YjIwMzU5MmExNyIsImVtYWlsIjoibG9hZHRlc3QtMDU4OEBpY2hhbmdlLnRlc3QiLCJyb2xlIjoic3R1ZGVudCIsImlhdCI6MTc3ODE5NTgyMiwiZXhwIjoxNzc4MjAzMDIyfQ.Z_sPLm7m-1vnW4HUiRhvoEvkIZWxAUY2VU86delety4,69fd1d6de7a6b5b2035927c5,69fd1d6ee7a6b5b203592a17
eyJhbGciOiJIUzI1NiIsInR5cCI6IkpXVCJ9.eyJpZCI6IjY5ZmQxZDZlZTdhNmI1YjIwMzU5MmExOCIsImVtYWlsIjoibG9hZHRlc3QtMDU4OUBpY2hhbmdlLnRlc3QiLCJyb2xlIjoic3R1ZGVudCIsImlhdCI6MTc3ODE5NTgyMiwiZXhwIjoxNzc4MjAzMDIyfQ.YPnLoONjPj7k-G0blm3au2kt6l4BrM8-upOtyOSCFAM,69fd1d6de7a6b5b2035927c5,69fd1d6ee7a6b5b203592a18
eyJhbGciOiJIUzI1NiIsInR5cCI6IkpXVCJ9.eyJpZCI6IjY5ZmQxZDZlZTdhNmI1YjIwMzU5MmExOSIsImVtYWlsIjoibG9hZHRlc3QtMDU5MEBpY2hhbmdlLnRlc3QiLCJyb2xlIjoic3R1ZGVudCIsImlhdCI6MTc3ODE5NTgyMiwiZXhwIjoxNzc4MjAzMDIyfQ.otVnQJI1yAAY_IMVjTzTAMmFTabGB_dgo4zsLkTNG_M,69fd1d6de7a6b5b2035927c5,69fd1d6ee7a6b5b203592a19
eyJhbGciOiJIUzI1NiIsInR5cCI6IkpXVCJ9.eyJpZCI6IjY5ZmQxZDZlZTdhNmI1YjIwMzU5MmExYSIsImVtYWlsIjoibG9hZHRlc3QtMDU5MUBpY2hhbmdlLnRlc3QiLCJyb2xlIjoic3R1ZGVudCIsImlhdCI6MTc3ODE5NTgyMywiZXhwIjoxNzc4MjAzMDIzfQ.mYBfzifu3pc4O3vVYZpp0kbl8OU6Vds6O0TSqOx-Zg8,69fd1d6de7a6b5b2035927c5,69fd1d6ee7a6b5b203592a1a
eyJhbGciOiJIUzI1NiIsInR5cCI6IkpXVCJ9.eyJpZCI6IjY5ZmQxZDZlZTdhNmI1YjIwMzU5MmExYiIsImVtYWlsIjoibG9hZHRlc3QtMDU5MkBpY2hhbmdlLnRlc3QiLCJyb2xlIjoic3R1ZGVudCIsImlhdCI6MTc3ODE5NTgyMywiZXhwIjoxNzc4MjAzMDIzfQ.CK6nx6r6vHFwtdK9VnH2R2vGLmUen1MyAoxIhf9x3kw,69fd1d6de7a6b5b2035927c5,69fd1d6ee7a6b5b203592a1b
eyJhbGciOiJIUzI1NiIsInR5cCI6IkpXVCJ9.eyJpZCI6IjY5ZmQxZDZlZTdhNmI1YjIwMzU5MmExYyIsImVtYWlsIjoibG9hZHRlc3QtMDU5M0BpY2hhbmdlLnRlc3QiLCJyb2xlIjoic3R1ZGVudCIsImlhdCI6MTc3ODE5NTgyMywiZXhwIjoxNzc4MjAzMDIzfQ.gwSSpvpXtyyL6KmpUc5aPlCqDEOWHFM-I-M7x4p4PH8,69fd1d6de7a6b5b2035927c5,69fd1d6ee7a6b5b203592a1c
eyJhbGciOiJIUzI1NiIsInR5cCI6IkpXVCJ9.eyJpZCI6IjY5ZmQxZDZlZTdhNmI1YjIwMzU5MmExZCIsImVtYWlsIjoibG9hZHRlc3QtMDU5NEBpY2hhbmdlLnRlc3QiLCJyb2xlIjoic3R1ZGVudCIsImlhdCI6MTc3ODE5NTgyMywiZXhwIjoxNzc4MjAzMDIzfQ.XKqsZMzhmW0IxB33Lt7lmfTf8mfCijRub3cVgWck0Yo,69fd1d6de7a6b5b2035927c5,69fd1d6ee7a6b5b203592a1d
eyJhbGciOiJIUzI1NiIsInR5cCI6IkpXVCJ9.eyJpZCI6IjY5ZmQxZDZlZTdhNmI1YjIwMzU5MmExZSIsImVtYWlsIjoibG9hZHRlc3QtMDU5NUBpY2hhbmdlLnRlc3QiLCJyb2xlIjoic3R1ZGVudCIsImlhdCI6MTc3ODE5NTgyMywiZXhwIjoxNzc4MjAzMDIzfQ.-DJ1CfZaAWtCSRv_irUoY2KSbbu8ji-pGVTvAwuqwUc,69fd1d6de7a6b5b2035927c5,69fd1d6ee7a6b5b203592a1e
eyJhbGciOiJIUzI1NiIsInR5cCI6IkpXVCJ9.eyJpZCI6IjY5ZmQxZDZlZTdhNmI1YjIwMzU5MmExZiIsImVtYWlsIjoibG9hZHRlc3QtMDU5NkBpY2hhbmdlLnRlc3QiLCJyb2xlIjoic3R1ZGVudCIsImlhdCI6MTc3ODE5NTgyMywiZXhwIjoxNzc4MjAzMDIzfQ.w86D57tZeBXW7demAj0mVtC5hY09Gp_eMMwW8-AQRPY,69fd1d6de7a6b5b2035927c5,69fd1d6ee7a6b5b203592a1f
eyJhbGciOiJIUzI1NiIsInR5cCI6IkpXVCJ9.eyJpZCI6IjY5ZmQxZDZlZTdhNmI1YjIwMzU5MmEyMCIsImVtYWlsIjoibG9hZHRlc3QtMDU5N0BpY2hhbmdlLnRlc3QiLCJyb2xlIjoic3R1ZGVudCIsImlhdCI6MTc3ODE5NTgyMywiZXhwIjoxNzc4MjAzMDIzfQ.wqHXJ3q7SzVIZ7ga_kpVaZ195rEAhj-LFWJ4AOBgNs8,69fd1d6de7a6b5b2035927c5,69fd1d6ee7a6b5b203592a20
eyJhbGciOiJIUzI1NiIsInR5cCI6IkpXVCJ9.eyJpZCI6IjY5ZmQxZDZlZTdhNmI1YjIwMzU5MmEyMSIsImVtYWlsIjoibG9hZHRlc3QtMDU5OEBpY2hhbmdlLnRlc3QiLCJyb2xlIjoic3R1ZGVudCIsImlhdCI6MTc3ODE5NTgyMywiZXhwIjoxNzc4MjAzMDIzfQ.m9oMlogBEb8UaaAWI1c3nH7VH3cwL4vSGbJA7aYWkCc,69fd1d6de7a6b5b2035927c5,69fd1d6ee7a6b5b203592a21
eyJhbGciOiJIUzI1NiIsInR5cCI6IkpXVCJ9.eyJpZCI6IjY5ZmQxZDZlZTdhNmI1YjIwMzU5MmEyMiIsImVtYWlsIjoibG9hZHRlc3QtMDU5OUBpY2hhbmdlLnRlc3QiLCJyb2xlIjoic3R1ZGVudCIsImlhdCI6MTc3ODE5NTgyMywiZXhwIjoxNzc4MjAzMDIzfQ.4me_CNWAMnE1BdKToPlbC5sWJ5c0wqxmj7SlncSJKKw,69fd1d6de7a6b5b2035927c5,69fd1d6ee7a6b5b203592a22
eyJhbGciOiJIUzI1NiIsInR5cCI6IkpXVCJ9.eyJpZCI6IjY5ZmQxZDZlZTdhNmI1YjIwMzU5MmEyMyIsImVtYWlsIjoibG9hZHRlc3QtMDYwMEBpY2hhbmdlLnRlc3QiLCJyb2xlIjoic3R1ZGVudCIsImlhdCI6MTc3ODE5NTgyMywiZXhwIjoxNzc4MjAzMDIzfQ.rlkUmi61YlCyvrW07kaX_2AUdjQhXM8Djqs1KCFE5zI,69fd1d6de7a6b5b2035927c5,69fd1d6ee7a6b5b203592a23
eyJhbGciOiJIUzI1NiIsInR5cCI6IkpXVCJ9.eyJpZCI6IjY5ZmQxZDZmZTdhNmI1YjIwMzU5MmEyNSIsImVtYWlsIjoibG9hZHRlc3QtMDYwMUBpY2hhbmdlLnRlc3QiLCJyb2xlIjoic3R1ZGVudCIsImlhdCI6MTc3ODE5NTgyMywiZXhwIjoxNzc4MjAzMDIzfQ.lOOsF4_zZu6k7h18MibNfARcjg1rr4rVnTUZhNr00MI,69fd1d6de7a6b5b2035927c5,69fd1d6fe7a6b5b203592a25
eyJhbGciOiJIUzI1NiIsInR5cCI6IkpXVCJ9.eyJpZCI6IjY5ZmQxZDZmZTdhNmI1YjIwMzU5MmEyNiIsImVtYWlsIjoibG9hZHRlc3QtMDYwMkBpY2hhbmdlLnRlc3QiLCJyb2xlIjoic3R1ZGVudCIsImlhdCI6MTc3ODE5NTgyMywiZXhwIjoxNzc4MjAzMDIzfQ.IrHuqoZ1VscsJTropsNSRAijEkAHVcjOFAQ1Bwt-9b4,69fd1d6de7a6b5b2035927c5,69fd1d6fe7a6b5b203592a26
eyJhbGciOiJIUzI1NiIsInR5cCI6IkpXVCJ9.eyJpZCI6IjY5ZmQxZDZmZTdhNmI1YjIwMzU5MmEyNyIsImVtYWlsIjoibG9hZHRlc3QtMDYwM0BpY2hhbmdlLnRlc3QiLCJyb2xlIjoic3R1ZGVudCIsImlhdCI6MTc3ODE5NTgyMywiZXhwIjoxNzc4MjAzMDIzfQ.3letjEvwxrlRCYaLHklvFyZ5adBjrXW1SI58MwHZexs,69fd1d6de7a6b5b2035927c5,69fd1d6fe7a6b5b203592a27
eyJhbGciOiJIUzI1NiIsInR5cCI6IkpXVCJ9.eyJpZCI6IjY5ZmQxZDZmZTdhNmI1YjIwMzU5MmEyOCIsImVtYWlsIjoibG9hZHRlc3QtMDYwNEBpY2hhbmdlLnRlc3QiLCJyb2xlIjoic3R1ZGVudCIsImlhdCI6MTc3ODE5NTgyMywiZXhwIjoxNzc4MjAzMDIzfQ.eARGUrtzcOr9zxhNpp9fjEHkJzRPF1rCxtH59hsZNSc,69fd1d6de7a6b5b2035927c5,69fd1d6fe7a6b5b203592a28
eyJhbGciOiJIUzI1NiIsInR5cCI6IkpXVCJ9.eyJpZCI6IjY5ZmQxZDZmZTdhNmI1YjIwMzU5MmEyOSIsImVtYWlsIjoibG9hZHRlc3QtMDYwNUBpY2hhbmdlLnRlc3QiLCJyb2xlIjoic3R1ZGVudCIsImlhdCI6MTc3ODE5NTgyMywiZXhwIjoxNzc4MjAzMDIzfQ.ljhrxUV90_si0kVOwRhDHm8ehwj3aDYmXPcKfWL-YWQ,69fd1d6de7a6b5b2035927c5,69fd1d6fe7a6b5b203592a29
eyJhbGciOiJIUzI1NiIsInR5cCI6IkpXVCJ9.eyJpZCI6IjY5ZmQxZDZmZTdhNmI1YjIwMzU5MmEyYSIsImVtYWlsIjoibG9hZHRlc3QtMDYwNkBpY2hhbmdlLnRlc3QiLCJyb2xlIjoic3R1ZGVudCIsImlhdCI6MTc3ODE5NTgyMywiZXhwIjoxNzc4MjAzMDIzfQ.j5pB2rugYjPFV7zyn055yg1hZcu0Gq6dU5B07YJPyf4,69fd1d6de7a6b5b2035927c5,69fd1d6fe7a6b5b203592a2a
eyJhbGciOiJIUzI1NiIsInR5cCI6IkpXVCJ9.eyJpZCI6IjY5ZmQxZDZmZTdhNmI1YjIwMzU5MmEyYiIsImVtYWlsIjoibG9hZHRlc3QtMDYwN0BpY2hhbmdlLnRlc3QiLCJyb2xlIjoic3R1ZGVudCIsImlhdCI6MTc3ODE5NTgyMywiZXhwIjoxNzc4MjAzMDIzfQ.b5W0YBb6l1HOpP4bhPzF5mJTj5jS6eyeM1KOf1r0Xk4,69fd1d6de7a6b5b2035927c5,69fd1d6fe7a6b5b203592a2b
eyJhbGciOiJIUzI1NiIsInR5cCI6IkpXVCJ9.eyJpZCI6IjY5ZmQxZDZmZTdhNmI1YjIwMzU5MmEyYyIsImVtYWlsIjoibG9hZHRlc3QtMDYwOEBpY2hhbmdlLnRlc3QiLCJyb2xlIjoic3R1ZGVudCIsImlhdCI6MTc3ODE5NTgyMywiZXhwIjoxNzc4MjAzMDIzfQ.BKKVQBMxAdCND7p7r3nMC12-x87dbkN_iFK6Dv9VTF4,69fd1d6de7a6b5b2035927c5,69fd1d6fe7a6b5b203592a2c
eyJhbGciOiJIUzI1NiIsInR5cCI6IkpXVCJ9.eyJpZCI6IjY5ZmQxZDZmZTdhNmI1YjIwMzU5MmEyZCIsImVtYWlsIjoibG9hZHRlc3QtMDYwOUBpY2hhbmdlLnRlc3QiLCJyb2xlIjoic3R1ZGVudCIsImlhdCI6MTc3ODE5NTgyMywiZXhwIjoxNzc4MjAzMDIzfQ.ZXhcGKE0k1qHbpkRDHiQIZz9lHOklUCxrg5BER2lGkQ,69fd1d6de7a6b5b2035927c5,69fd1d6fe7a6b5b203592a2d
eyJhbGciOiJIUzI1NiIsInR5cCI6IkpXVCJ9.eyJpZCI6IjY5ZmQxZDZmZTdhNmI1YjIwMzU5MmEyZSIsImVtYWlsIjoibG9hZHRlc3QtMDYxMEBpY2hhbmdlLnRlc3QiLCJyb2xlIjoic3R1ZGVudCIsImlhdCI6MTc3ODE5NTgyMywiZXhwIjoxNzc4MjAzMDIzfQ.XocDK5otloDJ9KKaGBa3wiP5qGJblGrsZKG4n_kMy2k,69fd1d6de7a6b5b2035927c5,69fd1d6fe7a6b5b203592a2e
eyJhbGciOiJIUzI1NiIsInR5cCI6IkpXVCJ9.eyJpZCI6IjY5ZmQxZDZmZTdhNmI1YjIwMzU5MmEyZiIsImVtYWlsIjoibG9hZHRlc3QtMDYxMUBpY2hhbmdlLnRlc3QiLCJyb2xlIjoic3R1ZGVudCIsImlhdCI6MTc3ODE5NTgyMywiZXhwIjoxNzc4MjAzMDIzfQ.UuM0LqT54NOBOjqurgNl-nkV7ozeqA0YUjfrPMI9OBk,69fd1d6de7a6b5b2035927c5,69fd1d6fe7a6b5b203592a2f
eyJhbGciOiJIUzI1NiIsInR5cCI6IkpXVCJ9.eyJpZCI6IjY5ZmQxZDZmZTdhNmI1YjIwMzU5MmEzMCIsImVtYWlsIjoibG9hZHRlc3QtMDYxMkBpY2hhbmdlLnRlc3QiLCJyb2xlIjoic3R1ZGVudCIsImlhdCI6MTc3ODE5NTgyMywiZXhwIjoxNzc4MjAzMDIzfQ.t41y-71YBXKUrgTT3XtRVRsGeHMrQpaKkSLylKHi-eM,69fd1d6de7a6b5b2035927c5,69fd1d6fe7a6b5b203592a30
eyJhbGciOiJIUzI1NiIsInR5cCI6IkpXVCJ9.eyJpZCI6IjY5ZmQxZDZmZTdhNmI1YjIwMzU5MmEzMSIsImVtYWlsIjoibG9hZHRlc3QtMDYxM0BpY2hhbmdlLnRlc3QiLCJyb2xlIjoic3R1ZGVudCIsImlhdCI6MTc3ODE5NTgyMywiZXhwIjoxNzc4MjAzMDIzfQ.d7nbfMMJtKEaAGlFuIrX5VCSR-P7L3NorDIASk2OuGU,69fd1d6de7a6b5b2035927c5,69fd1d6fe7a6b5b203592a31
eyJhbGciOiJIUzI1NiIsInR5cCI6IkpXVCJ9.eyJpZCI6IjY5ZmQxZDZmZTdhNmI1YjIwMzU5MmEzMiIsImVtYWlsIjoibG9hZHRlc3QtMDYxNEBpY2hhbmdlLnRlc3QiLCJyb2xlIjoic3R1ZGVudCIsImlhdCI6MTc3ODE5NTgyMywiZXhwIjoxNzc4MjAzMDIzfQ.Bk_ckNr2ppjHcXPjni-xo0wQBYi1P3V-G3Em5hBpP-4,69fd1d6de7a6b5b2035927c5,69fd1d6fe7a6b5b203592a32
eyJhbGciOiJIUzI1NiIsInR5cCI6IkpXVCJ9.eyJpZCI6IjY5ZmQxZDZmZTdhNmI1YjIwMzU5MmEzMyIsImVtYWlsIjoibG9hZHRlc3QtMDYxNUBpY2hhbmdlLnRlc3QiLCJyb2xlIjoic3R1ZGVudCIsImlhdCI6MTc3ODE5NTgyMywiZXhwIjoxNzc4MjAzMDIzfQ.nmxhRUpAkho0yUlu9CHou7FyawOIl9SdbFKn4jRAYWw,69fd1d6de7a6b5b2035927c5,69fd1d6fe7a6b5b203592a33
eyJhbGciOiJIUzI1NiIsInR5cCI6IkpXVCJ9.eyJpZCI6IjY5ZmQxZDZmZTdhNmI1YjIwMzU5MmEzNCIsImVtYWlsIjoibG9hZHRlc3QtMDYxNkBpY2hhbmdlLnRlc3QiLCJyb2xlIjoic3R1ZGVudCIsImlhdCI6MTc3ODE5NTgyMywiZXhwIjoxNzc4MjAzMDIzfQ.KiE5n5eWuENp-gkfKVcjlA1XzI_MU2XCZQ7kfiG46Gk,69fd1d6de7a6b5b2035927c5,69fd1d6fe7a6b5b203592a34
eyJhbGciOiJIUzI1NiIsInR5cCI6IkpXVCJ9.eyJpZCI6IjY5ZmQxZDZmZTdhNmI1YjIwMzU5MmEzNSIsImVtYWlsIjoibG9hZHRlc3QtMDYxN0BpY2hhbmdlLnRlc3QiLCJyb2xlIjoic3R1ZGVudCIsImlhdCI6MTc3ODE5NTgyMywiZXhwIjoxNzc4MjAzMDIzfQ.lNhIcGL9rO5cC1hTjxVsaKffxaBP78L77bWwPWWiKnQ,69fd1d6de7a6b5b2035927c5,69fd1d6fe7a6b5b203592a35
eyJhbGciOiJIUzI1NiIsInR5cCI6IkpXVCJ9.eyJpZCI6IjY5ZmQxZDZmZTdhNmI1YjIwMzU5MmEzNiIsImVtYWlsIjoibG9hZHRlc3QtMDYxOEBpY2hhbmdlLnRlc3QiLCJyb2xlIjoic3R1ZGVudCIsImlhdCI6MTc3ODE5NTgyMywiZXhwIjoxNzc4MjAzMDIzfQ.BMfHbZ096LPDkgT-3damytGe1e9Z9_1tO2iWPDV3wv0,69fd1d6de7a6b5b2035927c5,69fd1d6fe7a6b5b203592a36
eyJhbGciOiJIUzI1NiIsInR5cCI6IkpXVCJ9.eyJpZCI6IjY5ZmQxZDZmZTdhNmI1YjIwMzU5MmEzNyIsImVtYWlsIjoibG9hZHRlc3QtMDYxOUBpY2hhbmdlLnRlc3QiLCJyb2xlIjoic3R1ZGVudCIsImlhdCI6MTc3ODE5NTgyMywiZXhwIjoxNzc4MjAzMDIzfQ.V_At3-6jdnh5rs80sT3yEaTirZHuPMY1oyWmNiCR0RQ,69fd1d6de7a6b5b2035927c5,69fd1d6fe7a6b5b203592a37
eyJhbGciOiJIUzI1NiIsInR5cCI6IkpXVCJ9.eyJpZCI6IjY5ZmQxZDZmZTdhNmI1YjIwMzU5MmEzOCIsImVtYWlsIjoibG9hZHRlc3QtMDYyMEBpY2hhbmdlLnRlc3QiLCJyb2xlIjoic3R1ZGVudCIsImlhdCI6MTc3ODE5NTgyMywiZXhwIjoxNzc4MjAzMDIzfQ.rhOhbEjucUoQKWrnWUYjlMCcvPAovayZ5FwcY7QobeI,69fd1d6de7a6b5b2035927c5,69fd1d6fe7a6b5b203592a38
eyJhbGciOiJIUzI1NiIsInR5cCI6IkpXVCJ9.eyJpZCI6IjY5ZmQxZDZmZTdhNmI1YjIwMzU5MmEzOSIsImVtYWlsIjoibG9hZHRlc3QtMDYyMUBpY2hhbmdlLnRlc3QiLCJyb2xlIjoic3R1ZGVudCIsImlhdCI6MTc3ODE5NTgyMywiZXhwIjoxNzc4MjAzMDIzfQ.wOuaQ6YMtOnLZgvJSBCTNNgVNjdEr15A9NmTw_R7n28,69fd1d6de7a6b5b2035927c5,69fd1d6fe7a6b5b203592a39
eyJhbGciOiJIUzI1NiIsInR5cCI6IkpXVCJ9.eyJpZCI6IjY5ZmQxZDZmZTdhNmI1YjIwMzU5MmEzYSIsImVtYWlsIjoibG9hZHRlc3QtMDYyMkBpY2hhbmdlLnRlc3QiLCJyb2xlIjoic3R1ZGVudCIsImlhdCI6MTc3ODE5NTgyMywiZXhwIjoxNzc4MjAzMDIzfQ.bCWENjqb1ek771u_FMj5YIhXhuah_mpfjNh8mWXAosE,69fd1d6de7a6b5b2035927c5,69fd1d6fe7a6b5b203592a3a
eyJhbGciOiJIUzI1NiIsInR5cCI6IkpXVCJ9.eyJpZCI6IjY5ZmQxZDZmZTdhNmI1YjIwMzU5MmEzYiIsImVtYWlsIjoibG9hZHRlc3QtMDYyM0BpY2hhbmdlLnRlc3QiLCJyb2xlIjoic3R1ZGVudCIsImlhdCI6MTc3ODE5NTgyMywiZXhwIjoxNzc4MjAzMDIzfQ.4DZmctF5BWkAhfJlpE0LvJ1-8tIXJIsw_nOQLUWUXHc,69fd1d6de7a6b5b2035927c5,69fd1d6fe7a6b5b203592a3b
eyJhbGciOiJIUzI1NiIsInR5cCI6IkpXVCJ9.eyJpZCI6IjY5ZmQxZDZmZTdhNmI1YjIwMzU5MmEzYyIsImVtYWlsIjoibG9hZHRlc3QtMDYyNEBpY2hhbmdlLnRlc3QiLCJyb2xlIjoic3R1ZGVudCIsImlhdCI6MTc3ODE5NTgyMywiZXhwIjoxNzc4MjAzMDIzfQ.v4OCvhm3sNz-25JVcsui3lyWUSJei2jpEBc7wX30t3U,69fd1d6de7a6b5b2035927c5,69fd1d6fe7a6b5b203592a3c
eyJhbGciOiJIUzI1NiIsInR5cCI6IkpXVCJ9.eyJpZCI6IjY5ZmQxZDZmZTdhNmI1YjIwMzU5MmEzZCIsImVtYWlsIjoibG9hZHRlc3QtMDYyNUBpY2hhbmdlLnRlc3QiLCJyb2xlIjoic3R1ZGVudCIsImlhdCI6MTc3ODE5NTgyMywiZXhwIjoxNzc4MjAzMDIzfQ.4_l5u_sG1G35klMQTeFF2VbWsG00e3Li_4rNgmVa5Ro,69fd1d6de7a6b5b2035927c5,69fd1d6fe7a6b5b203592a3d
eyJhbGciOiJIUzI1NiIsInR5cCI6IkpXVCJ9.eyJpZCI6IjY5ZmQxZDZmZTdhNmI1YjIwMzU5MmEzZSIsImVtYWlsIjoibG9hZHRlc3QtMDYyNkBpY2hhbmdlLnRlc3QiLCJyb2xlIjoic3R1ZGVudCIsImlhdCI6MTc3ODE5NTgyMywiZXhwIjoxNzc4MjAzMDIzfQ.ZDI3mTXGfT-cNobgbUOHV0BN-qtq7x5fiacHLgUgwOU,69fd1d6de7a6b5b2035927c5,69fd1d6fe7a6b5b203592a3e
eyJhbGciOiJIUzI1NiIsInR5cCI6IkpXVCJ9.eyJpZCI6IjY5ZmQxZDZmZTdhNmI1YjIwMzU5MmEzZiIsImVtYWlsIjoibG9hZHRlc3QtMDYyN0BpY2hhbmdlLnRlc3QiLCJyb2xlIjoic3R1ZGVudCIsImlhdCI6MTc3ODE5NTgyMywiZXhwIjoxNzc4MjAzMDIzfQ.jOaDK6s4BHFfMR1d62w2WA-7PT7xeMhk_-GQ61DzeWk,69fd1d6de7a6b5b2035927c5,69fd1d6fe7a6b5b203592a3f
eyJhbGciOiJIUzI1NiIsInR5cCI6IkpXVCJ9.eyJpZCI6IjY5ZmQxZDZmZTdhNmI1YjIwMzU5MmE0MCIsImVtYWlsIjoibG9hZHRlc3QtMDYyOEBpY2hhbmdlLnRlc3QiLCJyb2xlIjoic3R1ZGVudCIsImlhdCI6MTc3ODE5NTgyMywiZXhwIjoxNzc4MjAzMDIzfQ.mK6qL9z_ikOBroLHYcwvYLvrCcO8BY_mvRuz6yQdMas,69fd1d6de7a6b5b2035927c5,69fd1d6fe7a6b5b203592a40
eyJhbGciOiJIUzI1NiIsInR5cCI6IkpXVCJ9.eyJpZCI6IjY5ZmQxZDZmZTdhNmI1YjIwMzU5MmE0MSIsImVtYWlsIjoibG9hZHRlc3QtMDYyOUBpY2hhbmdlLnRlc3QiLCJyb2xlIjoic3R1ZGVudCIsImlhdCI6MTc3ODE5NTgyMywiZXhwIjoxNzc4MjAzMDIzfQ.69RpfRZ0uvhaN77MnIH5kpx2-iQYkKty9N6YK5Hly_Q,69fd1d6de7a6b5b2035927c5,69fd1d6fe7a6b5b203592a41
eyJhbGciOiJIUzI1NiIsInR5cCI6IkpXVCJ9.eyJpZCI6IjY5ZmQxZDZmZTdhNmI1YjIwMzU5MmE0MiIsImVtYWlsIjoibG9hZHRlc3QtMDYzMEBpY2hhbmdlLnRlc3QiLCJyb2xlIjoic3R1ZGVudCIsImlhdCI6MTc3ODE5NTgyMywiZXhwIjoxNzc4MjAzMDIzfQ.jtRsicA4FQrLfeLBR3mYjk0uqKKpGufdeSpjhIfseBM,69fd1d6de7a6b5b2035927c5,69fd1d6fe7a6b5b203592a42
eyJhbGciOiJIUzI1NiIsInR5cCI6IkpXVCJ9.eyJpZCI6IjY5ZmQxZDZmZTdhNmI1YjIwMzU5MmE0MyIsImVtYWlsIjoibG9hZHRlc3QtMDYzMUBpY2hhbmdlLnRlc3QiLCJyb2xlIjoic3R1ZGVudCIsImlhdCI6MTc3ODE5NTgyMywiZXhwIjoxNzc4MjAzMDIzfQ.X5zGMxttUTOt-vjLCnnkKXl94PqyaVEHtPl_aiVeM1c,69fd1d6de7a6b5b2035927c5,69fd1d6fe7a6b5b203592a43
eyJhbGciOiJIUzI1NiIsInR5cCI6IkpXVCJ9.eyJpZCI6IjY5ZmQxZDZmZTdhNmI1YjIwMzU5MmE0NCIsImVtYWlsIjoibG9hZHRlc3QtMDYzMkBpY2hhbmdlLnRlc3QiLCJyb2xlIjoic3R1ZGVudCIsImlhdCI6MTc3ODE5NTgyMywiZXhwIjoxNzc4MjAzMDIzfQ.JZ6TOIWbZTXkXJESgZag82Q1qDjT8MTUvLVvguexS-o,69fd1d6de7a6b5b2035927c5,69fd1d6fe7a6b5b203592a44
eyJhbGciOiJIUzI1NiIsInR5cCI6IkpXVCJ9.eyJpZCI6IjY5ZmQxZDZmZTdhNmI1YjIwMzU5MmE0NSIsImVtYWlsIjoibG9hZHRlc3QtMDYzM0BpY2hhbmdlLnRlc3QiLCJyb2xlIjoic3R1ZGVudCIsImlhdCI6MTc3ODE5NTgyMywiZXhwIjoxNzc4MjAzMDIzfQ.lFFRi42EVPsPrB1Y9bxElqLp9SUf01w5gBk3C5W43_E,69fd1d6de7a6b5b2035927c5,69fd1d6fe7a6b5b203592a45
eyJhbGciOiJIUzI1NiIsInR5cCI6IkpXVCJ9.eyJpZCI6IjY5ZmQxZDZmZTdhNmI1YjIwMzU5MmE0NiIsImVtYWlsIjoibG9hZHRlc3QtMDYzNEBpY2hhbmdlLnRlc3QiLCJyb2xlIjoic3R1ZGVudCIsImlhdCI6MTc3ODE5NTgyMywiZXhwIjoxNzc4MjAzMDIzfQ.9DxKMpVz7NqXjmysJKfcvCbJ1QdYhZ-36zojxRAonhU,69fd1d6de7a6b5b2035927c5,69fd1d6fe7a6b5b203592a46
eyJhbGciOiJIUzI1NiIsInR5cCI6IkpXVCJ9.eyJpZCI6IjY5ZmQxZDZmZTdhNmI1YjIwMzU5MmE0NyIsImVtYWlsIjoibG9hZHRlc3QtMDYzNUBpY2hhbmdlLnRlc3QiLCJyb2xlIjoic3R1ZGVudCIsImlhdCI6MTc3ODE5NTgyMywiZXhwIjoxNzc4MjAzMDIzfQ.8UWC7dpicF7PGQ6bn2T7p8asM9Sfw5H2zQF5YJGi7AI,69fd1d6de7a6b5b2035927c5,69fd1d6fe7a6b5b203592a47
eyJhbGciOiJIUzI1NiIsInR5cCI6IkpXVCJ9.eyJpZCI6IjY5ZmQxZDZmZTdhNmI1YjIwMzU5MmE0OCIsImVtYWlsIjoibG9hZHRlc3QtMDYzNkBpY2hhbmdlLnRlc3QiLCJyb2xlIjoic3R1ZGVudCIsImlhdCI6MTc3ODE5NTgyMywiZXhwIjoxNzc4MjAzMDIzfQ.lbgdA0iXX5fw9gjjwSq-sSzPyQh1RMqPXTDOvlM0vbo,69fd1d6de7a6b5b2035927c5,69fd1d6fe7a6b5b203592a48
eyJhbGciOiJIUzI1NiIsInR5cCI6IkpXVCJ9.eyJpZCI6IjY5ZmQxZDZmZTdhNmI1YjIwMzU5MmE0OSIsImVtYWlsIjoibG9hZHRlc3QtMDYzN0BpY2hhbmdlLnRlc3QiLCJyb2xlIjoic3R1ZGVudCIsImlhdCI6MTc3ODE5NTgyMywiZXhwIjoxNzc4MjAzMDIzfQ.L6RDlFUuSfCt5aRm84xx4RvNzJKHU6X3TN6YEnK0psc,69fd1d6de7a6b5b2035927c5,69fd1d6fe7a6b5b203592a49
eyJhbGciOiJIUzI1NiIsInR5cCI6IkpXVCJ9.eyJpZCI6IjY5ZmQxZDZmZTdhNmI1YjIwMzU5MmE0YSIsImVtYWlsIjoibG9hZHRlc3QtMDYzOEBpY2hhbmdlLnRlc3QiLCJyb2xlIjoic3R1ZGVudCIsImlhdCI6MTc3ODE5NTgyMywiZXhwIjoxNzc4MjAzMDIzfQ.oxnN1PwB-lwmXvNipb5LqwBFky-T4J0TosWM6zQ7UZM,69fd1d6de7a6b5b2035927c5,69fd1d6fe7a6b5b203592a4a
eyJhbGciOiJIUzI1NiIsInR5cCI6IkpXVCJ9.eyJpZCI6IjY5ZmQxZDZmZTdhNmI1YjIwMzU5MmE0YiIsImVtYWlsIjoibG9hZHRlc3QtMDYzOUBpY2hhbmdlLnRlc3QiLCJyb2xlIjoic3R1ZGVudCIsImlhdCI6MTc3ODE5NTgyMywiZXhwIjoxNzc4MjAzMDIzfQ.tLFLt3HmGHLNXaPSo4PmcP_t-QttLt0Ks18izJthewo,69fd1d6de7a6b5b2035927c5,69fd1d6fe7a6b5b203592a4b
eyJhbGciOiJIUzI1NiIsInR5cCI6IkpXVCJ9.eyJpZCI6IjY5ZmQxZDZmZTdhNmI1YjIwMzU5MmE0YyIsImVtYWlsIjoibG9hZHRlc3QtMDY0MEBpY2hhbmdlLnRlc3QiLCJyb2xlIjoic3R1ZGVudCIsImlhdCI6MTc3ODE5NTgyMywiZXhwIjoxNzc4MjAzMDIzfQ.3mp0pN1Jfs9-u3_OlUCIBw0nkM5Tg1CjM4yoHpz_HuI,69fd1d6de7a6b5b2035927c5,69fd1d6fe7a6b5b203592a4c
eyJhbGciOiJIUzI1NiIsInR5cCI6IkpXVCJ9.eyJpZCI6IjY5ZmQxZDZmZTdhNmI1YjIwMzU5MmE0ZCIsImVtYWlsIjoibG9hZHRlc3QtMDY0MUBpY2hhbmdlLnRlc3QiLCJyb2xlIjoic3R1ZGVudCIsImlhdCI6MTc3ODE5NTgyMywiZXhwIjoxNzc4MjAzMDIzfQ.eSiUy5asCCvurtbaVP5P9qC--xkIOJAakpLMC6d6xvw,69fd1d6de7a6b5b2035927c5,69fd1d6fe7a6b5b203592a4d
eyJhbGciOiJIUzI1NiIsInR5cCI6IkpXVCJ9.eyJpZCI6IjY5ZmQxZDZmZTdhNmI1YjIwMzU5MmE0ZSIsImVtYWlsIjoibG9hZHRlc3QtMDY0MkBpY2hhbmdlLnRlc3QiLCJyb2xlIjoic3R1ZGVudCIsImlhdCI6MTc3ODE5NTgyMywiZXhwIjoxNzc4MjAzMDIzfQ.fgNjJaujYeksI8VVs-MT-fbkuybVF8yPby5AGnH6DLY,69fd1d6de7a6b5b2035927c5,69fd1d6fe7a6b5b203592a4e
eyJhbGciOiJIUzI1NiIsInR5cCI6IkpXVCJ9.eyJpZCI6IjY5ZmQxZDZmZTdhNmI1YjIwMzU5MmE0ZiIsImVtYWlsIjoibG9hZHRlc3QtMDY0M0BpY2hhbmdlLnRlc3QiLCJyb2xlIjoic3R1ZGVudCIsImlhdCI6MTc3ODE5NTgyMywiZXhwIjoxNzc4MjAzMDIzfQ.5QuBCXoVSyvl-85Rfpmna2pA6Jsbt37szraGAra0sDE,69fd1d6de7a6b5b2035927c5,69fd1d6fe7a6b5b203592a4f
eyJhbGciOiJIUzI1NiIsInR5cCI6IkpXVCJ9.eyJpZCI6IjY5ZmQxZDZmZTdhNmI1YjIwMzU5MmE1MCIsImVtYWlsIjoibG9hZHRlc3QtMDY0NEBpY2hhbmdlLnRlc3QiLCJyb2xlIjoic3R1ZGVudCIsImlhdCI6MTc3ODE5NTgyMywiZXhwIjoxNzc4MjAzMDIzfQ.2OywArH0e5iuYjg8WFIK-nGFLaRVkLPnNv-0QzSLCNo,69fd1d6de7a6b5b2035927c5,69fd1d6fe7a6b5b203592a50
eyJhbGciOiJIUzI1NiIsInR5cCI6IkpXVCJ9.eyJpZCI6IjY5ZmQxZDZmZTdhNmI1YjIwMzU5MmE1MSIsImVtYWlsIjoibG9hZHRlc3QtMDY0NUBpY2hhbmdlLnRlc3QiLCJyb2xlIjoic3R1ZGVudCIsImlhdCI6MTc3ODE5NTgyMywiZXhwIjoxNzc4MjAzMDIzfQ.F5QrJutJqSwf9e4MKnXP4U7qujrsGO7EXJhKJLO0H1A,69fd1d6de7a6b5b2035927c5,69fd1d6fe7a6b5b203592a51
eyJhbGciOiJIUzI1NiIsInR5cCI6IkpXVCJ9.eyJpZCI6IjY5ZmQxZDZmZTdhNmI1YjIwMzU5MmE1MiIsImVtYWlsIjoibG9hZHRlc3QtMDY0NkBpY2hhbmdlLnRlc3QiLCJyb2xlIjoic3R1ZGVudCIsImlhdCI6MTc3ODE5NTgyMywiZXhwIjoxNzc4MjAzMDIzfQ.8f_HLLTLIkHeQ-x6Jka-LdF7s1A5gkh6t1jN08gwL2c,69fd1d6de7a6b5b2035927c5,69fd1d6fe7a6b5b203592a52
eyJhbGciOiJIUzI1NiIsInR5cCI6IkpXVCJ9.eyJpZCI6IjY5ZmQxZDZmZTdhNmI1YjIwMzU5MmE1MyIsImVtYWlsIjoibG9hZHRlc3QtMDY0N0BpY2hhbmdlLnRlc3QiLCJyb2xlIjoic3R1ZGVudCIsImlhdCI6MTc3ODE5NTgyMywiZXhwIjoxNzc4MjAzMDIzfQ.cRuXMNoGDu3Smc10BuqbBGjXfS_LyMeNPHd79nN8wxI,69fd1d6de7a6b5b2035927c5,69fd1d6fe7a6b5b203592a53
eyJhbGciOiJIUzI1NiIsInR5cCI6IkpXVCJ9.eyJpZCI6IjY5ZmQxZDZmZTdhNmI1YjIwMzU5MmE1NCIsImVtYWlsIjoibG9hZHRlc3QtMDY0OEBpY2hhbmdlLnRlc3QiLCJyb2xlIjoic3R1ZGVudCIsImlhdCI6MTc3ODE5NTgyMywiZXhwIjoxNzc4MjAzMDIzfQ.grw4dg5D3kxDQAQbMIe2PYwyY-3KXbxW5nBlOUHJJkI,69fd1d6de7a6b5b2035927c5,69fd1d6fe7a6b5b203592a54
eyJhbGciOiJIUzI1NiIsInR5cCI6IkpXVCJ9.eyJpZCI6IjY5ZmQxZDZmZTdhNmI1YjIwMzU5MmE1NSIsImVtYWlsIjoibG9hZHRlc3QtMDY0OUBpY2hhbmdlLnRlc3QiLCJyb2xlIjoic3R1ZGVudCIsImlhdCI6MTc3ODE5NTgyMywiZXhwIjoxNzc4MjAzMDIzfQ.7EOvOdSdRpWjve9gjNcJ9yPp5Yh27BhoAlllCVGIvRM,69fd1d6de7a6b5b2035927c5,69fd1d6fe7a6b5b203592a55
eyJhbGciOiJIUzI1NiIsInR5cCI6IkpXVCJ9.eyJpZCI6IjY5ZmQxZDZmZTdhNmI1YjIwMzU5MmE1NiIsImVtYWlsIjoibG9hZHRlc3QtMDY1MEBpY2hhbmdlLnRlc3QiLCJyb2xlIjoic3R1ZGVudCIsImlhdCI6MTc3ODE5NTgyMywiZXhwIjoxNzc4MjAzMDIzfQ.Zj21q2UIB7G7GUQ2kYXUl7C5zGs1KldTa3gOifjEORY,69fd1d6de7a6b5b2035927c5,69fd1d6fe7a6b5b203592a56
eyJhbGciOiJIUzI1NiIsInR5cCI6IkpXVCJ9.eyJpZCI6IjY5ZmQxZDZmZTdhNmI1YjIwMzU5MmE1NyIsImVtYWlsIjoibG9hZHRlc3QtMDY1MUBpY2hhbmdlLnRlc3QiLCJyb2xlIjoic3R1ZGVudCIsImlhdCI6MTc3ODE5NTgyMywiZXhwIjoxNzc4MjAzMDIzfQ.T4LUkEo0ptoSCD1KUW_q3q9K26XgkVmA8Wkb1NXP6Hw,69fd1d6de7a6b5b2035927c5,69fd1d6fe7a6b5b203592a57
eyJhbGciOiJIUzI1NiIsInR5cCI6IkpXVCJ9.eyJpZCI6IjY5ZmQxZDZmZTdhNmI1YjIwMzU5MmE1OCIsImVtYWlsIjoibG9hZHRlc3QtMDY1MkBpY2hhbmdlLnRlc3QiLCJyb2xlIjoic3R1ZGVudCIsImlhdCI6MTc3ODE5NTgyMywiZXhwIjoxNzc4MjAzMDIzfQ.mFfo6TAkDoVtjTNi-WYW-EXU6FUghsnMV2yjnFgeU0k,69fd1d6de7a6b5b2035927c5,69fd1d6fe7a6b5b203592a58
eyJhbGciOiJIUzI1NiIsInR5cCI6IkpXVCJ9.eyJpZCI6IjY5ZmQxZDZmZTdhNmI1YjIwMzU5MmE1OSIsImVtYWlsIjoibG9hZHRlc3QtMDY1M0BpY2hhbmdlLnRlc3QiLCJyb2xlIjoic3R1ZGVudCIsImlhdCI6MTc3ODE5NTgyMywiZXhwIjoxNzc4MjAzMDIzfQ.rA4O0b2GliNv_nIXL0pte9LZxNrM_jupVT2mW9FkPhM,69fd1d6de7a6b5b2035927c5,69fd1d6fe7a6b5b203592a59
eyJhbGciOiJIUzI1NiIsInR5cCI6IkpXVCJ9.eyJpZCI6IjY5ZmQxZDZmZTdhNmI1YjIwMzU5MmE1YSIsImVtYWlsIjoibG9hZHRlc3QtMDY1NEBpY2hhbmdlLnRlc3QiLCJyb2xlIjoic3R1ZGVudCIsImlhdCI6MTc3ODE5NTgyMywiZXhwIjoxNzc4MjAzMDIzfQ.I4AcI6gfMQDqANMl2-ha9XilMVEIw3N_FUNZ-vmTK70,69fd1d6de7a6b5b2035927c5,69fd1d6fe7a6b5b203592a5a
eyJhbGciOiJIUzI1NiIsInR5cCI6IkpXVCJ9.eyJpZCI6IjY5ZmQxZDZmZTdhNmI1YjIwMzU5MmE1YiIsImVtYWlsIjoibG9hZHRlc3QtMDY1NUBpY2hhbmdlLnRlc3QiLCJyb2xlIjoic3R1ZGVudCIsImlhdCI6MTc3ODE5NTgyMywiZXhwIjoxNzc4MjAzMDIzfQ.KE2VB3ZgqHwzYHwElqVKhtjk7XSUDH3ZYT2fNW6AbLs,69fd1d6de7a6b5b2035927c5,69fd1d6fe7a6b5b203592a5b
eyJhbGciOiJIUzI1NiIsInR5cCI6IkpXVCJ9.eyJpZCI6IjY5ZmQxZDZmZTdhNmI1YjIwMzU5MmE1YyIsImVtYWlsIjoibG9hZHRlc3QtMDY1NkBpY2hhbmdlLnRlc3QiLCJyb2xlIjoic3R1ZGVudCIsImlhdCI6MTc3ODE5NTgyMywiZXhwIjoxNzc4MjAzMDIzfQ.O40cXgyFyJLu-BLOVfT59xLo0nyq5c9jA0Gqpc60l1c,69fd1d6de7a6b5b2035927c5,69fd1d6fe7a6b5b203592a5c
eyJhbGciOiJIUzI1NiIsInR5cCI6IkpXVCJ9.eyJpZCI6IjY5ZmQxZDZmZTdhNmI1YjIwMzU5MmE1ZCIsImVtYWlsIjoibG9hZHRlc3QtMDY1N0BpY2hhbmdlLnRlc3QiLCJyb2xlIjoic3R1ZGVudCIsImlhdCI6MTc3ODE5NTgyMywiZXhwIjoxNzc4MjAzMDIzfQ.ONEt8zugNlxa927ZJMrLkwnr-bgSQU2r0ynk3gQLVEI,69fd1d6de7a6b5b2035927c5,69fd1d6fe7a6b5b203592a5d
eyJhbGciOiJIUzI1NiIsInR5cCI6IkpXVCJ9.eyJpZCI6IjY5ZmQxZDZmZTdhNmI1YjIwMzU5MmE1ZSIsImVtYWlsIjoibG9hZHRlc3QtMDY1OEBpY2hhbmdlLnRlc3QiLCJyb2xlIjoic3R1ZGVudCIsImlhdCI6MTc3ODE5NTgyMywiZXhwIjoxNzc4MjAzMDIzfQ.JgcWCwGw3TdS0-ji9JiowmXjJgQbYZcG1TrNXOi3Vuk,69fd1d6de7a6b5b2035927c5,69fd1d6fe7a6b5b203592a5e
eyJhbGciOiJIUzI1NiIsInR5cCI6IkpXVCJ9.eyJpZCI6IjY5ZmQxZDZmZTdhNmI1YjIwMzU5MmE1ZiIsImVtYWlsIjoibG9hZHRlc3QtMDY1OUBpY2hhbmdlLnRlc3QiLCJyb2xlIjoic3R1ZGVudCIsImlhdCI6MTc3ODE5NTgyMywiZXhwIjoxNzc4MjAzMDIzfQ.gPtBrDNXnnGgWAhaoM2Iff0Rr0OGRH7wNgKaywJtZIE,69fd1d6de7a6b5b2035927c5,69fd1d6fe7a6b5b203592a5f
eyJhbGciOiJIUzI1NiIsInR5cCI6IkpXVCJ9.eyJpZCI6IjY5ZmQxZDZmZTdhNmI1YjIwMzU5MmE2MCIsImVtYWlsIjoibG9hZHRlc3QtMDY2MEBpY2hhbmdlLnRlc3QiLCJyb2xlIjoic3R1ZGVudCIsImlhdCI6MTc3ODE5NTgyMywiZXhwIjoxNzc4MjAzMDIzfQ.yHBmbQIHdPfoGE1DTt98L9m7fwuLtdcMgd-gCuAph58,69fd1d6de7a6b5b2035927c5,69fd1d6fe7a6b5b203592a60
eyJhbGciOiJIUzI1NiIsInR5cCI6IkpXVCJ9.eyJpZCI6IjY5ZmQxZDZmZTdhNmI1YjIwMzU5MmE2MSIsImVtYWlsIjoibG9hZHRlc3QtMDY2MUBpY2hhbmdlLnRlc3QiLCJyb2xlIjoic3R1ZGVudCIsImlhdCI6MTc3ODE5NTgyMywiZXhwIjoxNzc4MjAzMDIzfQ.B1di5lTr1F-UzDbXzeSuF6wGyXfMOlG9ouEIZ4UpX5I,69fd1d6de7a6b5b2035927c5,69fd1d6fe7a6b5b203592a61
eyJhbGciOiJIUzI1NiIsInR5cCI6IkpXVCJ9.eyJpZCI6IjY5ZmQxZDZmZTdhNmI1YjIwMzU5MmE2MiIsImVtYWlsIjoibG9hZHRlc3QtMDY2MkBpY2hhbmdlLnRlc3QiLCJyb2xlIjoic3R1ZGVudCIsImlhdCI6MTc3ODE5NTgyMywiZXhwIjoxNzc4MjAzMDIzfQ.Whp7PxhdQTHe-2h1ZtPpIds_GvdlyVnDfX_mXXDTTug,69fd1d6de7a6b5b2035927c5,69fd1d6fe7a6b5b203592a62
eyJhbGciOiJIUzI1NiIsInR5cCI6IkpXVCJ9.eyJpZCI6IjY5ZmQxZDZmZTdhNmI1YjIwMzU5MmE2MyIsImVtYWlsIjoibG9hZHRlc3QtMDY2M0BpY2hhbmdlLnRlc3QiLCJyb2xlIjoic3R1ZGVudCIsImlhdCI6MTc3ODE5NTgyMywiZXhwIjoxNzc4MjAzMDIzfQ.-s_wAbQ__q5FhKfq6Vi8tRzPWso1x97rlu0MhAFnLD0,69fd1d6de7a6b5b2035927c5,69fd1d6fe7a6b5b203592a63
eyJhbGciOiJIUzI1NiIsInR5cCI6IkpXVCJ9.eyJpZCI6IjY5ZmQxZDZmZTdhNmI1YjIwMzU5MmE2NCIsImVtYWlsIjoibG9hZHRlc3QtMDY2NEBpY2hhbmdlLnRlc3QiLCJyb2xlIjoic3R1ZGVudCIsImlhdCI6MTc3ODE5NTgyMywiZXhwIjoxNzc4MjAzMDIzfQ.7WwAXhetfJR02IOQV0PxFA8eqcNP-v-GH_-B0AyUOgA,69fd1d6de7a6b5b2035927c5,69fd1d6fe7a6b5b203592a64
eyJhbGciOiJIUzI1NiIsInR5cCI6IkpXVCJ9.eyJpZCI6IjY5ZmQxZDZmZTdhNmI1YjIwMzU5MmE2NSIsImVtYWlsIjoibG9hZHRlc3QtMDY2NUBpY2hhbmdlLnRlc3QiLCJyb2xlIjoic3R1ZGVudCIsImlhdCI6MTc3ODE5NTgyMywiZXhwIjoxNzc4MjAzMDIzfQ.2PjQ8f7M92vT88gQiulLmsHIibH3PbCvI8hQYtlPh7U,69fd1d6de7a6b5b2035927c5,69fd1d6fe7a6b5b203592a65
eyJhbGciOiJIUzI1NiIsInR5cCI6IkpXVCJ9.eyJpZCI6IjY5ZmQxZDZmZTdhNmI1YjIwMzU5MmE2NiIsImVtYWlsIjoibG9hZHRlc3QtMDY2NkBpY2hhbmdlLnRlc3QiLCJyb2xlIjoic3R1ZGVudCIsImlhdCI6MTc3ODE5NTgyMywiZXhwIjoxNzc4MjAzMDIzfQ.JduRXhzDKo34AYdpJugYthoPT4cx9uCR1zfROE46gOU,69fd1d6de7a6b5b2035927c5,69fd1d6fe7a6b5b203592a66
eyJhbGciOiJIUzI1NiIsInR5cCI6IkpXVCJ9.eyJpZCI6IjY5ZmQxZDZmZTdhNmI1YjIwMzU5MmE2NyIsImVtYWlsIjoibG9hZHRlc3QtMDY2N0BpY2hhbmdlLnRlc3QiLCJyb2xlIjoic3R1ZGVudCIsImlhdCI6MTc3ODE5NTgyMywiZXhwIjoxNzc4MjAzMDIzfQ.BJn_ZJjd7yogoi8saE9mwdOMxon9cxRGQADMmY6KbZ0,69fd1d6de7a6b5b2035927c5,69fd1d6fe7a6b5b203592a67
eyJhbGciOiJIUzI1NiIsInR5cCI6IkpXVCJ9.eyJpZCI6IjY5ZmQxZDZmZTdhNmI1YjIwMzU5MmE2OCIsImVtYWlsIjoibG9hZHRlc3QtMDY2OEBpY2hhbmdlLnRlc3QiLCJyb2xlIjoic3R1ZGVudCIsImlhdCI6MTc3ODE5NTgyMywiZXhwIjoxNzc4MjAzMDIzfQ.Qv5aMd8SX9yXEvf_7E8-GFMuE4JmIt-xOB8ENQBAqL0,69fd1d6de7a6b5b2035927c5,69fd1d6fe7a6b5b203592a68
eyJhbGciOiJIUzI1NiIsInR5cCI6IkpXVCJ9.eyJpZCI6IjY5ZmQxZDZmZTdhNmI1YjIwMzU5MmE2OSIsImVtYWlsIjoibG9hZHRlc3QtMDY2OUBpY2hhbmdlLnRlc3QiLCJyb2xlIjoic3R1ZGVudCIsImlhdCI6MTc3ODE5NTgyMywiZXhwIjoxNzc4MjAzMDIzfQ.786OjbI9RmQFyPHoL3_2XovKApVEVZCFW-L-SyWhWec,69fd1d6de7a6b5b2035927c5,69fd1d6fe7a6b5b203592a69
eyJhbGciOiJIUzI1NiIsInR5cCI6IkpXVCJ9.eyJpZCI6IjY5ZmQxZDZmZTdhNmI1YjIwMzU5MmE2YSIsImVtYWlsIjoibG9hZHRlc3QtMDY3MEBpY2hhbmdlLnRlc3QiLCJyb2xlIjoic3R1ZGVudCIsImlhdCI6MTc3ODE5NTgyMywiZXhwIjoxNzc4MjAzMDIzfQ.0m34RZXhRZCBboYrrYXfAokwqupLV-owNyJmMdeQ1uE,69fd1d6de7a6b5b2035927c5,69fd1d6fe7a6b5b203592a6a
eyJhbGciOiJIUzI1NiIsInR5cCI6IkpXVCJ9.eyJpZCI6IjY5ZmQxZDZmZTdhNmI1YjIwMzU5MmE2YiIsImVtYWlsIjoibG9hZHRlc3QtMDY3MUBpY2hhbmdlLnRlc3QiLCJyb2xlIjoic3R1ZGVudCIsImlhdCI6MTc3ODE5NTgyMywiZXhwIjoxNzc4MjAzMDIzfQ.EBuX5wFlSM3sxCUd1Ri5Le-lAuvevqJJ5ALILd4_dTE,69fd1d6de7a6b5b2035927c5,69fd1d6fe7a6b5b203592a6b
eyJhbGciOiJIUzI1NiIsInR5cCI6IkpXVCJ9.eyJpZCI6IjY5ZmQxZDZmZTdhNmI1YjIwMzU5MmE2YyIsImVtYWlsIjoibG9hZHRlc3QtMDY3MkBpY2hhbmdlLnRlc3QiLCJyb2xlIjoic3R1ZGVudCIsImlhdCI6MTc3ODE5NTgyMywiZXhwIjoxNzc4MjAzMDIzfQ.rlJBVmpJPUSYDa_1ubWCPMTsRkfCohCAXaCKqls_v3M,69fd1d6de7a6b5b2035927c5,69fd1d6fe7a6b5b203592a6c
eyJhbGciOiJIUzI1NiIsInR5cCI6IkpXVCJ9.eyJpZCI6IjY5ZmQxZDZmZTdhNmI1YjIwMzU5MmE2ZCIsImVtYWlsIjoibG9hZHRlc3QtMDY3M0BpY2hhbmdlLnRlc3QiLCJyb2xlIjoic3R1ZGVudCIsImlhdCI6MTc3ODE5NTgyMywiZXhwIjoxNzc4MjAzMDIzfQ.d0xdDx8lfTtQjexKUt-nyNrxEPKeavwq2x8UHZKW_Yo,69fd1d6de7a6b5b2035927c5,69fd1d6fe7a6b5b203592a6d
eyJhbGciOiJIUzI1NiIsInR5cCI6IkpXVCJ9.eyJpZCI6IjY5ZmQxZDZmZTdhNmI1YjIwMzU5MmE2ZSIsImVtYWlsIjoibG9hZHRlc3QtMDY3NEBpY2hhbmdlLnRlc3QiLCJyb2xlIjoic3R1ZGVudCIsImlhdCI6MTc3ODE5NTgyMywiZXhwIjoxNzc4MjAzMDIzfQ.XgKKVD1BC3y5n9V8lzx2A1hdvAh5p4okhBSHB870qJA,69fd1d6de7a6b5b2035927c5,69fd1d6fe7a6b5b203592a6e
eyJhbGciOiJIUzI1NiIsInR5cCI6IkpXVCJ9.eyJpZCI6IjY5ZmQxZDZmZTdhNmI1YjIwMzU5MmE2ZiIsImVtYWlsIjoibG9hZHRlc3QtMDY3NUBpY2hhbmdlLnRlc3QiLCJyb2xlIjoic3R1ZGVudCIsImlhdCI6MTc3ODE5NTgyMywiZXhwIjoxNzc4MjAzMDIzfQ.-2GpGn36XlwR0f0YM7npt7QUP0esLlH8HgSJx7OpjPs,69fd1d6de7a6b5b2035927c5,69fd1d6fe7a6b5b203592a6f
eyJhbGciOiJIUzI1NiIsInR5cCI6IkpXVCJ9.eyJpZCI6IjY5ZmQxZDZmZTdhNmI1YjIwMzU5MmE3MCIsImVtYWlsIjoibG9hZHRlc3QtMDY3NkBpY2hhbmdlLnRlc3QiLCJyb2xlIjoic3R1ZGVudCIsImlhdCI6MTc3ODE5NTgyMywiZXhwIjoxNzc4MjAzMDIzfQ.8Hxt4BpDl24LU_ao67Y0XT8U2fh-R3CFFM65CLQeAJI,69fd1d6de7a6b5b2035927c5,69fd1d6fe7a6b5b203592a70
eyJhbGciOiJIUzI1NiIsInR5cCI6IkpXVCJ9.eyJpZCI6IjY5ZmQxZDZmZTdhNmI1YjIwMzU5MmE3MSIsImVtYWlsIjoibG9hZHRlc3QtMDY3N0BpY2hhbmdlLnRlc3QiLCJyb2xlIjoic3R1ZGVudCIsImlhdCI6MTc3ODE5NTgyMywiZXhwIjoxNzc4MjAzMDIzfQ.Xe53pIXY1KWXfsvyKfiAPr7k3CJWSSnSfpkztcv-0YI,69fd1d6de7a6b5b2035927c5,69fd1d6fe7a6b5b203592a71
eyJhbGciOiJIUzI1NiIsInR5cCI6IkpXVCJ9.eyJpZCI6IjY5ZmQxZDZmZTdhNmI1YjIwMzU5MmE3MiIsImVtYWlsIjoibG9hZHRlc3QtMDY3OEBpY2hhbmdlLnRlc3QiLCJyb2xlIjoic3R1ZGVudCIsImlhdCI6MTc3ODE5NTgyMywiZXhwIjoxNzc4MjAzMDIzfQ.-zjeyoqfwJehtBFqs2SvvxD6bMBz1V-NFuMaZqAGNBA,69fd1d6de7a6b5b2035927c5,69fd1d6fe7a6b5b203592a72
eyJhbGciOiJIUzI1NiIsInR5cCI6IkpXVCJ9.eyJpZCI6IjY5ZmQxZDZmZTdhNmI1YjIwMzU5MmE3MyIsImVtYWlsIjoibG9hZHRlc3QtMDY3OUBpY2hhbmdlLnRlc3QiLCJyb2xlIjoic3R1ZGVudCIsImlhdCI6MTc3ODE5NTgyMywiZXhwIjoxNzc4MjAzMDIzfQ.TTYbWFs3LsjCSBN4IZ76mSt95OoB09j-3SKq-OHY3vg,69fd1d6de7a6b5b2035927c5,69fd1d6fe7a6b5b203592a73
eyJhbGciOiJIUzI1NiIsInR5cCI6IkpXVCJ9.eyJpZCI6IjY5ZmQxZDZmZTdhNmI1YjIwMzU5MmE3NCIsImVtYWlsIjoibG9hZHRlc3QtMDY4MEBpY2hhbmdlLnRlc3QiLCJyb2xlIjoic3R1ZGVudCIsImlhdCI6MTc3ODE5NTgyMywiZXhwIjoxNzc4MjAzMDIzfQ.SeqLr1vprHnDsjoOBIOn6m9YRCgWttK6SwAJ3x_uyV0,69fd1d6de7a6b5b2035927c5,69fd1d6fe7a6b5b203592a74
eyJhbGciOiJIUzI1NiIsInR5cCI6IkpXVCJ9.eyJpZCI6IjY5ZmQxZDZmZTdhNmI1YjIwMzU5MmE3NSIsImVtYWlsIjoibG9hZHRlc3QtMDY4MUBpY2hhbmdlLnRlc3QiLCJyb2xlIjoic3R1ZGVudCIsImlhdCI6MTc3ODE5NTgyMywiZXhwIjoxNzc4MjAzMDIzfQ.O-7AwJnUbBB16czIU01eOheZUWlzSFuEAZ68rdpHLwM,69fd1d6de7a6b5b2035927c5,69fd1d6fe7a6b5b203592a75
eyJhbGciOiJIUzI1NiIsInR5cCI6IkpXVCJ9.eyJpZCI6IjY5ZmQxZDZmZTdhNmI1YjIwMzU5MmE3NiIsImVtYWlsIjoibG9hZHRlc3QtMDY4MkBpY2hhbmdlLnRlc3QiLCJyb2xlIjoic3R1ZGVudCIsImlhdCI6MTc3ODE5NTgyMywiZXhwIjoxNzc4MjAzMDIzfQ.cK6628SbeuM4yIhAjdBnYIeFWQR_8uStOxl61t2Cq6E,69fd1d6de7a6b5b2035927c5,69fd1d6fe7a6b5b203592a76
eyJhbGciOiJIUzI1NiIsInR5cCI6IkpXVCJ9.eyJpZCI6IjY5ZmQxZDZmZTdhNmI1YjIwMzU5MmE3NyIsImVtYWlsIjoibG9hZHRlc3QtMDY4M0BpY2hhbmdlLnRlc3QiLCJyb2xlIjoic3R1ZGVudCIsImlhdCI6MTc3ODE5NTgyMywiZXhwIjoxNzc4MjAzMDIzfQ.VKiK5QoCONMsTcmI_AVtnUs4JWb4SazhaLdt6fc2aRA,69fd1d6de7a6b5b2035927c5,69fd1d6fe7a6b5b203592a77
eyJhbGciOiJIUzI1NiIsInR5cCI6IkpXVCJ9.eyJpZCI6IjY5ZmQxZDZmZTdhNmI1YjIwMzU5MmE3OCIsImVtYWlsIjoibG9hZHRlc3QtMDY4NEBpY2hhbmdlLnRlc3QiLCJyb2xlIjoic3R1ZGVudCIsImlhdCI6MTc3ODE5NTgyMywiZXhwIjoxNzc4MjAzMDIzfQ.6JwDx2obE31nSC66OuwalhEfvp6ELzbz16mBbkpPa_I,69fd1d6de7a6b5b2035927c5,69fd1d6fe7a6b5b203592a78
eyJhbGciOiJIUzI1NiIsInR5cCI6IkpXVCJ9.eyJpZCI6IjY5ZmQxZDZmZTdhNmI1YjIwMzU5MmE3OSIsImVtYWlsIjoibG9hZHRlc3QtMDY4NUBpY2hhbmdlLnRlc3QiLCJyb2xlIjoic3R1ZGVudCIsImlhdCI6MTc3ODE5NTgyMywiZXhwIjoxNzc4MjAzMDIzfQ.BoHHJ1jgQtLGX5jlSnblM3i0wA1U2KCmohP38_LXxoo,69fd1d6de7a6b5b2035927c5,69fd1d6fe7a6b5b203592a79
eyJhbGciOiJIUzI1NiIsInR5cCI6IkpXVCJ9.eyJpZCI6IjY5ZmQxZDZmZTdhNmI1YjIwMzU5MmE3YSIsImVtYWlsIjoibG9hZHRlc3QtMDY4NkBpY2hhbmdlLnRlc3QiLCJyb2xlIjoic3R1ZGVudCIsImlhdCI6MTc3ODE5NTgyMywiZXhwIjoxNzc4MjAzMDIzfQ.vwPXo-dMM2YM2NYySZ2QcVnU--DmrV3NMul561jGNIc,69fd1d6de7a6b5b2035927c5,69fd1d6fe7a6b5b203592a7a
eyJhbGciOiJIUzI1NiIsInR5cCI6IkpXVCJ9.eyJpZCI6IjY5ZmQxZDZmZTdhNmI1YjIwMzU5MmE3YiIsImVtYWlsIjoibG9hZHRlc3QtMDY4N0BpY2hhbmdlLnRlc3QiLCJyb2xlIjoic3R1ZGVudCIsImlhdCI6MTc3ODE5NTgyMywiZXhwIjoxNzc4MjAzMDIzfQ.o-qc_Oralhz7O0rH8C-Bma92b1tI_VW93XDmI1kPB28,69fd1d6de7a6b5b2035927c5,69fd1d6fe7a6b5b203592a7b
eyJhbGciOiJIUzI1NiIsInR5cCI6IkpXVCJ9.eyJpZCI6IjY5ZmQxZDZmZTdhNmI1YjIwMzU5MmE3YyIsImVtYWlsIjoibG9hZHRlc3QtMDY4OEBpY2hhbmdlLnRlc3QiLCJyb2xlIjoic3R1ZGVudCIsImlhdCI6MTc3ODE5NTgyMywiZXhwIjoxNzc4MjAzMDIzfQ.w_zKYVO0XAp2irCdW_-HsW8lYnAoPp6LCBw4-EklZgU,69fd1d6de7a6b5b2035927c5,69fd1d6fe7a6b5b203592a7c
eyJhbGciOiJIUzI1NiIsInR5cCI6IkpXVCJ9.eyJpZCI6IjY5ZmQxZDZmZTdhNmI1YjIwMzU5MmE3ZCIsImVtYWlsIjoibG9hZHRlc3QtMDY4OUBpY2hhbmdlLnRlc3QiLCJyb2xlIjoic3R1ZGVudCIsImlhdCI6MTc3ODE5NTgyMywiZXhwIjoxNzc4MjAzMDIzfQ.EotSxm8JjwLxpw6dFsmCg_LaFhEATRgOejUcNdHZVCI,69fd1d6de7a6b5b2035927c5,69fd1d6fe7a6b5b203592a7d
eyJhbGciOiJIUzI1NiIsInR5cCI6IkpXVCJ9.eyJpZCI6IjY5ZmQxZDZmZTdhNmI1YjIwMzU5MmE3ZSIsImVtYWlsIjoibG9hZHRlc3QtMDY5MEBpY2hhbmdlLnRlc3QiLCJyb2xlIjoic3R1ZGVudCIsImlhdCI6MTc3ODE5NTgyMywiZXhwIjoxNzc4MjAzMDIzfQ.sYdLQ16O_PK40Jo1_keY2hCMwebikFYNrcbmaq_rTKE,69fd1d6de7a6b5b2035927c5,69fd1d6fe7a6b5b203592a7e
eyJhbGciOiJIUzI1NiIsInR5cCI6IkpXVCJ9.eyJpZCI6IjY5ZmQxZDZmZTdhNmI1YjIwMzU5MmE3ZiIsImVtYWlsIjoibG9hZHRlc3QtMDY5MUBpY2hhbmdlLnRlc3QiLCJyb2xlIjoic3R1ZGVudCIsImlhdCI6MTc3ODE5NTgyMywiZXhwIjoxNzc4MjAzMDIzfQ.cROxAKart-3GQCSwABAmYB5H5-74Tz45Rt9uHByX2Fk,69fd1d6de7a6b5b2035927c5,69fd1d6fe7a6b5b203592a7f
eyJhbGciOiJIUzI1NiIsInR5cCI6IkpXVCJ9.eyJpZCI6IjY5ZmQxZDZmZTdhNmI1YjIwMzU5MmE4MCIsImVtYWlsIjoibG9hZHRlc3QtMDY5MkBpY2hhbmdlLnRlc3QiLCJyb2xlIjoic3R1ZGVudCIsImlhdCI6MTc3ODE5NTgyMywiZXhwIjoxNzc4MjAzMDIzfQ.0gyxxxwlZMqNVcVp8Yl1p9HyRAi0IeKxEWSvooux0Fo,69fd1d6de7a6b5b2035927c5,69fd1d6fe7a6b5b203592a80
eyJhbGciOiJIUzI1NiIsInR5cCI6IkpXVCJ9.eyJpZCI6IjY5ZmQxZDZmZTdhNmI1YjIwMzU5MmE4MSIsImVtYWlsIjoibG9hZHRlc3QtMDY5M0BpY2hhbmdlLnRlc3QiLCJyb2xlIjoic3R1ZGVudCIsImlhdCI6MTc3ODE5NTgyMywiZXhwIjoxNzc4MjAzMDIzfQ.zfks1549I_HHU_FNn76i1g6ViZYteZ0TPnAt0KgrzOY,69fd1d6de7a6b5b2035927c5,69fd1d6fe7a6b5b203592a81
eyJhbGciOiJIUzI1NiIsInR5cCI6IkpXVCJ9.eyJpZCI6IjY5ZmQxZDZmZTdhNmI1YjIwMzU5MmE4MiIsImVtYWlsIjoibG9hZHRlc3QtMDY5NEBpY2hhbmdlLnRlc3QiLCJyb2xlIjoic3R1ZGVudCIsImlhdCI6MTc3ODE5NTgyMywiZXhwIjoxNzc4MjAzMDIzfQ.-JrDcxsRzTe_RmJXSVP-P6zB0cHMkn5B3QH1HmNI5JE,69fd1d6de7a6b5b2035927c5,69fd1d6fe7a6b5b203592a82
eyJhbGciOiJIUzI1NiIsInR5cCI6IkpXVCJ9.eyJpZCI6IjY5ZmQxZDZmZTdhNmI1YjIwMzU5MmE4MyIsImVtYWlsIjoibG9hZHRlc3QtMDY5NUBpY2hhbmdlLnRlc3QiLCJyb2xlIjoic3R1ZGVudCIsImlhdCI6MTc3ODE5NTgyMywiZXhwIjoxNzc4MjAzMDIzfQ.N_MEycjNIrFHUdmKAWu1Kb3JY8td2MqyHXw9TMVFgYI,69fd1d6de7a6b5b2035927c5,69fd1d6fe7a6b5b203592a83
eyJhbGciOiJIUzI1NiIsInR5cCI6IkpXVCJ9.eyJpZCI6IjY5ZmQxZDZmZTdhNmI1YjIwMzU5MmE4NCIsImVtYWlsIjoibG9hZHRlc3QtMDY5NkBpY2hhbmdlLnRlc3QiLCJyb2xlIjoic3R1ZGVudCIsImlhdCI6MTc3ODE5NTgyMywiZXhwIjoxNzc4MjAzMDIzfQ.f8A3lvkslQ6ZIENU8Qjcgr5IFkXhZnsd8-WmJxrQFFU,69fd1d6de7a6b5b2035927c5,69fd1d6fe7a6b5b203592a84
eyJhbGciOiJIUzI1NiIsInR5cCI6IkpXVCJ9.eyJpZCI6IjY5ZmQxZDZmZTdhNmI1YjIwMzU5MmE4NSIsImVtYWlsIjoibG9hZHRlc3QtMDY5N0BpY2hhbmdlLnRlc3QiLCJyb2xlIjoic3R1ZGVudCIsImlhdCI6MTc3ODE5NTgyMywiZXhwIjoxNzc4MjAzMDIzfQ.paPnP8wDjU7MTKfVtyo6na18pRW-UDQf-vzLui33cKY,69fd1d6de7a6b5b2035927c5,69fd1d6fe7a6b5b203592a85
eyJhbGciOiJIUzI1NiIsInR5cCI6IkpXVCJ9.eyJpZCI6IjY5ZmQxZDZmZTdhNmI1YjIwMzU5MmE4NiIsImVtYWlsIjoibG9hZHRlc3QtMDY5OEBpY2hhbmdlLnRlc3QiLCJyb2xlIjoic3R1ZGVudCIsImlhdCI6MTc3ODE5NTgyMywiZXhwIjoxNzc4MjAzMDIzfQ.BDKSrJrVuQWQaeLI3O3FF8gFJ6F8ZteHuExs2AWC6S0,69fd1d6de7a6b5b2035927c5,69fd1d6fe7a6b5b203592a86
eyJhbGciOiJIUzI1NiIsInR5cCI6IkpXVCJ9.eyJpZCI6IjY5ZmQxZDZmZTdhNmI1YjIwMzU5MmE4NyIsImVtYWlsIjoibG9hZHRlc3QtMDY5OUBpY2hhbmdlLnRlc3QiLCJyb2xlIjoic3R1ZGVudCIsImlhdCI6MTc3ODE5NTgyMywiZXhwIjoxNzc4MjAzMDIzfQ.3JcIyuzw1HlNdJlHHtCatNRttx8s-H3H10CxDl5F-cM,69fd1d6de7a6b5b2035927c5,69fd1d6fe7a6b5b203592a87
eyJhbGciOiJIUzI1NiIsInR5cCI6IkpXVCJ9.eyJpZCI6IjY5ZmQxZDZmZTdhNmI1YjIwMzU5MmE4OCIsImVtYWlsIjoibG9hZHRlc3QtMDcwMEBpY2hhbmdlLnRlc3QiLCJyb2xlIjoic3R1ZGVudCIsImlhdCI6MTc3ODE5NTgyMywiZXhwIjoxNzc4MjAzMDIzfQ.0wu1p20iGYzUcZm2MYuw2X5XCNYTOI11mhDrxmpMoDA,69fd1d6de7a6b5b2035927c5,69fd1d6fe7a6b5b203592a88
eyJhbGciOiJIUzI1NiIsInR5cCI6IkpXVCJ9.eyJpZCI6IjY5ZmQxZDZmZTdhNmI1YjIwMzU5MmE4YSIsImVtYWlsIjoibG9hZHRlc3QtMDcwMUBpY2hhbmdlLnRlc3QiLCJyb2xlIjoic3R1ZGVudCIsImlhdCI6MTc3ODE5NTgyMywiZXhwIjoxNzc4MjAzMDIzfQ.Bry-u02WsfHPGXE1njmXYxrroDP_WZTLyvkNvSFTvOE,69fd1d6de7a6b5b2035927c5,69fd1d6fe7a6b5b203592a8a
eyJhbGciOiJIUzI1NiIsInR5cCI6IkpXVCJ9.eyJpZCI6IjY5ZmQxZDZmZTdhNmI1YjIwMzU5MmE4YiIsImVtYWlsIjoibG9hZHRlc3QtMDcwMkBpY2hhbmdlLnRlc3QiLCJyb2xlIjoic3R1ZGVudCIsImlhdCI6MTc3ODE5NTgyMywiZXhwIjoxNzc4MjAzMDIzfQ.sqlhBGlW10uY7TOrjSRsj3BPrl93F_k27kCCM8vdBhE,69fd1d6de7a6b5b2035927c5,69fd1d6fe7a6b5b203592a8b
eyJhbGciOiJIUzI1NiIsInR5cCI6IkpXVCJ9.eyJpZCI6IjY5ZmQxZDZmZTdhNmI1YjIwMzU5MmE4YyIsImVtYWlsIjoibG9hZHRlc3QtMDcwM0BpY2hhbmdlLnRlc3QiLCJyb2xlIjoic3R1ZGVudCIsImlhdCI6MTc3ODE5NTgyMywiZXhwIjoxNzc4MjAzMDIzfQ.zrKdVpHEznY7leyZ5ZTZts4AhijcYJfgAz-Z6zg_NeY,69fd1d6de7a6b5b2035927c5,69fd1d6fe7a6b5b203592a8c
eyJhbGciOiJIUzI1NiIsInR5cCI6IkpXVCJ9.eyJpZCI6IjY5ZmQxZDZmZTdhNmI1YjIwMzU5MmE4ZCIsImVtYWlsIjoibG9hZHRlc3QtMDcwNEBpY2hhbmdlLnRlc3QiLCJyb2xlIjoic3R1ZGVudCIsImlhdCI6MTc3ODE5NTgyMywiZXhwIjoxNzc4MjAzMDIzfQ.YcG5H5-57MIcuZHD-ELU467C1ZRUBaPjqNsgyHbgmUY,69fd1d6de7a6b5b2035927c5,69fd1d6fe7a6b5b203592a8d
eyJhbGciOiJIUzI1NiIsInR5cCI6IkpXVCJ9.eyJpZCI6IjY5ZmQxZDZmZTdhNmI1YjIwMzU5MmE4ZSIsImVtYWlsIjoibG9hZHRlc3QtMDcwNUBpY2hhbmdlLnRlc3QiLCJyb2xlIjoic3R1ZGVudCIsImlhdCI6MTc3ODE5NTgyMywiZXhwIjoxNzc4MjAzMDIzfQ.dPouWrePZodUMsQQe-FIMilDIYXlxW9iJC1fPQbI-CA,69fd1d6de7a6b5b2035927c5,69fd1d6fe7a6b5b203592a8e
eyJhbGciOiJIUzI1NiIsInR5cCI6IkpXVCJ9.eyJpZCI6IjY5ZmQxZDZmZTdhNmI1YjIwMzU5MmE4ZiIsImVtYWlsIjoibG9hZHRlc3QtMDcwNkBpY2hhbmdlLnRlc3QiLCJyb2xlIjoic3R1ZGVudCIsImlhdCI6MTc3ODE5NTgyMywiZXhwIjoxNzc4MjAzMDIzfQ.Qrx6NQ2PylwVjHJglj4CGRRD7_WY9VkkSOCYHR-v4KI,69fd1d6de7a6b5b2035927c5,69fd1d6fe7a6b5b203592a8f
eyJhbGciOiJIUzI1NiIsInR5cCI6IkpXVCJ9.eyJpZCI6IjY5ZmQxZDZmZTdhNmI1YjIwMzU5MmE5MCIsImVtYWlsIjoibG9hZHRlc3QtMDcwN0BpY2hhbmdlLnRlc3QiLCJyb2xlIjoic3R1ZGVudCIsImlhdCI6MTc3ODE5NTgyMywiZXhwIjoxNzc4MjAzMDIzfQ.NpjHA-dYdmVxNT-rtOQ_Dx6KjqAjl_94R4_x9iu2jnk,69fd1d6de7a6b5b2035927c5,69fd1d6fe7a6b5b203592a90
eyJhbGciOiJIUzI1NiIsInR5cCI6IkpXVCJ9.eyJpZCI6IjY5ZmQxZDZmZTdhNmI1YjIwMzU5MmE5MSIsImVtYWlsIjoibG9hZHRlc3QtMDcwOEBpY2hhbmdlLnRlc3QiLCJyb2xlIjoic3R1ZGVudCIsImlhdCI6MTc3ODE5NTgyMywiZXhwIjoxNzc4MjAzMDIzfQ.NU6pC-Ac-2BH18pjiFeRF9KMtct_G-BWfA165vV9oR8,69fd1d6de7a6b5b2035927c5,69fd1d6fe7a6b5b203592a91
eyJhbGciOiJIUzI1NiIsInR5cCI6IkpXVCJ9.eyJpZCI6IjY5ZmQxZDZmZTdhNmI1YjIwMzU5MmE5MiIsImVtYWlsIjoibG9hZHRlc3QtMDcwOUBpY2hhbmdlLnRlc3QiLCJyb2xlIjoic3R1ZGVudCIsImlhdCI6MTc3ODE5NTgyMywiZXhwIjoxNzc4MjAzMDIzfQ.V1O34lw7fTj9lOJEqzlHlMZ2rVTU7HeeXR9fTUINoEU,69fd1d6de7a6b5b2035927c5,69fd1d6fe7a6b5b203592a92
eyJhbGciOiJIUzI1NiIsInR5cCI6IkpXVCJ9.eyJpZCI6IjY5ZmQxZDZmZTdhNmI1YjIwMzU5MmE5MyIsImVtYWlsIjoibG9hZHRlc3QtMDcxMEBpY2hhbmdlLnRlc3QiLCJyb2xlIjoic3R1ZGVudCIsImlhdCI6MTc3ODE5NTgyMywiZXhwIjoxNzc4MjAzMDIzfQ.icnk7V-c6vnw7oTum3kgizWJnL_T_TeEtIOVu5_0QA0,69fd1d6de7a6b5b2035927c5,69fd1d6fe7a6b5b203592a93
eyJhbGciOiJIUzI1NiIsInR5cCI6IkpXVCJ9.eyJpZCI6IjY5ZmQxZDZmZTdhNmI1YjIwMzU5MmE5NCIsImVtYWlsIjoibG9hZHRlc3QtMDcxMUBpY2hhbmdlLnRlc3QiLCJyb2xlIjoic3R1ZGVudCIsImlhdCI6MTc3ODE5NTgyMywiZXhwIjoxNzc4MjAzMDIzfQ.upjweL9mqTx6Cd9tt8lVGVREiGvqhXORy3RMxqnmvkQ,69fd1d6de7a6b5b2035927c5,69fd1d6fe7a6b5b203592a94
eyJhbGciOiJIUzI1NiIsInR5cCI6IkpXVCJ9.eyJpZCI6IjY5ZmQxZDZmZTdhNmI1YjIwMzU5MmE5NSIsImVtYWlsIjoibG9hZHRlc3QtMDcxMkBpY2hhbmdlLnRlc3QiLCJyb2xlIjoic3R1ZGVudCIsImlhdCI6MTc3ODE5NTgyMywiZXhwIjoxNzc4MjAzMDIzfQ.pOQ-sOGnaZij_UhSg-VgPO7yLo-EzCbma9lZLWdq7FY,69fd1d6de7a6b5b2035927c5,69fd1d6fe7a6b5b203592a95
eyJhbGciOiJIUzI1NiIsInR5cCI6IkpXVCJ9.eyJpZCI6IjY5ZmQxZDZmZTdhNmI1YjIwMzU5MmE5NiIsImVtYWlsIjoibG9hZHRlc3QtMDcxM0BpY2hhbmdlLnRlc3QiLCJyb2xlIjoic3R1ZGVudCIsImlhdCI6MTc3ODE5NTgyMywiZXhwIjoxNzc4MjAzMDIzfQ.y566q5SSlvfEiSszGwV_rjSumbm7sQ6JBCUJ6FF4784,69fd1d6de7a6b5b2035927c5,69fd1d6fe7a6b5b203592a96
eyJhbGciOiJIUzI1NiIsInR5cCI6IkpXVCJ9.eyJpZCI6IjY5ZmQxZDZmZTdhNmI1YjIwMzU5MmE5NyIsImVtYWlsIjoibG9hZHRlc3QtMDcxNEBpY2hhbmdlLnRlc3QiLCJyb2xlIjoic3R1ZGVudCIsImlhdCI6MTc3ODE5NTgyMywiZXhwIjoxNzc4MjAzMDIzfQ._IU7D3aK28tyrOO9qj6tzv2kBiqrsWZf8Drfd7yGEz4,69fd1d6de7a6b5b2035927c5,69fd1d6fe7a6b5b203592a97
eyJhbGciOiJIUzI1NiIsInR5cCI6IkpXVCJ9.eyJpZCI6IjY5ZmQxZDZmZTdhNmI1YjIwMzU5MmE5OCIsImVtYWlsIjoibG9hZHRlc3QtMDcxNUBpY2hhbmdlLnRlc3QiLCJyb2xlIjoic3R1ZGVudCIsImlhdCI6MTc3ODE5NTgyMywiZXhwIjoxNzc4MjAzMDIzfQ.tInH9XLWtFVsyTL3POun_foQEh0pvH3d_ghTKODkctQ,69fd1d6de7a6b5b2035927c5,69fd1d6fe7a6b5b203592a98
eyJhbGciOiJIUzI1NiIsInR5cCI6IkpXVCJ9.eyJpZCI6IjY5ZmQxZDZmZTdhNmI1YjIwMzU5MmE5OSIsImVtYWlsIjoibG9hZHRlc3QtMDcxNkBpY2hhbmdlLnRlc3QiLCJyb2xlIjoic3R1ZGVudCIsImlhdCI6MTc3ODE5NTgyMywiZXhwIjoxNzc4MjAzMDIzfQ.FOFyG-eBWwZY68N2kWdDKtQzz3CrrhhY85X5ym8wI18,69fd1d6de7a6b5b2035927c5,69fd1d6fe7a6b5b203592a99
eyJhbGciOiJIUzI1NiIsInR5cCI6IkpXVCJ9.eyJpZCI6IjY5ZmQxZDZmZTdhNmI1YjIwMzU5MmE5YSIsImVtYWlsIjoibG9hZHRlc3QtMDcxN0BpY2hhbmdlLnRlc3QiLCJyb2xlIjoic3R1ZGVudCIsImlhdCI6MTc3ODE5NTgyMywiZXhwIjoxNzc4MjAzMDIzfQ.iC5G98cCSFGC6izQOEmMop5-cEnsFRFUVgJTtD5QAxU,69fd1d6de7a6b5b2035927c5,69fd1d6fe7a6b5b203592a9a
eyJhbGciOiJIUzI1NiIsInR5cCI6IkpXVCJ9.eyJpZCI6IjY5ZmQxZDZmZTdhNmI1YjIwMzU5MmE5YiIsImVtYWlsIjoibG9hZHRlc3QtMDcxOEBpY2hhbmdlLnRlc3QiLCJyb2xlIjoic3R1ZGVudCIsImlhdCI6MTc3ODE5NTgyMywiZXhwIjoxNzc4MjAzMDIzfQ.PsMWFFdDxpnKXwB5IJnFR4FivlhvkySi_-Lb-j7PU7c,69fd1d6de7a6b5b2035927c5,69fd1d6fe7a6b5b203592a9b
eyJhbGciOiJIUzI1NiIsInR5cCI6IkpXVCJ9.eyJpZCI6IjY5ZmQxZDZmZTdhNmI1YjIwMzU5MmE5YyIsImVtYWlsIjoibG9hZHRlc3QtMDcxOUBpY2hhbmdlLnRlc3QiLCJyb2xlIjoic3R1ZGVudCIsImlhdCI6MTc3ODE5NTgyMywiZXhwIjoxNzc4MjAzMDIzfQ.rXBkm-rdpbZS8Zmy7StEdQy11ny_F3awifAw_4E90TM,69fd1d6de7a6b5b2035927c5,69fd1d6fe7a6b5b203592a9c
eyJhbGciOiJIUzI1NiIsInR5cCI6IkpXVCJ9.eyJpZCI6IjY5ZmQxZDZmZTdhNmI1YjIwMzU5MmE5ZCIsImVtYWlsIjoibG9hZHRlc3QtMDcyMEBpY2hhbmdlLnRlc3QiLCJyb2xlIjoic3R1ZGVudCIsImlhdCI6MTc3ODE5NTgyMywiZXhwIjoxNzc4MjAzMDIzfQ.awKXWhd8Rpm35u41fcfmQb6E8ffXXum0EZlcHOQaeo0,69fd1d6de7a6b5b2035927c5,69fd1d6fe7a6b5b203592a9d
eyJhbGciOiJIUzI1NiIsInR5cCI6IkpXVCJ9.eyJpZCI6IjY5ZmQxZDZmZTdhNmI1YjIwMzU5MmE5ZSIsImVtYWlsIjoibG9hZHRlc3QtMDcyMUBpY2hhbmdlLnRlc3QiLCJyb2xlIjoic3R1ZGVudCIsImlhdCI6MTc3ODE5NTgyMywiZXhwIjoxNzc4MjAzMDIzfQ.JYBYphGWcKNuY4MlJrNGg81EC5uPHjmsz25E6j70MSE,69fd1d6de7a6b5b2035927c5,69fd1d6fe7a6b5b203592a9e
eyJhbGciOiJIUzI1NiIsInR5cCI6IkpXVCJ9.eyJpZCI6IjY5ZmQxZDZmZTdhNmI1YjIwMzU5MmE5ZiIsImVtYWlsIjoibG9hZHRlc3QtMDcyMkBpY2hhbmdlLnRlc3QiLCJyb2xlIjoic3R1ZGVudCIsImlhdCI6MTc3ODE5NTgyMywiZXhwIjoxNzc4MjAzMDIzfQ.E-HA9t0lwRX5KOSAREwaPf1qztLHQUYIJnWAaLypd5U,69fd1d6de7a6b5b2035927c5,69fd1d6fe7a6b5b203592a9f
eyJhbGciOiJIUzI1NiIsInR5cCI6IkpXVCJ9.eyJpZCI6IjY5ZmQxZDZmZTdhNmI1YjIwMzU5MmFhMCIsImVtYWlsIjoibG9hZHRlc3QtMDcyM0BpY2hhbmdlLnRlc3QiLCJyb2xlIjoic3R1ZGVudCIsImlhdCI6MTc3ODE5NTgyMywiZXhwIjoxNzc4MjAzMDIzfQ.S0FBWhGalTAPUTw0rHbiIx8wpUMntLSZSfekIA48Wo0,69fd1d6de7a6b5b2035927c5,69fd1d6fe7a6b5b203592aa0
eyJhbGciOiJIUzI1NiIsInR5cCI6IkpXVCJ9.eyJpZCI6IjY5ZmQxZDZmZTdhNmI1YjIwMzU5MmFhMSIsImVtYWlsIjoibG9hZHRlc3QtMDcyNEBpY2hhbmdlLnRlc3QiLCJyb2xlIjoic3R1ZGVudCIsImlhdCI6MTc3ODE5NTgyNCwiZXhwIjoxNzc4MjAzMDI0fQ.jCJEY9YwxO7Hx21_2WHLBhkQAO8lDQ29lGk6fVhNVP0,69fd1d6de7a6b5b2035927c5,69fd1d6fe7a6b5b203592aa1
eyJhbGciOiJIUzI1NiIsInR5cCI6IkpXVCJ9.eyJpZCI6IjY5ZmQxZDZmZTdhNmI1YjIwMzU5MmFhMiIsImVtYWlsIjoibG9hZHRlc3QtMDcyNUBpY2hhbmdlLnRlc3QiLCJyb2xlIjoic3R1ZGVudCIsImlhdCI6MTc3ODE5NTgyNSwiZXhwIjoxNzc4MjAzMDI1fQ.SqAKiPy9fkQbZQ-eywZNSHmvhpWRfM5RM6pJQWbII2g,69fd1d6de7a6b5b2035927c5,69fd1d6fe7a6b5b203592aa2
eyJhbGciOiJIUzI1NiIsInR5cCI6IkpXVCJ9.eyJpZCI6IjY5ZmQxZDZmZTdhNmI1YjIwMzU5MmFhMyIsImVtYWlsIjoibG9hZHRlc3QtMDcyNkBpY2hhbmdlLnRlc3QiLCJyb2xlIjoic3R1ZGVudCIsImlhdCI6MTc3ODE5NTgyNSwiZXhwIjoxNzc4MjAzMDI1fQ.CMHXlYqrrvk1CzCsIt9gPWnhmFla-Vd-bH7rLVmNsiI,69fd1d6de7a6b5b2035927c5,69fd1d6fe7a6b5b203592aa3
eyJhbGciOiJIUzI1NiIsInR5cCI6IkpXVCJ9.eyJpZCI6IjY5ZmQxZDZmZTdhNmI1YjIwMzU5MmFhNCIsImVtYWlsIjoibG9hZHRlc3QtMDcyN0BpY2hhbmdlLnRlc3QiLCJyb2xlIjoic3R1ZGVudCIsImlhdCI6MTc3ODE5NTgyNSwiZXhwIjoxNzc4MjAzMDI1fQ.b9v6mCwVJaKppmojltFzqmBaSykEvXQ3IGWXGZtZh4o,69fd1d6de7a6b5b2035927c5,69fd1d6fe7a6b5b203592aa4
eyJhbGciOiJIUzI1NiIsInR5cCI6IkpXVCJ9.eyJpZCI6IjY5ZmQxZDZmZTdhNmI1YjIwMzU5MmFhNSIsImVtYWlsIjoibG9hZHRlc3QtMDcyOEBpY2hhbmdlLnRlc3QiLCJyb2xlIjoic3R1ZGVudCIsImlhdCI6MTc3ODE5NTgyNSwiZXhwIjoxNzc4MjAzMDI1fQ.l5sq0ObUW0xotffk3bhntLZCH4CFpdM1wHzvIviHGWM,69fd1d6de7a6b5b2035927c5,69fd1d6fe7a6b5b203592aa5
eyJhbGciOiJIUzI1NiIsInR5cCI6IkpXVCJ9.eyJpZCI6IjY5ZmQxZDZmZTdhNmI1YjIwMzU5MmFhNiIsImVtYWlsIjoibG9hZHRlc3QtMDcyOUBpY2hhbmdlLnRlc3QiLCJyb2xlIjoic3R1ZGVudCIsImlhdCI6MTc3ODE5NTgyNSwiZXhwIjoxNzc4MjAzMDI1fQ.foDkGwZbwaw3KZ3oMOBTbmgWkeQgG7L_vpHcGRCo14I,69fd1d6de7a6b5b2035927c5,69fd1d6fe7a6b5b203592aa6
eyJhbGciOiJIUzI1NiIsInR5cCI6IkpXVCJ9.eyJpZCI6IjY5ZmQxZDZmZTdhNmI1YjIwMzU5MmFhNyIsImVtYWlsIjoibG9hZHRlc3QtMDczMEBpY2hhbmdlLnRlc3QiLCJyb2xlIjoic3R1ZGVudCIsImlhdCI6MTc3ODE5NTgyNiwiZXhwIjoxNzc4MjAzMDI2fQ.i3wXRVBUm0ujC4HiLZYAsDQDPnQYZ6EoOMvdkQVnMzc,69fd1d6de7a6b5b2035927c5,69fd1d6fe7a6b5b203592aa7
eyJhbGciOiJIUzI1NiIsInR5cCI6IkpXVCJ9.eyJpZCI6IjY5ZmQxZDZmZTdhNmI1YjIwMzU5MmFhOCIsImVtYWlsIjoibG9hZHRlc3QtMDczMUBpY2hhbmdlLnRlc3QiLCJyb2xlIjoic3R1ZGVudCIsImlhdCI6MTc3ODE5NTgyNiwiZXhwIjoxNzc4MjAzMDI2fQ.HMk6_f2gZvZkAIKHCoJtkFER1e1fx--kU7VaIFRkiCc,69fd1d6de7a6b5b2035927c5,69fd1d6fe7a6b5b203592aa8
eyJhbGciOiJIUzI1NiIsInR5cCI6IkpXVCJ9.eyJpZCI6IjY5ZmQxZDZmZTdhNmI1YjIwMzU5MmFhOSIsImVtYWlsIjoibG9hZHRlc3QtMDczMkBpY2hhbmdlLnRlc3QiLCJyb2xlIjoic3R1ZGVudCIsImlhdCI6MTc3ODE5NTgyNiwiZXhwIjoxNzc4MjAzMDI2fQ.ByR9kLR1lrgJNrQF0fRCnqqRaShlAyVZxxnuY4AxLDs,69fd1d6de7a6b5b2035927c5,69fd1d6fe7a6b5b203592aa9
eyJhbGciOiJIUzI1NiIsInR5cCI6IkpXVCJ9.eyJpZCI6IjY5ZmQxZDZmZTdhNmI1YjIwMzU5MmFhYSIsImVtYWlsIjoibG9hZHRlc3QtMDczM0BpY2hhbmdlLnRlc3QiLCJyb2xlIjoic3R1ZGVudCIsImlhdCI6MTc3ODE5NTgyNiwiZXhwIjoxNzc4MjAzMDI2fQ.TjoyPyesCKGTVmle1CK2xFBB-40JuS2k-tC_TOASDKw,69fd1d6de7a6b5b2035927c5,69fd1d6fe7a6b5b203592aaa
eyJhbGciOiJIUzI1NiIsInR5cCI6IkpXVCJ9.eyJpZCI6IjY5ZmQxZDZmZTdhNmI1YjIwMzU5MmFhYiIsImVtYWlsIjoibG9hZHRlc3QtMDczNEBpY2hhbmdlLnRlc3QiLCJyb2xlIjoic3R1ZGVudCIsImlhdCI6MTc3ODE5NTgyNiwiZXhwIjoxNzc4MjAzMDI2fQ.p-fDsstu5j2mwJ_62JaStuqbEP5NX5ulqSOpShK8UhQ,69fd1d6de7a6b5b2035927c5,69fd1d6fe7a6b5b203592aab
eyJhbGciOiJIUzI1NiIsInR5cCI6IkpXVCJ9.eyJpZCI6IjY5ZmQxZDZmZTdhNmI1YjIwMzU5MmFhYyIsImVtYWlsIjoibG9hZHRlc3QtMDczNUBpY2hhbmdlLnRlc3QiLCJyb2xlIjoic3R1ZGVudCIsImlhdCI6MTc3ODE5NTgyNiwiZXhwIjoxNzc4MjAzMDI2fQ.uuJ4CabVUCUzNPuhDH_jvg4RER-kMa0KAAlsZ3cGMaM,69fd1d6de7a6b5b2035927c5,69fd1d6fe7a6b5b203592aac
eyJhbGciOiJIUzI1NiIsInR5cCI6IkpXVCJ9.eyJpZCI6IjY5ZmQxZDZmZTdhNmI1YjIwMzU5MmFhZCIsImVtYWlsIjoibG9hZHRlc3QtMDczNkBpY2hhbmdlLnRlc3QiLCJyb2xlIjoic3R1ZGVudCIsImlhdCI6MTc3ODE5NTgyNiwiZXhwIjoxNzc4MjAzMDI2fQ.YpDUaA7wzGNleDCqZDC6ZuVJJ_Q3Wmw6bP3ktCvwaTQ,69fd1d6de7a6b5b2035927c5,69fd1d6fe7a6b5b203592aad
eyJhbGciOiJIUzI1NiIsInR5cCI6IkpXVCJ9.eyJpZCI6IjY5ZmQxZDZmZTdhNmI1YjIwMzU5MmFhZSIsImVtYWlsIjoibG9hZHRlc3QtMDczN0BpY2hhbmdlLnRlc3QiLCJyb2xlIjoic3R1ZGVudCIsImlhdCI6MTc3ODE5NTgyNiwiZXhwIjoxNzc4MjAzMDI2fQ.DTM2RRi_QQUr9P0hO1T1lXR6Vlj7rWUTNLuP9PA5Jf8,69fd1d6de7a6b5b2035927c5,69fd1d6fe7a6b5b203592aae
eyJhbGciOiJIUzI1NiIsInR5cCI6IkpXVCJ9.eyJpZCI6IjY5ZmQxZDZmZTdhNmI1YjIwMzU5MmFhZiIsImVtYWlsIjoibG9hZHRlc3QtMDczOEBpY2hhbmdlLnRlc3QiLCJyb2xlIjoic3R1ZGVudCIsImlhdCI6MTc3ODE5NTgyNiwiZXhwIjoxNzc4MjAzMDI2fQ.trbOLeNEO51x-ED1emvbghhCM5ngwEcAAwrFXMUazIE,69fd1d6de7a6b5b2035927c5,69fd1d6fe7a6b5b203592aaf
eyJhbGciOiJIUzI1NiIsInR5cCI6IkpXVCJ9.eyJpZCI6IjY5ZmQxZDZmZTdhNmI1YjIwMzU5MmFiMCIsImVtYWlsIjoibG9hZHRlc3QtMDczOUBpY2hhbmdlLnRlc3QiLCJyb2xlIjoic3R1ZGVudCIsImlhdCI6MTc3ODE5NTgyNiwiZXhwIjoxNzc4MjAzMDI2fQ.6TVRxWbjoyJbEUu8MQbve5q9VlCisYkHjq9j4ZS6udQ,69fd1d6de7a6b5b2035927c5,69fd1d6fe7a6b5b203592ab0
eyJhbGciOiJIUzI1NiIsInR5cCI6IkpXVCJ9.eyJpZCI6IjY5ZmQxZDZmZTdhNmI1YjIwMzU5MmFiMSIsImVtYWlsIjoibG9hZHRlc3QtMDc0MEBpY2hhbmdlLnRlc3QiLCJyb2xlIjoic3R1ZGVudCIsImlhdCI6MTc3ODE5NTgyNiwiZXhwIjoxNzc4MjAzMDI2fQ.IpEBm1yATPv_CIHp1aZMYzzeB1nRAtSqECSffbiAP04,69fd1d6de7a6b5b2035927c5,69fd1d6fe7a6b5b203592ab1
eyJhbGciOiJIUzI1NiIsInR5cCI6IkpXVCJ9.eyJpZCI6IjY5ZmQxZDZmZTdhNmI1YjIwMzU5MmFiMiIsImVtYWlsIjoibG9hZHRlc3QtMDc0MUBpY2hhbmdlLnRlc3QiLCJyb2xlIjoic3R1ZGVudCIsImlhdCI6MTc3ODE5NTgyNiwiZXhwIjoxNzc4MjAzMDI2fQ.UlADv9Md01BDYF8N1c-g3syP5v7lTwwZFachU-urmtA,69fd1d6de7a6b5b2035927c5,69fd1d6fe7a6b5b203592ab2
eyJhbGciOiJIUzI1NiIsInR5cCI6IkpXVCJ9.eyJpZCI6IjY5ZmQxZDZmZTdhNmI1YjIwMzU5MmFiMyIsImVtYWlsIjoibG9hZHRlc3QtMDc0MkBpY2hhbmdlLnRlc3QiLCJyb2xlIjoic3R1ZGVudCIsImlhdCI6MTc3ODE5NTgyNiwiZXhwIjoxNzc4MjAzMDI2fQ.Fg3rZ-jsDNpQ82Xu8tGVeNr9X3hGiNf7mP1nWVSQw8s,69fd1d6de7a6b5b2035927c5,69fd1d6fe7a6b5b203592ab3
eyJhbGciOiJIUzI1NiIsInR5cCI6IkpXVCJ9.eyJpZCI6IjY5ZmQxZDZmZTdhNmI1YjIwMzU5MmFiNCIsImVtYWlsIjoibG9hZHRlc3QtMDc0M0BpY2hhbmdlLnRlc3QiLCJyb2xlIjoic3R1ZGVudCIsImlhdCI6MTc3ODE5NTgyNiwiZXhwIjoxNzc4MjAzMDI2fQ.tv8ww9FPJydZXhZ33Gjr9yF465DtZyE7S8KuQBU-Tbg,69fd1d6de7a6b5b2035927c5,69fd1d6fe7a6b5b203592ab4
eyJhbGciOiJIUzI1NiIsInR5cCI6IkpXVCJ9.eyJpZCI6IjY5ZmQxZDZmZTdhNmI1YjIwMzU5MmFiNSIsImVtYWlsIjoibG9hZHRlc3QtMDc0NEBpY2hhbmdlLnRlc3QiLCJyb2xlIjoic3R1ZGVudCIsImlhdCI6MTc3ODE5NTgyNiwiZXhwIjoxNzc4MjAzMDI2fQ.MiuVWxqDdy5gWBVe4D98Rm5qioqyO7LYt2cp3HAVVQU,69fd1d6de7a6b5b2035927c5,69fd1d6fe7a6b5b203592ab5
eyJhbGciOiJIUzI1NiIsInR5cCI6IkpXVCJ9.eyJpZCI6IjY5ZmQxZDZmZTdhNmI1YjIwMzU5MmFiNiIsImVtYWlsIjoibG9hZHRlc3QtMDc0NUBpY2hhbmdlLnRlc3QiLCJyb2xlIjoic3R1ZGVudCIsImlhdCI6MTc3ODE5NTgyNiwiZXhwIjoxNzc4MjAzMDI2fQ.tf0HvMdrq-8BnO5N7J7gzcUQD5SDfuR0Ie4yAzsDHWc,69fd1d6de7a6b5b2035927c5,69fd1d6fe7a6b5b203592ab6
eyJhbGciOiJIUzI1NiIsInR5cCI6IkpXVCJ9.eyJpZCI6IjY5ZmQxZDZmZTdhNmI1YjIwMzU5MmFiNyIsImVtYWlsIjoibG9hZHRlc3QtMDc0NkBpY2hhbmdlLnRlc3QiLCJyb2xlIjoic3R1ZGVudCIsImlhdCI6MTc3ODE5NTgyNiwiZXhwIjoxNzc4MjAzMDI2fQ.aJbKuBbNDHVMxKJIAPjBTqyGKZJliZVzrKwZ-KP3a-A,69fd1d6de7a6b5b2035927c5,69fd1d6fe7a6b5b203592ab7
eyJhbGciOiJIUzI1NiIsInR5cCI6IkpXVCJ9.eyJpZCI6IjY5ZmQxZDZmZTdhNmI1YjIwMzU5MmFiOCIsImVtYWlsIjoibG9hZHRlc3QtMDc0N0BpY2hhbmdlLnRlc3QiLCJyb2xlIjoic3R1ZGVudCIsImlhdCI6MTc3ODE5NTgyNiwiZXhwIjoxNzc4MjAzMDI2fQ.ZXAH4EWkIJ-XjW_DP1CwTSQGKvGihFc3nHTIfVH0kMg,69fd1d6de7a6b5b2035927c5,69fd1d6fe7a6b5b203592ab8
eyJhbGciOiJIUzI1NiIsInR5cCI6IkpXVCJ9.eyJpZCI6IjY5ZmQxZDZmZTdhNmI1YjIwMzU5MmFiOSIsImVtYWlsIjoibG9hZHRlc3QtMDc0OEBpY2hhbmdlLnRlc3QiLCJyb2xlIjoic3R1ZGVudCIsImlhdCI6MTc3ODE5NTgyNiwiZXhwIjoxNzc4MjAzMDI2fQ._LJKkG0rsftOLf2a9pS83n4zp3f8J6Xn9FZT89nbEuQ,69fd1d6de7a6b5b2035927c5,69fd1d6fe7a6b5b203592ab9
eyJhbGciOiJIUzI1NiIsInR5cCI6IkpXVCJ9.eyJpZCI6IjY5ZmQxZDZmZTdhNmI1YjIwMzU5MmFiYSIsImVtYWlsIjoibG9hZHRlc3QtMDc0OUBpY2hhbmdlLnRlc3QiLCJyb2xlIjoic3R1ZGVudCIsImlhdCI6MTc3ODE5NTgyNiwiZXhwIjoxNzc4MjAzMDI2fQ.3C1sn7vO0eo7ZQFYm9i8WQCHsskZt__YkNZXgNSq66k,69fd1d6de7a6b5b2035927c5,69fd1d6fe7a6b5b203592aba
eyJhbGciOiJIUzI1NiIsInR5cCI6IkpXVCJ9.eyJpZCI6IjY5ZmQxZDZmZTdhNmI1YjIwMzU5MmFiYiIsImVtYWlsIjoibG9hZHRlc3QtMDc1MEBpY2hhbmdlLnRlc3QiLCJyb2xlIjoic3R1ZGVudCIsImlhdCI6MTc3ODE5NTgyNiwiZXhwIjoxNzc4MjAzMDI2fQ.jyOm1IuUpFZpQLrigkdEakNyHp2EuhzLHuVqJsDBVgA,69fd1d6de7a6b5b2035927c5,69fd1d6fe7a6b5b203592abb
eyJhbGciOiJIUzI1NiIsInR5cCI6IkpXVCJ9.eyJpZCI6IjY5ZmQxZDZmZTdhNmI1YjIwMzU5MmFiYyIsImVtYWlsIjoibG9hZHRlc3QtMDc1MUBpY2hhbmdlLnRlc3QiLCJyb2xlIjoic3R1ZGVudCIsImlhdCI6MTc3ODE5NTgyNiwiZXhwIjoxNzc4MjAzMDI2fQ.R0nm0i4E_kAHBIcUe7E3r7X1w2s10WK-xuytfTWbPvQ,69fd1d6de7a6b5b2035927c5,69fd1d6fe7a6b5b203592abc
eyJhbGciOiJIUzI1NiIsInR5cCI6IkpXVCJ9.eyJpZCI6IjY5ZmQxZDZmZTdhNmI1YjIwMzU5MmFiZCIsImVtYWlsIjoibG9hZHRlc3QtMDc1MkBpY2hhbmdlLnRlc3QiLCJyb2xlIjoic3R1ZGVudCIsImlhdCI6MTc3ODE5NTgyNiwiZXhwIjoxNzc4MjAzMDI2fQ.Aqh5w7JehDXx8Q4vQ3NqVon0Bolfw2Nmz4SxlzaKlBU,69fd1d6de7a6b5b2035927c5,69fd1d6fe7a6b5b203592abd
eyJhbGciOiJIUzI1NiIsInR5cCI6IkpXVCJ9.eyJpZCI6IjY5ZmQxZDZmZTdhNmI1YjIwMzU5MmFiZSIsImVtYWlsIjoibG9hZHRlc3QtMDc1M0BpY2hhbmdlLnRlc3QiLCJyb2xlIjoic3R1ZGVudCIsImlhdCI6MTc3ODE5NTgyNiwiZXhwIjoxNzc4MjAzMDI2fQ.7f6rco9hV7SHwYgIUOmQoFWD7VX9-xiUSGpYGImzqG4,69fd1d6de7a6b5b2035927c5,69fd1d6fe7a6b5b203592abe
eyJhbGciOiJIUzI1NiIsInR5cCI6IkpXVCJ9.eyJpZCI6IjY5ZmQxZDZmZTdhNmI1YjIwMzU5MmFiZiIsImVtYWlsIjoibG9hZHRlc3QtMDc1NEBpY2hhbmdlLnRlc3QiLCJyb2xlIjoic3R1ZGVudCIsImlhdCI6MTc3ODE5NTgyNiwiZXhwIjoxNzc4MjAzMDI2fQ.3aHdZjg5WlGarpPlhgREFOWYmwT58DONz9Bkfl-gbT8,69fd1d6de7a6b5b2035927c5,69fd1d6fe7a6b5b203592abf
eyJhbGciOiJIUzI1NiIsInR5cCI6IkpXVCJ9.eyJpZCI6IjY5ZmQxZDZmZTdhNmI1YjIwMzU5MmFjMCIsImVtYWlsIjoibG9hZHRlc3QtMDc1NUBpY2hhbmdlLnRlc3QiLCJyb2xlIjoic3R1ZGVudCIsImlhdCI6MTc3ODE5NTgyNiwiZXhwIjoxNzc4MjAzMDI2fQ.vBv1BBj-vKAyeMJTjMOxcM5jUDTQPr0IgvesVS9G0Tc,69fd1d6de7a6b5b2035927c5,69fd1d6fe7a6b5b203592ac0
eyJhbGciOiJIUzI1NiIsInR5cCI6IkpXVCJ9.eyJpZCI6IjY5ZmQxZDZmZTdhNmI1YjIwMzU5MmFjMSIsImVtYWlsIjoibG9hZHRlc3QtMDc1NkBpY2hhbmdlLnRlc3QiLCJyb2xlIjoic3R1ZGVudCIsImlhdCI6MTc3ODE5NTgyNiwiZXhwIjoxNzc4MjAzMDI2fQ.RNETgWmBZgitLTCojJKg-yN6lgv81E-kZY1s5xwQAU8,69fd1d6de7a6b5b2035927c5,69fd1d6fe7a6b5b203592ac1
eyJhbGciOiJIUzI1NiIsInR5cCI6IkpXVCJ9.eyJpZCI6IjY5ZmQxZDZmZTdhNmI1YjIwMzU5MmFjMiIsImVtYWlsIjoibG9hZHRlc3QtMDc1N0BpY2hhbmdlLnRlc3QiLCJyb2xlIjoic3R1ZGVudCIsImlhdCI6MTc3ODE5NTgyNiwiZXhwIjoxNzc4MjAzMDI2fQ.JH70j6io9NCS8rOrZDbjc7Ud7OU_oFmj7NdzbNECiWs,69fd1d6de7a6b5b2035927c5,69fd1d6fe7a6b5b203592ac2
eyJhbGciOiJIUzI1NiIsInR5cCI6IkpXVCJ9.eyJpZCI6IjY5ZmQxZDZmZTdhNmI1YjIwMzU5MmFjMyIsImVtYWlsIjoibG9hZHRlc3QtMDc1OEBpY2hhbmdlLnRlc3QiLCJyb2xlIjoic3R1ZGVudCIsImlhdCI6MTc3ODE5NTgyNiwiZXhwIjoxNzc4MjAzMDI2fQ.zzSZWDIbwLTgCIvmnyGHOzAxkwq3G82uNG6wwtlwmNE,69fd1d6de7a6b5b2035927c5,69fd1d6fe7a6b5b203592ac3
eyJhbGciOiJIUzI1NiIsInR5cCI6IkpXVCJ9.eyJpZCI6IjY5ZmQxZDZmZTdhNmI1YjIwMzU5MmFjNCIsImVtYWlsIjoibG9hZHRlc3QtMDc1OUBpY2hhbmdlLnRlc3QiLCJyb2xlIjoic3R1ZGVudCIsImlhdCI6MTc3ODE5NTgyNiwiZXhwIjoxNzc4MjAzMDI2fQ.KPl7FGhR52oT-6bezfhMvKJmEyFkbVvBOxYfuLiVnNY,69fd1d6de7a6b5b2035927c5,69fd1d6fe7a6b5b203592ac4
eyJhbGciOiJIUzI1NiIsInR5cCI6IkpXVCJ9.eyJpZCI6IjY5ZmQxZDZmZTdhNmI1YjIwMzU5MmFjNSIsImVtYWlsIjoibG9hZHRlc3QtMDc2MEBpY2hhbmdlLnRlc3QiLCJyb2xlIjoic3R1ZGVudCIsImlhdCI6MTc3ODE5NTgyNiwiZXhwIjoxNzc4MjAzMDI2fQ.FL-vd7OejA4wAFv45Cl6ORyTPGwyEp9OQzY1K1dWQmo,69fd1d6de7a6b5b2035927c5,69fd1d6fe7a6b5b203592ac5
eyJhbGciOiJIUzI1NiIsInR5cCI6IkpXVCJ9.eyJpZCI6IjY5ZmQxZDZmZTdhNmI1YjIwMzU5MmFjNiIsImVtYWlsIjoibG9hZHRlc3QtMDc2MUBpY2hhbmdlLnRlc3QiLCJyb2xlIjoic3R1ZGVudCIsImlhdCI6MTc3ODE5NTgyNiwiZXhwIjoxNzc4MjAzMDI2fQ.Ezh7iZpqqsSyMNO-MGcCgJjLS-lNYdJgScQTFsEXQDA,69fd1d6de7a6b5b2035927c5,69fd1d6fe7a6b5b203592ac6
eyJhbGciOiJIUzI1NiIsInR5cCI6IkpXVCJ9.eyJpZCI6IjY5ZmQxZDZmZTdhNmI1YjIwMzU5MmFjNyIsImVtYWlsIjoibG9hZHRlc3QtMDc2MkBpY2hhbmdlLnRlc3QiLCJyb2xlIjoic3R1ZGVudCIsImlhdCI6MTc3ODE5NTgyNiwiZXhwIjoxNzc4MjAzMDI2fQ.2vM9O1HGRl8YQUER7rE1224PWTehRcPraSDvqnm9YVc,69fd1d6de7a6b5b2035927c5,69fd1d6fe7a6b5b203592ac7
eyJhbGciOiJIUzI1NiIsInR5cCI6IkpXVCJ9.eyJpZCI6IjY5ZmQxZDZmZTdhNmI1YjIwMzU5MmFjOCIsImVtYWlsIjoibG9hZHRlc3QtMDc2M0BpY2hhbmdlLnRlc3QiLCJyb2xlIjoic3R1ZGVudCIsImlhdCI6MTc3ODE5NTgyNiwiZXhwIjoxNzc4MjAzMDI2fQ.xX5Q4xhCtptQnVGbeVMBaUmxENOaJ9_d_yaZTTbsJsI,69fd1d6de7a6b5b2035927c5,69fd1d6fe7a6b5b203592ac8
eyJhbGciOiJIUzI1NiIsInR5cCI6IkpXVCJ9.eyJpZCI6IjY5ZmQxZDZmZTdhNmI1YjIwMzU5MmFjOSIsImVtYWlsIjoibG9hZHRlc3QtMDc2NEBpY2hhbmdlLnRlc3QiLCJyb2xlIjoic3R1ZGVudCIsImlhdCI6MTc3ODE5NTgyNiwiZXhwIjoxNzc4MjAzMDI2fQ.Lv24GsQA9LzdO3vojQw3xLvlJk16NVnTIkpyKxYrQfU,69fd1d6de7a6b5b2035927c5,69fd1d6fe7a6b5b203592ac9
eyJhbGciOiJIUzI1NiIsInR5cCI6IkpXVCJ9.eyJpZCI6IjY5ZmQxZDZmZTdhNmI1YjIwMzU5MmFjYSIsImVtYWlsIjoibG9hZHRlc3QtMDc2NUBpY2hhbmdlLnRlc3QiLCJyb2xlIjoic3R1ZGVudCIsImlhdCI6MTc3ODE5NTgyNiwiZXhwIjoxNzc4MjAzMDI2fQ.HNWuQPnKWPBOKKZjRue8C1KUuViHUpmtqz8DV0A-vZU,69fd1d6de7a6b5b2035927c5,69fd1d6fe7a6b5b203592aca
eyJhbGciOiJIUzI1NiIsInR5cCI6IkpXVCJ9.eyJpZCI6IjY5ZmQxZDZmZTdhNmI1YjIwMzU5MmFjYiIsImVtYWlsIjoibG9hZHRlc3QtMDc2NkBpY2hhbmdlLnRlc3QiLCJyb2xlIjoic3R1ZGVudCIsImlhdCI6MTc3ODE5NTgyNiwiZXhwIjoxNzc4MjAzMDI2fQ.ew9Up3b74kXWStqQL9dl05wR-CrdMoePJv9L1pz3FZ4,69fd1d6de7a6b5b2035927c5,69fd1d6fe7a6b5b203592acb
eyJhbGciOiJIUzI1NiIsInR5cCI6IkpXVCJ9.eyJpZCI6IjY5ZmQxZDZmZTdhNmI1YjIwMzU5MmFjYyIsImVtYWlsIjoibG9hZHRlc3QtMDc2N0BpY2hhbmdlLnRlc3QiLCJyb2xlIjoic3R1ZGVudCIsImlhdCI6MTc3ODE5NTgyNiwiZXhwIjoxNzc4MjAzMDI2fQ.tD2STmydYrOHxPG3w-qS0wl872fEkMhWIrAyBW_f4C0,69fd1d6de7a6b5b2035927c5,69fd1d6fe7a6b5b203592acc
eyJhbGciOiJIUzI1NiIsInR5cCI6IkpXVCJ9.eyJpZCI6IjY5ZmQxZDZmZTdhNmI1YjIwMzU5MmFjZCIsImVtYWlsIjoibG9hZHRlc3QtMDc2OEBpY2hhbmdlLnRlc3QiLCJyb2xlIjoic3R1ZGVudCIsImlhdCI6MTc3ODE5NTgyNiwiZXhwIjoxNzc4MjAzMDI2fQ.H5NJHJ_a55vsf0wscGZa2Z29J9zWL2UnKDEBqotYB9Y,69fd1d6de7a6b5b2035927c5,69fd1d6fe7a6b5b203592acd
eyJhbGciOiJIUzI1NiIsInR5cCI6IkpXVCJ9.eyJpZCI6IjY5ZmQxZDZmZTdhNmI1YjIwMzU5MmFjZSIsImVtYWlsIjoibG9hZHRlc3QtMDc2OUBpY2hhbmdlLnRlc3QiLCJyb2xlIjoic3R1ZGVudCIsImlhdCI6MTc3ODE5NTgyNiwiZXhwIjoxNzc4MjAzMDI2fQ.k5DNnSxC2BGTYmmxeDTndyuDlKSfEepu1p8Xlo_Wul8,69fd1d6de7a6b5b2035927c5,69fd1d6fe7a6b5b203592ace
eyJhbGciOiJIUzI1NiIsInR5cCI6IkpXVCJ9.eyJpZCI6IjY5ZmQxZDZmZTdhNmI1YjIwMzU5MmFjZiIsImVtYWlsIjoibG9hZHRlc3QtMDc3MEBpY2hhbmdlLnRlc3QiLCJyb2xlIjoic3R1ZGVudCIsImlhdCI6MTc3ODE5NTgyNiwiZXhwIjoxNzc4MjAzMDI2fQ.O43DPSla7rzIhObI4255hkuVGpuoI78AhSZjnTMT70s,69fd1d6de7a6b5b2035927c5,69fd1d6fe7a6b5b203592acf
eyJhbGciOiJIUzI1NiIsInR5cCI6IkpXVCJ9.eyJpZCI6IjY5ZmQxZDZmZTdhNmI1YjIwMzU5MmFkMCIsImVtYWlsIjoibG9hZHRlc3QtMDc3MUBpY2hhbmdlLnRlc3QiLCJyb2xlIjoic3R1ZGVudCIsImlhdCI6MTc3ODE5NTgyNiwiZXhwIjoxNzc4MjAzMDI2fQ.R6U_ZcA6k4oXQC1Ae-2ugY7ZyYjImkFxlMpSuw9n3lY,69fd1d6de7a6b5b2035927c5,69fd1d6fe7a6b5b203592ad0
eyJhbGciOiJIUzI1NiIsInR5cCI6IkpXVCJ9.eyJpZCI6IjY5ZmQxZDZmZTdhNmI1YjIwMzU5MmFkMSIsImVtYWlsIjoibG9hZHRlc3QtMDc3MkBpY2hhbmdlLnRlc3QiLCJyb2xlIjoic3R1ZGVudCIsImlhdCI6MTc3ODE5NTgyNiwiZXhwIjoxNzc4MjAzMDI2fQ.5XCDLNge-XTgIsmT6UVKLRl_ot3q1xOzbK1h1TMyBXM,69fd1d6de7a6b5b2035927c5,69fd1d6fe7a6b5b203592ad1
eyJhbGciOiJIUzI1NiIsInR5cCI6IkpXVCJ9.eyJpZCI6IjY5ZmQxZDZmZTdhNmI1YjIwMzU5MmFkMiIsImVtYWlsIjoibG9hZHRlc3QtMDc3M0BpY2hhbmdlLnRlc3QiLCJyb2xlIjoic3R1ZGVudCIsImlhdCI6MTc3ODE5NTgyNiwiZXhwIjoxNzc4MjAzMDI2fQ.4QVE62yjNE8i42LsG5QYyfuLnXuxgp36LhOIyZwdtHA,69fd1d6de7a6b5b2035927c5,69fd1d6fe7a6b5b203592ad2
eyJhbGciOiJIUzI1NiIsInR5cCI6IkpXVCJ9.eyJpZCI6IjY5ZmQxZDZmZTdhNmI1YjIwMzU5MmFkMyIsImVtYWlsIjoibG9hZHRlc3QtMDc3NEBpY2hhbmdlLnRlc3QiLCJyb2xlIjoic3R1ZGVudCIsImlhdCI6MTc3ODE5NTgyNiwiZXhwIjoxNzc4MjAzMDI2fQ.gzjhKJRSNuw5QH4-5wYoub4f2juHxUVtiGp0MXH3FBw,69fd1d6de7a6b5b2035927c5,69fd1d6fe7a6b5b203592ad3
eyJhbGciOiJIUzI1NiIsInR5cCI6IkpXVCJ9.eyJpZCI6IjY5ZmQxZDZmZTdhNmI1YjIwMzU5MmFkNCIsImVtYWlsIjoibG9hZHRlc3QtMDc3NUBpY2hhbmdlLnRlc3QiLCJyb2xlIjoic3R1ZGVudCIsImlhdCI6MTc3ODE5NTgyNiwiZXhwIjoxNzc4MjAzMDI2fQ.XA8xU_NG34ZQcZf-h552oEF0a-3OeSh-i96cqQ-aYH4,69fd1d6de7a6b5b2035927c5,69fd1d6fe7a6b5b203592ad4
eyJhbGciOiJIUzI1NiIsInR5cCI6IkpXVCJ9.eyJpZCI6IjY5ZmQxZDZmZTdhNmI1YjIwMzU5MmFkNSIsImVtYWlsIjoibG9hZHRlc3QtMDc3NkBpY2hhbmdlLnRlc3QiLCJyb2xlIjoic3R1ZGVudCIsImlhdCI6MTc3ODE5NTgyNiwiZXhwIjoxNzc4MjAzMDI2fQ.0xpBaWtYyyP7m7eG9Szuswgsfbwf7Sp_HfE3o8qzVV0,69fd1d6de7a6b5b2035927c5,69fd1d6fe7a6b5b203592ad5
eyJhbGciOiJIUzI1NiIsInR5cCI6IkpXVCJ9.eyJpZCI6IjY5ZmQxZDZmZTdhNmI1YjIwMzU5MmFkNiIsImVtYWlsIjoibG9hZHRlc3QtMDc3N0BpY2hhbmdlLnRlc3QiLCJyb2xlIjoic3R1ZGVudCIsImlhdCI6MTc3ODE5NTgyNiwiZXhwIjoxNzc4MjAzMDI2fQ.meVc2Tp9UV80vT5Y7AcqXUxQTZ-jY88ydsN9ltociZw,69fd1d6de7a6b5b2035927c5,69fd1d6fe7a6b5b203592ad6
eyJhbGciOiJIUzI1NiIsInR5cCI6IkpXVCJ9.eyJpZCI6IjY5ZmQxZDZmZTdhNmI1YjIwMzU5MmFkNyIsImVtYWlsIjoibG9hZHRlc3QtMDc3OEBpY2hhbmdlLnRlc3QiLCJyb2xlIjoic3R1ZGVudCIsImlhdCI6MTc3ODE5NTgyNiwiZXhwIjoxNzc4MjAzMDI2fQ.N2T3AcfQn2fFXIqwlMRSWjbsnoM83ob1XR08PTHIt7k,69fd1d6de7a6b5b2035927c5,69fd1d6fe7a6b5b203592ad7
eyJhbGciOiJIUzI1NiIsInR5cCI6IkpXVCJ9.eyJpZCI6IjY5ZmQxZDZmZTdhNmI1YjIwMzU5MmFkOCIsImVtYWlsIjoibG9hZHRlc3QtMDc3OUBpY2hhbmdlLnRlc3QiLCJyb2xlIjoic3R1ZGVudCIsImlhdCI6MTc3ODE5NTgyNiwiZXhwIjoxNzc4MjAzMDI2fQ.tS-iSkGJQpV_tbPfc2fPodmN1vSaH9dJ6rjhbCmD7Ms,69fd1d6de7a6b5b2035927c5,69fd1d6fe7a6b5b203592ad8
eyJhbGciOiJIUzI1NiIsInR5cCI6IkpXVCJ9.eyJpZCI6IjY5ZmQxZDZmZTdhNmI1YjIwMzU5MmFkOSIsImVtYWlsIjoibG9hZHRlc3QtMDc4MEBpY2hhbmdlLnRlc3QiLCJyb2xlIjoic3R1ZGVudCIsImlhdCI6MTc3ODE5NTgyNiwiZXhwIjoxNzc4MjAzMDI2fQ.biMR5d1em_LYchg-gFW2479r07ktaSkmJ-GCT9zxHwA,69fd1d6de7a6b5b2035927c5,69fd1d6fe7a6b5b203592ad9
eyJhbGciOiJIUzI1NiIsInR5cCI6IkpXVCJ9.eyJpZCI6IjY5ZmQxZDZmZTdhNmI1YjIwMzU5MmFkYSIsImVtYWlsIjoibG9hZHRlc3QtMDc4MUBpY2hhbmdlLnRlc3QiLCJyb2xlIjoic3R1ZGVudCIsImlhdCI6MTc3ODE5NTgyNiwiZXhwIjoxNzc4MjAzMDI2fQ.RF0IvVpY0NZ6WEuLdyptfqjiiuP0WNnJPehBxurDHzI,69fd1d6de7a6b5b2035927c5,69fd1d6fe7a6b5b203592ada
eyJhbGciOiJIUzI1NiIsInR5cCI6IkpXVCJ9.eyJpZCI6IjY5ZmQxZDZmZTdhNmI1YjIwMzU5MmFkYiIsImVtYWlsIjoibG9hZHRlc3QtMDc4MkBpY2hhbmdlLnRlc3QiLCJyb2xlIjoic3R1ZGVudCIsImlhdCI6MTc3ODE5NTgyNiwiZXhwIjoxNzc4MjAzMDI2fQ.1a32fWGp4MK3Mmf0SJF3wzMmLrMegf7Y8aRzG_1UL1U,69fd1d6de7a6b5b2035927c5,69fd1d6fe7a6b5b203592adb
eyJhbGciOiJIUzI1NiIsInR5cCI6IkpXVCJ9.eyJpZCI6IjY5ZmQxZDZmZTdhNmI1YjIwMzU5MmFkYyIsImVtYWlsIjoibG9hZHRlc3QtMDc4M0BpY2hhbmdlLnRlc3QiLCJyb2xlIjoic3R1ZGVudCIsImlhdCI6MTc3ODE5NTgyNiwiZXhwIjoxNzc4MjAzMDI2fQ.HH7yr6dv3Q_tTFbU8s7hSdDsllgW5S4JbHuLI6IfH5g,69fd1d6de7a6b5b2035927c5,69fd1d6fe7a6b5b203592adc
eyJhbGciOiJIUzI1NiIsInR5cCI6IkpXVCJ9.eyJpZCI6IjY5ZmQxZDZmZTdhNmI1YjIwMzU5MmFkZCIsImVtYWlsIjoibG9hZHRlc3QtMDc4NEBpY2hhbmdlLnRlc3QiLCJyb2xlIjoic3R1ZGVudCIsImlhdCI6MTc3ODE5NTgyNiwiZXhwIjoxNzc4MjAzMDI2fQ.J-T4q3ISidJbZ7zOb29s6LSBJKnORXbcjvS0S8Tua5U,69fd1d6de7a6b5b2035927c5,69fd1d6fe7a6b5b203592add
eyJhbGciOiJIUzI1NiIsInR5cCI6IkpXVCJ9.eyJpZCI6IjY5ZmQxZDZmZTdhNmI1YjIwMzU5MmFkZSIsImVtYWlsIjoibG9hZHRlc3QtMDc4NUBpY2hhbmdlLnRlc3QiLCJyb2xlIjoic3R1ZGVudCIsImlhdCI6MTc3ODE5NTgyNiwiZXhwIjoxNzc4MjAzMDI2fQ.NBShfd21teCkiRFDCtRyrGCHZm8-qk0v3Fj9bMfIJOI,69fd1d6de7a6b5b2035927c5,69fd1d6fe7a6b5b203592ade
eyJhbGciOiJIUzI1NiIsInR5cCI6IkpXVCJ9.eyJpZCI6IjY5ZmQxZDZmZTdhNmI1YjIwMzU5MmFkZiIsImVtYWlsIjoibG9hZHRlc3QtMDc4NkBpY2hhbmdlLnRlc3QiLCJyb2xlIjoic3R1ZGVudCIsImlhdCI6MTc3ODE5NTgyNiwiZXhwIjoxNzc4MjAzMDI2fQ.W_yk5-NehHmptc3ogWn9eFAiGTdgDOoo9eWnN829WbM,69fd1d6de7a6b5b2035927c5,69fd1d6fe7a6b5b203592adf
eyJhbGciOiJIUzI1NiIsInR5cCI6IkpXVCJ9.eyJpZCI6IjY5ZmQxZDZmZTdhNmI1YjIwMzU5MmFlMCIsImVtYWlsIjoibG9hZHRlc3QtMDc4N0BpY2hhbmdlLnRlc3QiLCJyb2xlIjoic3R1ZGVudCIsImlhdCI6MTc3ODE5NTgyNiwiZXhwIjoxNzc4MjAzMDI2fQ.59IKzsrtYvZjxiznWUuQpKwbT_IV17NnFfAf8uddK4c,69fd1d6de7a6b5b2035927c5,69fd1d6fe7a6b5b203592ae0
eyJhbGciOiJIUzI1NiIsInR5cCI6IkpXVCJ9.eyJpZCI6IjY5ZmQxZDZmZTdhNmI1YjIwMzU5MmFlMSIsImVtYWlsIjoibG9hZHRlc3QtMDc4OEBpY2hhbmdlLnRlc3QiLCJyb2xlIjoic3R1ZGVudCIsImlhdCI6MTc3ODE5NTgyNywiZXhwIjoxNzc4MjAzMDI3fQ.YlD9rN1JweneC-KbGxFVt08y454MQ4bPTPrb5_dVNF4,69fd1d6de7a6b5b2035927c5,69fd1d6fe7a6b5b203592ae1
eyJhbGciOiJIUzI1NiIsInR5cCI6IkpXVCJ9.eyJpZCI6IjY5ZmQxZDZmZTdhNmI1YjIwMzU5MmFlMiIsImVtYWlsIjoibG9hZHRlc3QtMDc4OUBpY2hhbmdlLnRlc3QiLCJyb2xlIjoic3R1ZGVudCIsImlhdCI6MTc3ODE5NTgyNywiZXhwIjoxNzc4MjAzMDI3fQ.qC8MRCHC8wKSMsXDVwrLlJNzXmAir_M9jGwVeIyFJzA,69fd1d6de7a6b5b2035927c5,69fd1d6fe7a6b5b203592ae2
eyJhbGciOiJIUzI1NiIsInR5cCI6IkpXVCJ9.eyJpZCI6IjY5ZmQxZDZmZTdhNmI1YjIwMzU5MmFlMyIsImVtYWlsIjoibG9hZHRlc3QtMDc5MEBpY2hhbmdlLnRlc3QiLCJyb2xlIjoic3R1ZGVudCIsImlhdCI6MTc3ODE5NTgyNywiZXhwIjoxNzc4MjAzMDI3fQ.8vzcSYOEAZV6dU0FRvGsz7i1WI4XAVm5p0oTRCHUX2w,69fd1d6de7a6b5b2035927c5,69fd1d6fe7a6b5b203592ae3
eyJhbGciOiJIUzI1NiIsInR5cCI6IkpXVCJ9.eyJpZCI6IjY5ZmQxZDZmZTdhNmI1YjIwMzU5MmFlNCIsImVtYWlsIjoibG9hZHRlc3QtMDc5MUBpY2hhbmdlLnRlc3QiLCJyb2xlIjoic3R1ZGVudCIsImlhdCI6MTc3ODE5NTgyNywiZXhwIjoxNzc4MjAzMDI3fQ.RP-50VZruYm4ITaj_9LFLG0riU6uaDs7DB-XTltLtoc,69fd1d6de7a6b5b2035927c5,69fd1d6fe7a6b5b203592ae4
eyJhbGciOiJIUzI1NiIsInR5cCI6IkpXVCJ9.eyJpZCI6IjY5ZmQxZDZmZTdhNmI1YjIwMzU5MmFlNSIsImVtYWlsIjoibG9hZHRlc3QtMDc5MkBpY2hhbmdlLnRlc3QiLCJyb2xlIjoic3R1ZGVudCIsImlhdCI6MTc3ODE5NTgyNywiZXhwIjoxNzc4MjAzMDI3fQ.WXJOpl6sDjMcV4Ba6RYl6y4MNhlOkTgoyvpq_Jbtdao,69fd1d6de7a6b5b2035927c5,69fd1d6fe7a6b5b203592ae5
eyJhbGciOiJIUzI1NiIsInR5cCI6IkpXVCJ9.eyJpZCI6IjY5ZmQxZDZmZTdhNmI1YjIwMzU5MmFlNiIsImVtYWlsIjoibG9hZHRlc3QtMDc5M0BpY2hhbmdlLnRlc3QiLCJyb2xlIjoic3R1ZGVudCIsImlhdCI6MTc3ODE5NTgyNywiZXhwIjoxNzc4MjAzMDI3fQ.d79yt12IpAAYO1MqQt9n4nAcd0xWLSum06jCO_ypkrA,69fd1d6de7a6b5b2035927c5,69fd1d6fe7a6b5b203592ae6
eyJhbGciOiJIUzI1NiIsInR5cCI6IkpXVCJ9.eyJpZCI6IjY5ZmQxZDZmZTdhNmI1YjIwMzU5MmFlNyIsImVtYWlsIjoibG9hZHRlc3QtMDc5NEBpY2hhbmdlLnRlc3QiLCJyb2xlIjoic3R1ZGVudCIsImlhdCI6MTc3ODE5NTgyNywiZXhwIjoxNzc4MjAzMDI3fQ.q987dMyNNE12LgZr1KEDyduoQfAlPkEtGCXHAisviyA,69fd1d6de7a6b5b2035927c5,69fd1d6fe7a6b5b203592ae7
eyJhbGciOiJIUzI1NiIsInR5cCI6IkpXVCJ9.eyJpZCI6IjY5ZmQxZDZmZTdhNmI1YjIwMzU5MmFlOCIsImVtYWlsIjoibG9hZHRlc3QtMDc5NUBpY2hhbmdlLnRlc3QiLCJyb2xlIjoic3R1ZGVudCIsImlhdCI6MTc3ODE5NTgyNywiZXhwIjoxNzc4MjAzMDI3fQ.FS5fEJhYg7_WlVuDVERrNh6NHNY9ukdN8T46gtNWdXM,69fd1d6de7a6b5b2035927c5,69fd1d6fe7a6b5b203592ae8
eyJhbGciOiJIUzI1NiIsInR5cCI6IkpXVCJ9.eyJpZCI6IjY5ZmQxZDZmZTdhNmI1YjIwMzU5MmFlOSIsImVtYWlsIjoibG9hZHRlc3QtMDc5NkBpY2hhbmdlLnRlc3QiLCJyb2xlIjoic3R1ZGVudCIsImlhdCI6MTc3ODE5NTgyNywiZXhwIjoxNzc4MjAzMDI3fQ.1CUF4rukHjtq6V1s8EjCShIjysIhoICPJjmCmm0CVcc,69fd1d6de7a6b5b2035927c5,69fd1d6fe7a6b5b203592ae9
eyJhbGciOiJIUzI1NiIsInR5cCI6IkpXVCJ9.eyJpZCI6IjY5ZmQxZDZmZTdhNmI1YjIwMzU5MmFlYSIsImVtYWlsIjoibG9hZHRlc3QtMDc5N0BpY2hhbmdlLnRlc3QiLCJyb2xlIjoic3R1ZGVudCIsImlhdCI6MTc3ODE5NTgyNywiZXhwIjoxNzc4MjAzMDI3fQ.kiIu0uxhHzjBQQw4tlrgCajL0PK698NUYV7xKOkDtWs,69fd1d6de7a6b5b2035927c5,69fd1d6fe7a6b5b203592aea
eyJhbGciOiJIUzI1NiIsInR5cCI6IkpXVCJ9.eyJpZCI6IjY5ZmQxZDZmZTdhNmI1YjIwMzU5MmFlYiIsImVtYWlsIjoibG9hZHRlc3QtMDc5OEBpY2hhbmdlLnRlc3QiLCJyb2xlIjoic3R1ZGVudCIsImlhdCI6MTc3ODE5NTgyNywiZXhwIjoxNzc4MjAzMDI3fQ.LNUNxVzmQKYrqfLr1LQBK5CT6BiJ7FimnBg1GIW5Xo0,69fd1d6de7a6b5b2035927c5,69fd1d6fe7a6b5b203592aeb
eyJhbGciOiJIUzI1NiIsInR5cCI6IkpXVCJ9.eyJpZCI6IjY5ZmQxZDZmZTdhNmI1YjIwMzU5MmFlYyIsImVtYWlsIjoibG9hZHRlc3QtMDc5OUBpY2hhbmdlLnRlc3QiLCJyb2xlIjoic3R1ZGVudCIsImlhdCI6MTc3ODE5NTgyNywiZXhwIjoxNzc4MjAzMDI3fQ.S2F8DyG43Qt6n4m4mJj7kPe4ezkbNrM_pexn5pGMTnU,69fd1d6de7a6b5b2035927c5,69fd1d6fe7a6b5b203592aec
eyJhbGciOiJIUzI1NiIsInR5cCI6IkpXVCJ9.eyJpZCI6IjY5ZmQxZDZmZTdhNmI1YjIwMzU5MmFlZCIsImVtYWlsIjoibG9hZHRlc3QtMDgwMEBpY2hhbmdlLnRlc3QiLCJyb2xlIjoic3R1ZGVudCIsImlhdCI6MTc3ODE5NTgyNywiZXhwIjoxNzc4MjAzMDI3fQ.GjhqwEgDTNIhUNWciWtRCmF2AzB8iuhGnLU-QH0ZAQM,69fd1d6de7a6b5b2035927c5,69fd1d6fe7a6b5b203592aed
eyJhbGciOiJIUzI1NiIsInR5cCI6IkpXVCJ9.eyJpZCI6IjY5ZmQxZDczZTdhNmI1YjIwMzU5MmFlZiIsImVtYWlsIjoibG9hZHRlc3QtMDgwMUBpY2hhbmdlLnRlc3QiLCJyb2xlIjoic3R1ZGVudCIsImlhdCI6MTc3ODE5NTgyNywiZXhwIjoxNzc4MjAzMDI3fQ.ZQL6Y9GQOVidlgUCy_nwvfrB8KYjmCiiMhuBDmmE4fk,69fd1d6de7a6b5b2035927c5,69fd1d73e7a6b5b203592aef
eyJhbGciOiJIUzI1NiIsInR5cCI6IkpXVCJ9.eyJpZCI6IjY5ZmQxZDczZTdhNmI1YjIwMzU5MmFmMCIsImVtYWlsIjoibG9hZHRlc3QtMDgwMkBpY2hhbmdlLnRlc3QiLCJyb2xlIjoic3R1ZGVudCIsImlhdCI6MTc3ODE5NTgyNywiZXhwIjoxNzc4MjAzMDI3fQ.eSSSvw1usBMRXxf7QmkZrMNju4-o93IVoodzNAOyyWE,69fd1d6de7a6b5b2035927c5,69fd1d73e7a6b5b203592af0
eyJhbGciOiJIUzI1NiIsInR5cCI6IkpXVCJ9.eyJpZCI6IjY5ZmQxZDczZTdhNmI1YjIwMzU5MmFmMSIsImVtYWlsIjoibG9hZHRlc3QtMDgwM0BpY2hhbmdlLnRlc3QiLCJyb2xlIjoic3R1ZGVudCIsImlhdCI6MTc3ODE5NTgyNywiZXhwIjoxNzc4MjAzMDI3fQ.sFS9IAaKw07-aw-Rpc925o5aLB7oMQ9I6oUe5D1vuRE,69fd1d6de7a6b5b2035927c5,69fd1d73e7a6b5b203592af1
eyJhbGciOiJIUzI1NiIsInR5cCI6IkpXVCJ9.eyJpZCI6IjY5ZmQxZDczZTdhNmI1YjIwMzU5MmFmMiIsImVtYWlsIjoibG9hZHRlc3QtMDgwNEBpY2hhbmdlLnRlc3QiLCJyb2xlIjoic3R1ZGVudCIsImlhdCI6MTc3ODE5NTgyNywiZXhwIjoxNzc4MjAzMDI3fQ.t2JS8BxIcD-SyYdBk5xfpdkttjRf_EA2gtdGoNbpqFQ,69fd1d6de7a6b5b2035927c5,69fd1d73e7a6b5b203592af2
eyJhbGciOiJIUzI1NiIsInR5cCI6IkpXVCJ9.eyJpZCI6IjY5ZmQxZDczZTdhNmI1YjIwMzU5MmFmMyIsImVtYWlsIjoibG9hZHRlc3QtMDgwNUBpY2hhbmdlLnRlc3QiLCJyb2xlIjoic3R1ZGVudCIsImlhdCI6MTc3ODE5NTgyNywiZXhwIjoxNzc4MjAzMDI3fQ.OWMmEMlRM3PbIXKsxcXEhOc7mzBANqMtyY6B0rLYf9U,69fd1d6de7a6b5b2035927c5,69fd1d73e7a6b5b203592af3
eyJhbGciOiJIUzI1NiIsInR5cCI6IkpXVCJ9.eyJpZCI6IjY5ZmQxZDczZTdhNmI1YjIwMzU5MmFmNCIsImVtYWlsIjoibG9hZHRlc3QtMDgwNkBpY2hhbmdlLnRlc3QiLCJyb2xlIjoic3R1ZGVudCIsImlhdCI6MTc3ODE5NTgyNywiZXhwIjoxNzc4MjAzMDI3fQ.VcaqMQSQDy03yGpzGsrN9YzY-XDmeULuj9ljB05ear4,69fd1d6de7a6b5b2035927c5,69fd1d73e7a6b5b203592af4
eyJhbGciOiJIUzI1NiIsInR5cCI6IkpXVCJ9.eyJpZCI6IjY5ZmQxZDczZTdhNmI1YjIwMzU5MmFmNSIsImVtYWlsIjoibG9hZHRlc3QtMDgwN0BpY2hhbmdlLnRlc3QiLCJyb2xlIjoic3R1ZGVudCIsImlhdCI6MTc3ODE5NTgyNywiZXhwIjoxNzc4MjAzMDI3fQ.ZqLyxynzdMDOm6annQoujSJTtjHnlrlK1Slmsmj5xl4,69fd1d6de7a6b5b2035927c5,69fd1d73e7a6b5b203592af5
eyJhbGciOiJIUzI1NiIsInR5cCI6IkpXVCJ9.eyJpZCI6IjY5ZmQxZDczZTdhNmI1YjIwMzU5MmFmNiIsImVtYWlsIjoibG9hZHRlc3QtMDgwOEBpY2hhbmdlLnRlc3QiLCJyb2xlIjoic3R1ZGVudCIsImlhdCI6MTc3ODE5NTgyNywiZXhwIjoxNzc4MjAzMDI3fQ.VihKKbjJKADnnHlOJ5mUz2qfvkTU-zwmXoTNamysQ3U,69fd1d6de7a6b5b2035927c5,69fd1d73e7a6b5b203592af6
eyJhbGciOiJIUzI1NiIsInR5cCI6IkpXVCJ9.eyJpZCI6IjY5ZmQxZDczZTdhNmI1YjIwMzU5MmFmNyIsImVtYWlsIjoibG9hZHRlc3QtMDgwOUBpY2hhbmdlLnRlc3QiLCJyb2xlIjoic3R1ZGVudCIsImlhdCI6MTc3ODE5NTgyNywiZXhwIjoxNzc4MjAzMDI3fQ.BGe7FjcbuSZmkDokpeeUzV9QHudAHVqpp-suGDUwGCs,69fd1d6de7a6b5b2035927c5,69fd1d73e7a6b5b203592af7
eyJhbGciOiJIUzI1NiIsInR5cCI6IkpXVCJ9.eyJpZCI6IjY5ZmQxZDczZTdhNmI1YjIwMzU5MmFmOCIsImVtYWlsIjoibG9hZHRlc3QtMDgxMEBpY2hhbmdlLnRlc3QiLCJyb2xlIjoic3R1ZGVudCIsImlhdCI6MTc3ODE5NTgyNywiZXhwIjoxNzc4MjAzMDI3fQ.tC7lCmBqzXXiJExm6SKsH2gL-fqPCQ2zISjhE-MNF78,69fd1d6de7a6b5b2035927c5,69fd1d73e7a6b5b203592af8
eyJhbGciOiJIUzI1NiIsInR5cCI6IkpXVCJ9.eyJpZCI6IjY5ZmQxZDczZTdhNmI1YjIwMzU5MmFmOSIsImVtYWlsIjoibG9hZHRlc3QtMDgxMUBpY2hhbmdlLnRlc3QiLCJyb2xlIjoic3R1ZGVudCIsImlhdCI6MTc3ODE5NTgyNywiZXhwIjoxNzc4MjAzMDI3fQ.5ysnnRhf_OUC2qx4A9nV-TDNdZ59XA83ngdjcLkpkkE,69fd1d6de7a6b5b2035927c5,69fd1d73e7a6b5b203592af9
eyJhbGciOiJIUzI1NiIsInR5cCI6IkpXVCJ9.eyJpZCI6IjY5ZmQxZDczZTdhNmI1YjIwMzU5MmFmYSIsImVtYWlsIjoibG9hZHRlc3QtMDgxMkBpY2hhbmdlLnRlc3QiLCJyb2xlIjoic3R1ZGVudCIsImlhdCI6MTc3ODE5NTgyNywiZXhwIjoxNzc4MjAzMDI3fQ.cXhWhsR3MzWd1UFWRfW_ESyq0J3LY2IMmNwGwaszy6Y,69fd1d6de7a6b5b2035927c5,69fd1d73e7a6b5b203592afa
eyJhbGciOiJIUzI1NiIsInR5cCI6IkpXVCJ9.eyJpZCI6IjY5ZmQxZDczZTdhNmI1YjIwMzU5MmFmYiIsImVtYWlsIjoibG9hZHRlc3QtMDgxM0BpY2hhbmdlLnRlc3QiLCJyb2xlIjoic3R1ZGVudCIsImlhdCI6MTc3ODE5NTgyNywiZXhwIjoxNzc4MjAzMDI3fQ.DSbP4kOTHgsth2Z2roje68DSGXpUcm93OpFul1bFS48,69fd1d6de7a6b5b2035927c5,69fd1d73e7a6b5b203592afb
eyJhbGciOiJIUzI1NiIsInR5cCI6IkpXVCJ9.eyJpZCI6IjY5ZmQxZDczZTdhNmI1YjIwMzU5MmFmYyIsImVtYWlsIjoibG9hZHRlc3QtMDgxNEBpY2hhbmdlLnRlc3QiLCJyb2xlIjoic3R1ZGVudCIsImlhdCI6MTc3ODE5NTgyNywiZXhwIjoxNzc4MjAzMDI3fQ.ajzkrRRlRXngk0YuXzwydhfimio8KP7fiO0KC-5DPVk,69fd1d6de7a6b5b2035927c5,69fd1d73e7a6b5b203592afc
eyJhbGciOiJIUzI1NiIsInR5cCI6IkpXVCJ9.eyJpZCI6IjY5ZmQxZDczZTdhNmI1YjIwMzU5MmFmZCIsImVtYWlsIjoibG9hZHRlc3QtMDgxNUBpY2hhbmdlLnRlc3QiLCJyb2xlIjoic3R1ZGVudCIsImlhdCI6MTc3ODE5NTgyNywiZXhwIjoxNzc4MjAzMDI3fQ.Z31Kh9IZG3W2OFkm9Hi3UWFiSHRnzaCrz8ORN70Ielk,69fd1d6de7a6b5b2035927c5,69fd1d73e7a6b5b203592afd
eyJhbGciOiJIUzI1NiIsInR5cCI6IkpXVCJ9.eyJpZCI6IjY5ZmQxZDczZTdhNmI1YjIwMzU5MmFmZSIsImVtYWlsIjoibG9hZHRlc3QtMDgxNkBpY2hhbmdlLnRlc3QiLCJyb2xlIjoic3R1ZGVudCIsImlhdCI6MTc3ODE5NTgyNywiZXhwIjoxNzc4MjAzMDI3fQ.W6kPgLTQru8GafoI-tFAsUXtH0ISN_CY3TSGn0R7cUA,69fd1d6de7a6b5b2035927c5,69fd1d73e7a6b5b203592afe
eyJhbGciOiJIUzI1NiIsInR5cCI6IkpXVCJ9.eyJpZCI6IjY5ZmQxZDczZTdhNmI1YjIwMzU5MmFmZiIsImVtYWlsIjoibG9hZHRlc3QtMDgxN0BpY2hhbmdlLnRlc3QiLCJyb2xlIjoic3R1ZGVudCIsImlhdCI6MTc3ODE5NTgyNywiZXhwIjoxNzc4MjAzMDI3fQ.W7LWs_btKkIi-BivxQxiGV5o2qRUAEoWNgD-_G2-KhI,69fd1d6de7a6b5b2035927c5,69fd1d73e7a6b5b203592aff
eyJhbGciOiJIUzI1NiIsInR5cCI6IkpXVCJ9.eyJpZCI6IjY5ZmQxZDczZTdhNmI1YjIwMzU5MmIwMCIsImVtYWlsIjoibG9hZHRlc3QtMDgxOEBpY2hhbmdlLnRlc3QiLCJyb2xlIjoic3R1ZGVudCIsImlhdCI6MTc3ODE5NTgyNywiZXhwIjoxNzc4MjAzMDI3fQ.PRhqLuRe1SP_MlYUrBdEGxdGGNogvP6ekSTlwMulPMc,69fd1d6de7a6b5b2035927c5,69fd1d73e7a6b5b203592b00
eyJhbGciOiJIUzI1NiIsInR5cCI6IkpXVCJ9.eyJpZCI6IjY5ZmQxZDczZTdhNmI1YjIwMzU5MmIwMSIsImVtYWlsIjoibG9hZHRlc3QtMDgxOUBpY2hhbmdlLnRlc3QiLCJyb2xlIjoic3R1ZGVudCIsImlhdCI6MTc3ODE5NTgyNywiZXhwIjoxNzc4MjAzMDI3fQ.mauezEZGz5FQ2jAp2CJPKVKPEa0Zidolid3eUYldz7Y,69fd1d6de7a6b5b2035927c5,69fd1d73e7a6b5b203592b01
eyJhbGciOiJIUzI1NiIsInR5cCI6IkpXVCJ9.eyJpZCI6IjY5ZmQxZDczZTdhNmI1YjIwMzU5MmIwMiIsImVtYWlsIjoibG9hZHRlc3QtMDgyMEBpY2hhbmdlLnRlc3QiLCJyb2xlIjoic3R1ZGVudCIsImlhdCI6MTc3ODE5NTgyNywiZXhwIjoxNzc4MjAzMDI3fQ.pQn0MDF4h4xeRwVd7ezGRMd8oEaQfpwFcWeo2zGg5WM,69fd1d6de7a6b5b2035927c5,69fd1d73e7a6b5b203592b02
eyJhbGciOiJIUzI1NiIsInR5cCI6IkpXVCJ9.eyJpZCI6IjY5ZmQxZDczZTdhNmI1YjIwMzU5MmIwMyIsImVtYWlsIjoibG9hZHRlc3QtMDgyMUBpY2hhbmdlLnRlc3QiLCJyb2xlIjoic3R1ZGVudCIsImlhdCI6MTc3ODE5NTgyNywiZXhwIjoxNzc4MjAzMDI3fQ.ljuvZPRuOL3Vy_RPQEsdpHbm7__NeIkWPontL-fdMyQ,69fd1d6de7a6b5b2035927c5,69fd1d73e7a6b5b203592b03
eyJhbGciOiJIUzI1NiIsInR5cCI6IkpXVCJ9.eyJpZCI6IjY5ZmQxZDczZTdhNmI1YjIwMzU5MmIwNCIsImVtYWlsIjoibG9hZHRlc3QtMDgyMkBpY2hhbmdlLnRlc3QiLCJyb2xlIjoic3R1ZGVudCIsImlhdCI6MTc3ODE5NTgyNywiZXhwIjoxNzc4MjAzMDI3fQ.jEFsYga4Y7dewBWcGo_h7I3V5gPlP50Cx0Zy65wRwhA,69fd1d6de7a6b5b2035927c5,69fd1d73e7a6b5b203592b04
eyJhbGciOiJIUzI1NiIsInR5cCI6IkpXVCJ9.eyJpZCI6IjY5ZmQxZDczZTdhNmI1YjIwMzU5MmIwNSIsImVtYWlsIjoibG9hZHRlc3QtMDgyM0BpY2hhbmdlLnRlc3QiLCJyb2xlIjoic3R1ZGVudCIsImlhdCI6MTc3ODE5NTgyNywiZXhwIjoxNzc4MjAzMDI3fQ._XlKhJe8Squ4z-PI15o70sp5Gi9iDH-jbHXv-tfS4DI,69fd1d6de7a6b5b2035927c5,69fd1d73e7a6b5b203592b05
eyJhbGciOiJIUzI1NiIsInR5cCI6IkpXVCJ9.eyJpZCI6IjY5ZmQxZDczZTdhNmI1YjIwMzU5MmIwNiIsImVtYWlsIjoibG9hZHRlc3QtMDgyNEBpY2hhbmdlLnRlc3QiLCJyb2xlIjoic3R1ZGVudCIsImlhdCI6MTc3ODE5NTgyNywiZXhwIjoxNzc4MjAzMDI3fQ.7zhvV-ZRujTjZWwTbe44sYGeyiwxAAzpM0DCEF6wCZM,69fd1d6de7a6b5b2035927c5,69fd1d73e7a6b5b203592b06
eyJhbGciOiJIUzI1NiIsInR5cCI6IkpXVCJ9.eyJpZCI6IjY5ZmQxZDczZTdhNmI1YjIwMzU5MmIwNyIsImVtYWlsIjoibG9hZHRlc3QtMDgyNUBpY2hhbmdlLnRlc3QiLCJyb2xlIjoic3R1ZGVudCIsImlhdCI6MTc3ODE5NTgyNywiZXhwIjoxNzc4MjAzMDI3fQ.5Tdq6iWMCayRQr740vz_CYhF0ylBQCnR-HwOISwz5WA,69fd1d6de7a6b5b2035927c5,69fd1d73e7a6b5b203592b07
eyJhbGciOiJIUzI1NiIsInR5cCI6IkpXVCJ9.eyJpZCI6IjY5ZmQxZDczZTdhNmI1YjIwMzU5MmIwOCIsImVtYWlsIjoibG9hZHRlc3QtMDgyNkBpY2hhbmdlLnRlc3QiLCJyb2xlIjoic3R1ZGVudCIsImlhdCI6MTc3ODE5NTgyNywiZXhwIjoxNzc4MjAzMDI3fQ.F0rC0fs3oypXB-4ayw19cStiWTH7YYGDhvVC-SL8QAs,69fd1d6de7a6b5b2035927c5,69fd1d73e7a6b5b203592b08
eyJhbGciOiJIUzI1NiIsInR5cCI6IkpXVCJ9.eyJpZCI6IjY5ZmQxZDczZTdhNmI1YjIwMzU5MmIwOSIsImVtYWlsIjoibG9hZHRlc3QtMDgyN0BpY2hhbmdlLnRlc3QiLCJyb2xlIjoic3R1ZGVudCIsImlhdCI6MTc3ODE5NTgyNywiZXhwIjoxNzc4MjAzMDI3fQ.VWRu76MiQz7XqKfA2R74C6KpEIek3RU77M-KipAeWNg,69fd1d6de7a6b5b2035927c5,69fd1d73e7a6b5b203592b09
eyJhbGciOiJIUzI1NiIsInR5cCI6IkpXVCJ9.eyJpZCI6IjY5ZmQxZDczZTdhNmI1YjIwMzU5MmIwYSIsImVtYWlsIjoibG9hZHRlc3QtMDgyOEBpY2hhbmdlLnRlc3QiLCJyb2xlIjoic3R1ZGVudCIsImlhdCI6MTc3ODE5NTgyNywiZXhwIjoxNzc4MjAzMDI3fQ.5uE26S7gVXThZ4NKPV1xeaak1Owd-pWjqDv-bnRfA5M,69fd1d6de7a6b5b2035927c5,69fd1d73e7a6b5b203592b0a
eyJhbGciOiJIUzI1NiIsInR5cCI6IkpXVCJ9.eyJpZCI6IjY5ZmQxZDczZTdhNmI1YjIwMzU5MmIwYiIsImVtYWlsIjoibG9hZHRlc3QtMDgyOUBpY2hhbmdlLnRlc3QiLCJyb2xlIjoic3R1ZGVudCIsImlhdCI6MTc3ODE5NTgyNywiZXhwIjoxNzc4MjAzMDI3fQ.3Xg50d2Kn62Wsk3t2WkBMevBguxo5apQqoTie-cMtKY,69fd1d6de7a6b5b2035927c5,69fd1d73e7a6b5b203592b0b
eyJhbGciOiJIUzI1NiIsInR5cCI6IkpXVCJ9.eyJpZCI6IjY5ZmQxZDczZTdhNmI1YjIwMzU5MmIwYyIsImVtYWlsIjoibG9hZHRlc3QtMDgzMEBpY2hhbmdlLnRlc3QiLCJyb2xlIjoic3R1ZGVudCIsImlhdCI6MTc3ODE5NTgyNywiZXhwIjoxNzc4MjAzMDI3fQ.gBe9woBGtZj3E1ikDuavcJxiLNw6tT2vDKdmDJYEVT8,69fd1d6de7a6b5b2035927c5,69fd1d73e7a6b5b203592b0c
eyJhbGciOiJIUzI1NiIsInR5cCI6IkpXVCJ9.eyJpZCI6IjY5ZmQxZDczZTdhNmI1YjIwMzU5MmIwZCIsImVtYWlsIjoibG9hZHRlc3QtMDgzMUBpY2hhbmdlLnRlc3QiLCJyb2xlIjoic3R1ZGVudCIsImlhdCI6MTc3ODE5NTgyNywiZXhwIjoxNzc4MjAzMDI3fQ.4xXdYfDQw4tHVasMlGKroK1MtM3kqUN5hTv_m5U8bkc,69fd1d6de7a6b5b2035927c5,69fd1d73e7a6b5b203592b0d
eyJhbGciOiJIUzI1NiIsInR5cCI6IkpXVCJ9.eyJpZCI6IjY5ZmQxZDczZTdhNmI1YjIwMzU5MmIwZSIsImVtYWlsIjoibG9hZHRlc3QtMDgzMkBpY2hhbmdlLnRlc3QiLCJyb2xlIjoic3R1ZGVudCIsImlhdCI6MTc3ODE5NTgyNywiZXhwIjoxNzc4MjAzMDI3fQ.ewUd7jVDS8BY5ifBARez0ZJ_X_vNY5k_Eum98uLGqQc,69fd1d6de7a6b5b2035927c5,69fd1d73e7a6b5b203592b0e
eyJhbGciOiJIUzI1NiIsInR5cCI6IkpXVCJ9.eyJpZCI6IjY5ZmQxZDczZTdhNmI1YjIwMzU5MmIwZiIsImVtYWlsIjoibG9hZHRlc3QtMDgzM0BpY2hhbmdlLnRlc3QiLCJyb2xlIjoic3R1ZGVudCIsImlhdCI6MTc3ODE5NTgyNywiZXhwIjoxNzc4MjAzMDI3fQ.gZG-u1sWmkjmXetAFDMbP8XruK2b-pPAHI5jgWkWCFU,69fd1d6de7a6b5b2035927c5,69fd1d73e7a6b5b203592b0f
eyJhbGciOiJIUzI1NiIsInR5cCI6IkpXVCJ9.eyJpZCI6IjY5ZmQxZDczZTdhNmI1YjIwMzU5MmIxMCIsImVtYWlsIjoibG9hZHRlc3QtMDgzNEBpY2hhbmdlLnRlc3QiLCJyb2xlIjoic3R1ZGVudCIsImlhdCI6MTc3ODE5NTgyNywiZXhwIjoxNzc4MjAzMDI3fQ.00LyJSwxCEarc_9HypCXdSGedfd7ZpHOncMx-esFzUg,69fd1d6de7a6b5b2035927c5,69fd1d73e7a6b5b203592b10
eyJhbGciOiJIUzI1NiIsInR5cCI6IkpXVCJ9.eyJpZCI6IjY5ZmQxZDczZTdhNmI1YjIwMzU5MmIxMSIsImVtYWlsIjoibG9hZHRlc3QtMDgzNUBpY2hhbmdlLnRlc3QiLCJyb2xlIjoic3R1ZGVudCIsImlhdCI6MTc3ODE5NTgyNywiZXhwIjoxNzc4MjAzMDI3fQ.pLahZeSiDH_oIw7rleo9_I8eZU_1tBkoJM2VXLD6hqU,69fd1d6de7a6b5b2035927c5,69fd1d73e7a6b5b203592b11
eyJhbGciOiJIUzI1NiIsInR5cCI6IkpXVCJ9.eyJpZCI6IjY5ZmQxZDczZTdhNmI1YjIwMzU5MmIxMiIsImVtYWlsIjoibG9hZHRlc3QtMDgzNkBpY2hhbmdlLnRlc3QiLCJyb2xlIjoic3R1ZGVudCIsImlhdCI6MTc3ODE5NTgyNywiZXhwIjoxNzc4MjAzMDI3fQ.Bjl2gWrxQrjwDpylnOPxtnBJAT3hglC-FUzF2LDQc5A,69fd1d6de7a6b5b2035927c5,69fd1d73e7a6b5b203592b12
eyJhbGciOiJIUzI1NiIsInR5cCI6IkpXVCJ9.eyJpZCI6IjY5ZmQxZDczZTdhNmI1YjIwMzU5MmIxMyIsImVtYWlsIjoibG9hZHRlc3QtMDgzN0BpY2hhbmdlLnRlc3QiLCJyb2xlIjoic3R1ZGVudCIsImlhdCI6MTc3ODE5NTgyNywiZXhwIjoxNzc4MjAzMDI3fQ.vVebEc1Qd7BAIEeCinsTbUzQi_3hqn5gsAWPzVQHH8U,69fd1d6de7a6b5b2035927c5,69fd1d73e7a6b5b203592b13
eyJhbGciOiJIUzI1NiIsInR5cCI6IkpXVCJ9.eyJpZCI6IjY5ZmQxZDczZTdhNmI1YjIwMzU5MmIxNCIsImVtYWlsIjoibG9hZHRlc3QtMDgzOEBpY2hhbmdlLnRlc3QiLCJyb2xlIjoic3R1ZGVudCIsImlhdCI6MTc3ODE5NTgyNywiZXhwIjoxNzc4MjAzMDI3fQ.aH1IqJAnpA3eBPMtoW1lXvubQa5eiw1T-mqvqqLM3EU,69fd1d6de7a6b5b2035927c5,69fd1d73e7a6b5b203592b14
eyJhbGciOiJIUzI1NiIsInR5cCI6IkpXVCJ9.eyJpZCI6IjY5ZmQxZDczZTdhNmI1YjIwMzU5MmIxNSIsImVtYWlsIjoibG9hZHRlc3QtMDgzOUBpY2hhbmdlLnRlc3QiLCJyb2xlIjoic3R1ZGVudCIsImlhdCI6MTc3ODE5NTgyNywiZXhwIjoxNzc4MjAzMDI3fQ.FxERt-lSYsQiTxpNrxTjuPgrTIlQpGfSJJr1F2N66Rc,69fd1d6de7a6b5b2035927c5,69fd1d73e7a6b5b203592b15
eyJhbGciOiJIUzI1NiIsInR5cCI6IkpXVCJ9.eyJpZCI6IjY5ZmQxZDczZTdhNmI1YjIwMzU5MmIxNiIsImVtYWlsIjoibG9hZHRlc3QtMDg0MEBpY2hhbmdlLnRlc3QiLCJyb2xlIjoic3R1ZGVudCIsImlhdCI6MTc3ODE5NTgyNywiZXhwIjoxNzc4MjAzMDI3fQ.Ft1LQA5ETb4B61EMiY4qsA3irgrMz1Y6eaT7mzB2PJo,69fd1d6de7a6b5b2035927c5,69fd1d73e7a6b5b203592b16
eyJhbGciOiJIUzI1NiIsInR5cCI6IkpXVCJ9.eyJpZCI6IjY5ZmQxZDczZTdhNmI1YjIwMzU5MmIxNyIsImVtYWlsIjoibG9hZHRlc3QtMDg0MUBpY2hhbmdlLnRlc3QiLCJyb2xlIjoic3R1ZGVudCIsImlhdCI6MTc3ODE5NTgyNywiZXhwIjoxNzc4MjAzMDI3fQ.i0R6GJ38Cs_Bn0xEXkUc35Nz4Ne4Z5OYhmU9U4rqQRs,69fd1d6de7a6b5b2035927c5,69fd1d73e7a6b5b203592b17
eyJhbGciOiJIUzI1NiIsInR5cCI6IkpXVCJ9.eyJpZCI6IjY5ZmQxZDczZTdhNmI1YjIwMzU5MmIxOCIsImVtYWlsIjoibG9hZHRlc3QtMDg0MkBpY2hhbmdlLnRlc3QiLCJyb2xlIjoic3R1ZGVudCIsImlhdCI6MTc3ODE5NTgyNywiZXhwIjoxNzc4MjAzMDI3fQ.WWR19VnwjCiNePeHgzPEdD2bSMJ1llWxrAYu5HeSt4Y,69fd1d6de7a6b5b2035927c5,69fd1d73e7a6b5b203592b18
eyJhbGciOiJIUzI1NiIsInR5cCI6IkpXVCJ9.eyJpZCI6IjY5ZmQxZDczZTdhNmI1YjIwMzU5MmIxOSIsImVtYWlsIjoibG9hZHRlc3QtMDg0M0BpY2hhbmdlLnRlc3QiLCJyb2xlIjoic3R1ZGVudCIsImlhdCI6MTc3ODE5NTgyNywiZXhwIjoxNzc4MjAzMDI3fQ.G4aRHHPvIqQnWeN4r2G8n0Ckq1vC5JP1CtGMNkFXmac,69fd1d6de7a6b5b2035927c5,69fd1d73e7a6b5b203592b19
eyJhbGciOiJIUzI1NiIsInR5cCI6IkpXVCJ9.eyJpZCI6IjY5ZmQxZDczZTdhNmI1YjIwMzU5MmIxYSIsImVtYWlsIjoibG9hZHRlc3QtMDg0NEBpY2hhbmdlLnRlc3QiLCJyb2xlIjoic3R1ZGVudCIsImlhdCI6MTc3ODE5NTgyNywiZXhwIjoxNzc4MjAzMDI3fQ.94EJn3-nl981HGf95gJ9d1W9sSxfBB3mq-qu2nqlUDY,69fd1d6de7a6b5b2035927c5,69fd1d73e7a6b5b203592b1a
eyJhbGciOiJIUzI1NiIsInR5cCI6IkpXVCJ9.eyJpZCI6IjY5ZmQxZDczZTdhNmI1YjIwMzU5MmIxYiIsImVtYWlsIjoibG9hZHRlc3QtMDg0NUBpY2hhbmdlLnRlc3QiLCJyb2xlIjoic3R1ZGVudCIsImlhdCI6MTc3ODE5NTgyNywiZXhwIjoxNzc4MjAzMDI3fQ.K7Mh0pnTwaOrkofF_SkpA-1Qlz7LZ2YwMYzMnTg55ak,69fd1d6de7a6b5b2035927c5,69fd1d73e7a6b5b203592b1b
eyJhbGciOiJIUzI1NiIsInR5cCI6IkpXVCJ9.eyJpZCI6IjY5ZmQxZDczZTdhNmI1YjIwMzU5MmIxYyIsImVtYWlsIjoibG9hZHRlc3QtMDg0NkBpY2hhbmdlLnRlc3QiLCJyb2xlIjoic3R1ZGVudCIsImlhdCI6MTc3ODE5NTgyNywiZXhwIjoxNzc4MjAzMDI3fQ.wpc8Ao3tqWPJvmb_iwJLyeyhyJCSNpsgvrEnw1eVT5M,69fd1d6de7a6b5b2035927c5,69fd1d73e7a6b5b203592b1c
eyJhbGciOiJIUzI1NiIsInR5cCI6IkpXVCJ9.eyJpZCI6IjY5ZmQxZDczZTdhNmI1YjIwMzU5MmIxZCIsImVtYWlsIjoibG9hZHRlc3QtMDg0N0BpY2hhbmdlLnRlc3QiLCJyb2xlIjoic3R1ZGVudCIsImlhdCI6MTc3ODE5NTgyNywiZXhwIjoxNzc4MjAzMDI3fQ.KSuzKjD41T6it9lujsZgxgVpoLzG8hB-LX_nDzlHf3A,69fd1d6de7a6b5b2035927c5,69fd1d73e7a6b5b203592b1d
eyJhbGciOiJIUzI1NiIsInR5cCI6IkpXVCJ9.eyJpZCI6IjY5ZmQxZDczZTdhNmI1YjIwMzU5MmIxZSIsImVtYWlsIjoibG9hZHRlc3QtMDg0OEBpY2hhbmdlLnRlc3QiLCJyb2xlIjoic3R1ZGVudCIsImlhdCI6MTc3ODE5NTgyNywiZXhwIjoxNzc4MjAzMDI3fQ.XKvkMWCzsA_avES9K58ml0svzN74wy-kwqhw6gg5YnQ,69fd1d6de7a6b5b2035927c5,69fd1d73e7a6b5b203592b1e
eyJhbGciOiJIUzI1NiIsInR5cCI6IkpXVCJ9.eyJpZCI6IjY5ZmQxZDczZTdhNmI1YjIwMzU5MmIxZiIsImVtYWlsIjoibG9hZHRlc3QtMDg0OUBpY2hhbmdlLnRlc3QiLCJyb2xlIjoic3R1ZGVudCIsImlhdCI6MTc3ODE5NTgyNywiZXhwIjoxNzc4MjAzMDI3fQ.XD_uTn2e6IX09u0iPxSzUw4lhoV6qgUcTOycIRz-zW8,69fd1d6de7a6b5b2035927c5,69fd1d73e7a6b5b203592b1f
eyJhbGciOiJIUzI1NiIsInR5cCI6IkpXVCJ9.eyJpZCI6IjY5ZmQxZDczZTdhNmI1YjIwMzU5MmIyMCIsImVtYWlsIjoibG9hZHRlc3QtMDg1MEBpY2hhbmdlLnRlc3QiLCJyb2xlIjoic3R1ZGVudCIsImlhdCI6MTc3ODE5NTgyNywiZXhwIjoxNzc4MjAzMDI3fQ.wDbKuI90R8gaWSdY1Z25fWrgcDUAk37TnbvZTn1PGvM,69fd1d6de7a6b5b2035927c5,69fd1d73e7a6b5b203592b20
eyJhbGciOiJIUzI1NiIsInR5cCI6IkpXVCJ9.eyJpZCI6IjY5ZmQxZDczZTdhNmI1YjIwMzU5MmIyMSIsImVtYWlsIjoibG9hZHRlc3QtMDg1MUBpY2hhbmdlLnRlc3QiLCJyb2xlIjoic3R1ZGVudCIsImlhdCI6MTc3ODE5NTgyNywiZXhwIjoxNzc4MjAzMDI3fQ.3d2UVveKT2Q1BLhvuJn7pPm-MTWBSN8evaEEi9c4UPU,69fd1d6de7a6b5b2035927c5,69fd1d73e7a6b5b203592b21
eyJhbGciOiJIUzI1NiIsInR5cCI6IkpXVCJ9.eyJpZCI6IjY5ZmQxZDczZTdhNmI1YjIwMzU5MmIyMiIsImVtYWlsIjoibG9hZHRlc3QtMDg1MkBpY2hhbmdlLnRlc3QiLCJyb2xlIjoic3R1ZGVudCIsImlhdCI6MTc3ODE5NTgyNywiZXhwIjoxNzc4MjAzMDI3fQ.fx7k2qjN84fuF82ov3FVsScT5OJqavAD2VQjPb1w-j4,69fd1d6de7a6b5b2035927c5,69fd1d73e7a6b5b203592b22
eyJhbGciOiJIUzI1NiIsInR5cCI6IkpXVCJ9.eyJpZCI6IjY5ZmQxZDczZTdhNmI1YjIwMzU5MmIyMyIsImVtYWlsIjoibG9hZHRlc3QtMDg1M0BpY2hhbmdlLnRlc3QiLCJyb2xlIjoic3R1ZGVudCIsImlhdCI6MTc3ODE5NTgyNywiZXhwIjoxNzc4MjAzMDI3fQ.9TCRXjeHqHwdto3Td_ORkUFjzEXmhhfoILCzylLOF4U,69fd1d6de7a6b5b2035927c5,69fd1d73e7a6b5b203592b23
eyJhbGciOiJIUzI1NiIsInR5cCI6IkpXVCJ9.eyJpZCI6IjY5ZmQxZDczZTdhNmI1YjIwMzU5MmIyNCIsImVtYWlsIjoibG9hZHRlc3QtMDg1NEBpY2hhbmdlLnRlc3QiLCJyb2xlIjoic3R1ZGVudCIsImlhdCI6MTc3ODE5NTgyNywiZXhwIjoxNzc4MjAzMDI3fQ.gmRIohoYrZvpob4v7OaWrk0lDVuI_urLFN72yJVAFGo,69fd1d6de7a6b5b2035927c5,69fd1d73e7a6b5b203592b24
eyJhbGciOiJIUzI1NiIsInR5cCI6IkpXVCJ9.eyJpZCI6IjY5ZmQxZDczZTdhNmI1YjIwMzU5MmIyNSIsImVtYWlsIjoibG9hZHRlc3QtMDg1NUBpY2hhbmdlLnRlc3QiLCJyb2xlIjoic3R1ZGVudCIsImlhdCI6MTc3ODE5NTgyNywiZXhwIjoxNzc4MjAzMDI3fQ.k6TH7O6iX6WGu-illfgzJCJdVwI0GllfxFyqCt3K_kk,69fd1d6de7a6b5b2035927c5,69fd1d73e7a6b5b203592b25
eyJhbGciOiJIUzI1NiIsInR5cCI6IkpXVCJ9.eyJpZCI6IjY5ZmQxZDczZTdhNmI1YjIwMzU5MmIyNiIsImVtYWlsIjoibG9hZHRlc3QtMDg1NkBpY2hhbmdlLnRlc3QiLCJyb2xlIjoic3R1ZGVudCIsImlhdCI6MTc3ODE5NTgyNywiZXhwIjoxNzc4MjAzMDI3fQ.0oxt2GcXdhRs5mO2-nwcCiNBWlO6WBd3H4bzITkDq88,69fd1d6de7a6b5b2035927c5,69fd1d73e7a6b5b203592b26
eyJhbGciOiJIUzI1NiIsInR5cCI6IkpXVCJ9.eyJpZCI6IjY5ZmQxZDczZTdhNmI1YjIwMzU5MmIyNyIsImVtYWlsIjoibG9hZHRlc3QtMDg1N0BpY2hhbmdlLnRlc3QiLCJyb2xlIjoic3R1ZGVudCIsImlhdCI6MTc3ODE5NTgyNywiZXhwIjoxNzc4MjAzMDI3fQ.FTF5ws8clxfm1clipaUHcgzdfkpeLDTaPiIXGCe45yc,69fd1d6de7a6b5b2035927c5,69fd1d73e7a6b5b203592b27
eyJhbGciOiJIUzI1NiIsInR5cCI6IkpXVCJ9.eyJpZCI6IjY5ZmQxZDczZTdhNmI1YjIwMzU5MmIyOCIsImVtYWlsIjoibG9hZHRlc3QtMDg1OEBpY2hhbmdlLnRlc3QiLCJyb2xlIjoic3R1ZGVudCIsImlhdCI6MTc3ODE5NTgyNywiZXhwIjoxNzc4MjAzMDI3fQ.QsCAJiT5Ep2cFwCrpmPNlpGdRXfDPtSR9XAngsSwwZo,69fd1d6de7a6b5b2035927c5,69fd1d73e7a6b5b203592b28
eyJhbGciOiJIUzI1NiIsInR5cCI6IkpXVCJ9.eyJpZCI6IjY5ZmQxZDczZTdhNmI1YjIwMzU5MmIyOSIsImVtYWlsIjoibG9hZHRlc3QtMDg1OUBpY2hhbmdlLnRlc3QiLCJyb2xlIjoic3R1ZGVudCIsImlhdCI6MTc3ODE5NTgyNywiZXhwIjoxNzc4MjAzMDI3fQ.VeWQ-dVgL-Y97X_tgEhyrIb79zZ1ugsWwkIzm4IIYfE,69fd1d6de7a6b5b2035927c5,69fd1d73e7a6b5b203592b29
eyJhbGciOiJIUzI1NiIsInR5cCI6IkpXVCJ9.eyJpZCI6IjY5ZmQxZDczZTdhNmI1YjIwMzU5MmIyYSIsImVtYWlsIjoibG9hZHRlc3QtMDg2MEBpY2hhbmdlLnRlc3QiLCJyb2xlIjoic3R1ZGVudCIsImlhdCI6MTc3ODE5NTgyNywiZXhwIjoxNzc4MjAzMDI3fQ.lDaskKcI9YbAjXdrtoHCS67UghNztH_3dBEdqU3vYV8,69fd1d6de7a6b5b2035927c5,69fd1d73e7a6b5b203592b2a
eyJhbGciOiJIUzI1NiIsInR5cCI6IkpXVCJ9.eyJpZCI6IjY5ZmQxZDczZTdhNmI1YjIwMzU5MmIyYiIsImVtYWlsIjoibG9hZHRlc3QtMDg2MUBpY2hhbmdlLnRlc3QiLCJyb2xlIjoic3R1ZGVudCIsImlhdCI6MTc3ODE5NTgyNywiZXhwIjoxNzc4MjAzMDI3fQ.M2n36JxS4JvSZEAUwa4EmP8XovLRqqdpIZ5gxiMDqHc,69fd1d6de7a6b5b2035927c5,69fd1d73e7a6b5b203592b2b
eyJhbGciOiJIUzI1NiIsInR5cCI6IkpXVCJ9.eyJpZCI6IjY5ZmQxZDczZTdhNmI1YjIwMzU5MmIyYyIsImVtYWlsIjoibG9hZHRlc3QtMDg2MkBpY2hhbmdlLnRlc3QiLCJyb2xlIjoic3R1ZGVudCIsImlhdCI6MTc3ODE5NTgyNywiZXhwIjoxNzc4MjAzMDI3fQ.SoQz5pAb6-e8ETOKcxJcAwSSzTbskBQi5wIaUMQ6xcw,69fd1d6de7a6b5b2035927c5,69fd1d73e7a6b5b203592b2c
eyJhbGciOiJIUzI1NiIsInR5cCI6IkpXVCJ9.eyJpZCI6IjY5ZmQxZDczZTdhNmI1YjIwMzU5MmIyZCIsImVtYWlsIjoibG9hZHRlc3QtMDg2M0BpY2hhbmdlLnRlc3QiLCJyb2xlIjoic3R1ZGVudCIsImlhdCI6MTc3ODE5NTgyNywiZXhwIjoxNzc4MjAzMDI3fQ.KptWm8k-A0UlqEoKcUDcUFevCSuVGqGpn5c5LyiNJbo,69fd1d6de7a6b5b2035927c5,69fd1d73e7a6b5b203592b2d
eyJhbGciOiJIUzI1NiIsInR5cCI6IkpXVCJ9.eyJpZCI6IjY5ZmQxZDczZTdhNmI1YjIwMzU5MmIyZSIsImVtYWlsIjoibG9hZHRlc3QtMDg2NEBpY2hhbmdlLnRlc3QiLCJyb2xlIjoic3R1ZGVudCIsImlhdCI6MTc3ODE5NTgyNywiZXhwIjoxNzc4MjAzMDI3fQ.AsYTzDtacgx8Ll1oCfCQHaPQ3mOlCYO_HOSTQoeNc1c,69fd1d6de7a6b5b2035927c5,69fd1d73e7a6b5b203592b2e
eyJhbGciOiJIUzI1NiIsInR5cCI6IkpXVCJ9.eyJpZCI6IjY5ZmQxZDczZTdhNmI1YjIwMzU5MmIyZiIsImVtYWlsIjoibG9hZHRlc3QtMDg2NUBpY2hhbmdlLnRlc3QiLCJyb2xlIjoic3R1ZGVudCIsImlhdCI6MTc3ODE5NTgyNywiZXhwIjoxNzc4MjAzMDI3fQ.Sn_n8YQicKTKhprU-5NxhzsTFwNd3WOQysa3-jMnieI,69fd1d6de7a6b5b2035927c5,69fd1d73e7a6b5b203592b2f
eyJhbGciOiJIUzI1NiIsInR5cCI6IkpXVCJ9.eyJpZCI6IjY5ZmQxZDczZTdhNmI1YjIwMzU5MmIzMCIsImVtYWlsIjoibG9hZHRlc3QtMDg2NkBpY2hhbmdlLnRlc3QiLCJyb2xlIjoic3R1ZGVudCIsImlhdCI6MTc3ODE5NTgyNywiZXhwIjoxNzc4MjAzMDI3fQ.QY3C3WAWMzmfndUBnwFD00AbJ4oqQlgxYi9SkC1c_PU,69fd1d6de7a6b5b2035927c5,69fd1d73e7a6b5b203592b30
eyJhbGciOiJIUzI1NiIsInR5cCI6IkpXVCJ9.eyJpZCI6IjY5ZmQxZDczZTdhNmI1YjIwMzU5MmIzMSIsImVtYWlsIjoibG9hZHRlc3QtMDg2N0BpY2hhbmdlLnRlc3QiLCJyb2xlIjoic3R1ZGVudCIsImlhdCI6MTc3ODE5NTgyNywiZXhwIjoxNzc4MjAzMDI3fQ.FKp-6x4i7GlvPodYvOoqmXcQRbQK0jzfzWzLXjAC47I,69fd1d6de7a6b5b2035927c5,69fd1d73e7a6b5b203592b31
eyJhbGciOiJIUzI1NiIsInR5cCI6IkpXVCJ9.eyJpZCI6IjY5ZmQxZDczZTdhNmI1YjIwMzU5MmIzMiIsImVtYWlsIjoibG9hZHRlc3QtMDg2OEBpY2hhbmdlLnRlc3QiLCJyb2xlIjoic3R1ZGVudCIsImlhdCI6MTc3ODE5NTgyNywiZXhwIjoxNzc4MjAzMDI3fQ.O9TDVdPx6uJdDymDopfP4Ct3WMIj6YjHoiFe_klOGsU,69fd1d6de7a6b5b2035927c5,69fd1d73e7a6b5b203592b32
eyJhbGciOiJIUzI1NiIsInR5cCI6IkpXVCJ9.eyJpZCI6IjY5ZmQxZDczZTdhNmI1YjIwMzU5MmIzMyIsImVtYWlsIjoibG9hZHRlc3QtMDg2OUBpY2hhbmdlLnRlc3QiLCJyb2xlIjoic3R1ZGVudCIsImlhdCI6MTc3ODE5NTgyNywiZXhwIjoxNzc4MjAzMDI3fQ.pebkobh9qdKNaaRNp_XaPJiUQRmCIwaIK2U9PG8C8ao,69fd1d6de7a6b5b2035927c5,69fd1d73e7a6b5b203592b33
eyJhbGciOiJIUzI1NiIsInR5cCI6IkpXVCJ9.eyJpZCI6IjY5ZmQxZDczZTdhNmI1YjIwMzU5MmIzNCIsImVtYWlsIjoibG9hZHRlc3QtMDg3MEBpY2hhbmdlLnRlc3QiLCJyb2xlIjoic3R1ZGVudCIsImlhdCI6MTc3ODE5NTgyNywiZXhwIjoxNzc4MjAzMDI3fQ.-0QVjr-VfK-bhb7Kr1TqIwtBzxdsYtAoVFS5hHPw6pw,69fd1d6de7a6b5b2035927c5,69fd1d73e7a6b5b203592b34
eyJhbGciOiJIUzI1NiIsInR5cCI6IkpXVCJ9.eyJpZCI6IjY5ZmQxZDczZTdhNmI1YjIwMzU5MmIzNSIsImVtYWlsIjoibG9hZHRlc3QtMDg3MUBpY2hhbmdlLnRlc3QiLCJyb2xlIjoic3R1ZGVudCIsImlhdCI6MTc3ODE5NTgyNywiZXhwIjoxNzc4MjAzMDI3fQ.q_a0vnsecOncBZ1ESie2HRWxcHxQMUfLv00D0HoToXY,69fd1d6de7a6b5b2035927c5,69fd1d73e7a6b5b203592b35
eyJhbGciOiJIUzI1NiIsInR5cCI6IkpXVCJ9.eyJpZCI6IjY5ZmQxZDczZTdhNmI1YjIwMzU5MmIzNiIsImVtYWlsIjoibG9hZHRlc3QtMDg3MkBpY2hhbmdlLnRlc3QiLCJyb2xlIjoic3R1ZGVudCIsImlhdCI6MTc3ODE5NTgyNywiZXhwIjoxNzc4MjAzMDI3fQ.x1mn0KNzaosdjq-_zGqMUalaWeTAMAlA6viOL43K0G0,69fd1d6de7a6b5b2035927c5,69fd1d73e7a6b5b203592b36
eyJhbGciOiJIUzI1NiIsInR5cCI6IkpXVCJ9.eyJpZCI6IjY5ZmQxZDczZTdhNmI1YjIwMzU5MmIzNyIsImVtYWlsIjoibG9hZHRlc3QtMDg3M0BpY2hhbmdlLnRlc3QiLCJyb2xlIjoic3R1ZGVudCIsImlhdCI6MTc3ODE5NTgyNywiZXhwIjoxNzc4MjAzMDI3fQ.pTXbFU6WoEuNNw9PZkcyFXJ7U08OLgIJYbWpsvmirR8,69fd1d6de7a6b5b2035927c5,69fd1d73e7a6b5b203592b37
eyJhbGciOiJIUzI1NiIsInR5cCI6IkpXVCJ9.eyJpZCI6IjY5ZmQxZDczZTdhNmI1YjIwMzU5MmIzOCIsImVtYWlsIjoibG9hZHRlc3QtMDg3NEBpY2hhbmdlLnRlc3QiLCJyb2xlIjoic3R1ZGVudCIsImlhdCI6MTc3ODE5NTgyNywiZXhwIjoxNzc4MjAzMDI3fQ.ljUQeImi90pnsqxBzPte1uiFvl4_z5zXqO4JN2l-hE0,69fd1d6de7a6b5b2035927c5,69fd1d73e7a6b5b203592b38
eyJhbGciOiJIUzI1NiIsInR5cCI6IkpXVCJ9.eyJpZCI6IjY5ZmQxZDczZTdhNmI1YjIwMzU5MmIzOSIsImVtYWlsIjoibG9hZHRlc3QtMDg3NUBpY2hhbmdlLnRlc3QiLCJyb2xlIjoic3R1ZGVudCIsImlhdCI6MTc3ODE5NTgyNywiZXhwIjoxNzc4MjAzMDI3fQ.CByIWNmPUQA1eYDTLyZiJgiUd8FmsBX0US3URzP7vS8,69fd1d6de7a6b5b2035927c5,69fd1d73e7a6b5b203592b39
eyJhbGciOiJIUzI1NiIsInR5cCI6IkpXVCJ9.eyJpZCI6IjY5ZmQxZDczZTdhNmI1YjIwMzU5MmIzYSIsImVtYWlsIjoibG9hZHRlc3QtMDg3NkBpY2hhbmdlLnRlc3QiLCJyb2xlIjoic3R1ZGVudCIsImlhdCI6MTc3ODE5NTgyNywiZXhwIjoxNzc4MjAzMDI3fQ.hlGwu8KA3MxalXK1gUWE_Yp_NoKplYz4GnscFxfaYsY,69fd1d6de7a6b5b2035927c5,69fd1d73e7a6b5b203592b3a
eyJhbGciOiJIUzI1NiIsInR5cCI6IkpXVCJ9.eyJpZCI6IjY5ZmQxZDczZTdhNmI1YjIwMzU5MmIzYiIsImVtYWlsIjoibG9hZHRlc3QtMDg3N0BpY2hhbmdlLnRlc3QiLCJyb2xlIjoic3R1ZGVudCIsImlhdCI6MTc3ODE5NTgyNywiZXhwIjoxNzc4MjAzMDI3fQ.nvjLobRAL0vKLi7ps1ZVfiuWcJShDL6Np-3wO-Dkpyk,69fd1d6de7a6b5b2035927c5,69fd1d73e7a6b5b203592b3b
eyJhbGciOiJIUzI1NiIsInR5cCI6IkpXVCJ9.eyJpZCI6IjY5ZmQxZDczZTdhNmI1YjIwMzU5MmIzYyIsImVtYWlsIjoibG9hZHRlc3QtMDg3OEBpY2hhbmdlLnRlc3QiLCJyb2xlIjoic3R1ZGVudCIsImlhdCI6MTc3ODE5NTgyNywiZXhwIjoxNzc4MjAzMDI3fQ.6SVF5twboWgEWw4QnHUMRoTct7WNDn6zVUzXdxhaTf4,69fd1d6de7a6b5b2035927c5,69fd1d73e7a6b5b203592b3c
eyJhbGciOiJIUzI1NiIsInR5cCI6IkpXVCJ9.eyJpZCI6IjY5ZmQxZDczZTdhNmI1YjIwMzU5MmIzZCIsImVtYWlsIjoibG9hZHRlc3QtMDg3OUBpY2hhbmdlLnRlc3QiLCJyb2xlIjoic3R1ZGVudCIsImlhdCI6MTc3ODE5NTgyNywiZXhwIjoxNzc4MjAzMDI3fQ.ucv0MJ8R6NgHVi4oXwk54xMmUECf4JrM35SgduAPvD8,69fd1d6de7a6b5b2035927c5,69fd1d73e7a6b5b203592b3d
eyJhbGciOiJIUzI1NiIsInR5cCI6IkpXVCJ9.eyJpZCI6IjY5ZmQxZDczZTdhNmI1YjIwMzU5MmIzZSIsImVtYWlsIjoibG9hZHRlc3QtMDg4MEBpY2hhbmdlLnRlc3QiLCJyb2xlIjoic3R1ZGVudCIsImlhdCI6MTc3ODE5NTgyNywiZXhwIjoxNzc4MjAzMDI3fQ.il0uHm3ePPsXEIbcKdprfGXcpaHTbD6iS4WBM_XZUyI,69fd1d6de7a6b5b2035927c5,69fd1d73e7a6b5b203592b3e
eyJhbGciOiJIUzI1NiIsInR5cCI6IkpXVCJ9.eyJpZCI6IjY5ZmQxZDczZTdhNmI1YjIwMzU5MmIzZiIsImVtYWlsIjoibG9hZHRlc3QtMDg4MUBpY2hhbmdlLnRlc3QiLCJyb2xlIjoic3R1ZGVudCIsImlhdCI6MTc3ODE5NTgyNywiZXhwIjoxNzc4MjAzMDI3fQ.krCHex_5__oVvnk-eDv-iozcJQPkPrd430lXE3g8ZPE,69fd1d6de7a6b5b2035927c5,69fd1d73e7a6b5b203592b3f
eyJhbGciOiJIUzI1NiIsInR5cCI6IkpXVCJ9.eyJpZCI6IjY5ZmQxZDczZTdhNmI1YjIwMzU5MmI0MCIsImVtYWlsIjoibG9hZHRlc3QtMDg4MkBpY2hhbmdlLnRlc3QiLCJyb2xlIjoic3R1ZGVudCIsImlhdCI6MTc3ODE5NTgyNywiZXhwIjoxNzc4MjAzMDI3fQ.XT0sxj7vaG87_l8gG3WoTzGn_9i0XF9myHkoGuZd-zk,69fd1d6de7a6b5b2035927c5,69fd1d73e7a6b5b203592b40
eyJhbGciOiJIUzI1NiIsInR5cCI6IkpXVCJ9.eyJpZCI6IjY5ZmQxZDczZTdhNmI1YjIwMzU5MmI0MSIsImVtYWlsIjoibG9hZHRlc3QtMDg4M0BpY2hhbmdlLnRlc3QiLCJyb2xlIjoic3R1ZGVudCIsImlhdCI6MTc3ODE5NTgyNywiZXhwIjoxNzc4MjAzMDI3fQ.ybJK_f3XpOOmMThlJUSG3omMwM7GGeUAj8zxoaW3KB8,69fd1d6de7a6b5b2035927c5,69fd1d73e7a6b5b203592b41
eyJhbGciOiJIUzI1NiIsInR5cCI6IkpXVCJ9.eyJpZCI6IjY5ZmQxZDczZTdhNmI1YjIwMzU5MmI0MiIsImVtYWlsIjoibG9hZHRlc3QtMDg4NEBpY2hhbmdlLnRlc3QiLCJyb2xlIjoic3R1ZGVudCIsImlhdCI6MTc3ODE5NTgyNywiZXhwIjoxNzc4MjAzMDI3fQ.TpEzQ0t4rNrUu2Ad_E7zVUltaMekIDkUdWV0zW2r-NU,69fd1d6de7a6b5b2035927c5,69fd1d73e7a6b5b203592b42
eyJhbGciOiJIUzI1NiIsInR5cCI6IkpXVCJ9.eyJpZCI6IjY5ZmQxZDczZTdhNmI1YjIwMzU5MmI0MyIsImVtYWlsIjoibG9hZHRlc3QtMDg4NUBpY2hhbmdlLnRlc3QiLCJyb2xlIjoic3R1ZGVudCIsImlhdCI6MTc3ODE5NTgyNywiZXhwIjoxNzc4MjAzMDI3fQ.IrejGstc1gvIKaSr8Z25dow7-YyAZzucUWxZ4z6BOhQ,69fd1d6de7a6b5b2035927c5,69fd1d73e7a6b5b203592b43
eyJhbGciOiJIUzI1NiIsInR5cCI6IkpXVCJ9.eyJpZCI6IjY5ZmQxZDczZTdhNmI1YjIwMzU5MmI0NCIsImVtYWlsIjoibG9hZHRlc3QtMDg4NkBpY2hhbmdlLnRlc3QiLCJyb2xlIjoic3R1ZGVudCIsImlhdCI6MTc3ODE5NTgyNywiZXhwIjoxNzc4MjAzMDI3fQ._iHlm6_w7VP2pWEKgJusy4_gwuQRPHrRlg7v2bOVQ8Q,69fd1d6de7a6b5b2035927c5,69fd1d73e7a6b5b203592b44
eyJhbGciOiJIUzI1NiIsInR5cCI6IkpXVCJ9.eyJpZCI6IjY5ZmQxZDczZTdhNmI1YjIwMzU5MmI0NSIsImVtYWlsIjoibG9hZHRlc3QtMDg4N0BpY2hhbmdlLnRlc3QiLCJyb2xlIjoic3R1ZGVudCIsImlhdCI6MTc3ODE5NTgyNywiZXhwIjoxNzc4MjAzMDI3fQ.7xA1JgKmyWJyjgC0O82gsPjTSMmxKOp4opkfwstQexE,69fd1d6de7a6b5b2035927c5,69fd1d73e7a6b5b203592b45
eyJhbGciOiJIUzI1NiIsInR5cCI6IkpXVCJ9.eyJpZCI6IjY5ZmQxZDczZTdhNmI1YjIwMzU5MmI0NiIsImVtYWlsIjoibG9hZHRlc3QtMDg4OEBpY2hhbmdlLnRlc3QiLCJyb2xlIjoic3R1ZGVudCIsImlhdCI6MTc3ODE5NTgyNywiZXhwIjoxNzc4MjAzMDI3fQ._Y8YTsPBNjFh2VvuHyCa5xtaAcEkJGB3OD9RfYyhg4U,69fd1d6de7a6b5b2035927c5,69fd1d73e7a6b5b203592b46
eyJhbGciOiJIUzI1NiIsInR5cCI6IkpXVCJ9.eyJpZCI6IjY5ZmQxZDczZTdhNmI1YjIwMzU5MmI0NyIsImVtYWlsIjoibG9hZHRlc3QtMDg4OUBpY2hhbmdlLnRlc3QiLCJyb2xlIjoic3R1ZGVudCIsImlhdCI6MTc3ODE5NTgyNywiZXhwIjoxNzc4MjAzMDI3fQ.pd_Bo7lBXRdWy1pVC13EG3LDjWFfQXJHa6FssaYIoXk,69fd1d6de7a6b5b2035927c5,69fd1d73e7a6b5b203592b47
eyJhbGciOiJIUzI1NiIsInR5cCI6IkpXVCJ9.eyJpZCI6IjY5ZmQxZDczZTdhNmI1YjIwMzU5MmI0OCIsImVtYWlsIjoibG9hZHRlc3QtMDg5MEBpY2hhbmdlLnRlc3QiLCJyb2xlIjoic3R1ZGVudCIsImlhdCI6MTc3ODE5NTgyNywiZXhwIjoxNzc4MjAzMDI3fQ.9RxcU4g1IaNjpxaBCWxIZhlIRDt4JTBKLtXlSLFVNnE,69fd1d6de7a6b5b2035927c5,69fd1d73e7a6b5b203592b48
eyJhbGciOiJIUzI1NiIsInR5cCI6IkpXVCJ9.eyJpZCI6IjY5ZmQxZDczZTdhNmI1YjIwMzU5MmI0OSIsImVtYWlsIjoibG9hZHRlc3QtMDg5MUBpY2hhbmdlLnRlc3QiLCJyb2xlIjoic3R1ZGVudCIsImlhdCI6MTc3ODE5NTgyNywiZXhwIjoxNzc4MjAzMDI3fQ.UF78x5DMi4KRcT3apdPiyGy7A_SSq3MqXtE2PUIVadw,69fd1d6de7a6b5b2035927c5,69fd1d73e7a6b5b203592b49
eyJhbGciOiJIUzI1NiIsInR5cCI6IkpXVCJ9.eyJpZCI6IjY5ZmQxZDczZTdhNmI1YjIwMzU5MmI0YSIsImVtYWlsIjoibG9hZHRlc3QtMDg5MkBpY2hhbmdlLnRlc3QiLCJyb2xlIjoic3R1ZGVudCIsImlhdCI6MTc3ODE5NTgyNywiZXhwIjoxNzc4MjAzMDI3fQ.zASveD9rNL6WpZ1vZ89V6tHjhzm7KlVZ-qW6BCspuiQ,69fd1d6de7a6b5b2035927c5,69fd1d73e7a6b5b203592b4a
eyJhbGciOiJIUzI1NiIsInR5cCI6IkpXVCJ9.eyJpZCI6IjY5ZmQxZDczZTdhNmI1YjIwMzU5MmI0YiIsImVtYWlsIjoibG9hZHRlc3QtMDg5M0BpY2hhbmdlLnRlc3QiLCJyb2xlIjoic3R1ZGVudCIsImlhdCI6MTc3ODE5NTgyNywiZXhwIjoxNzc4MjAzMDI3fQ.Wibkcjlbn9ZBiwaHMo_2jSBTrFWpYdujwyvycs1byYU,69fd1d6de7a6b5b2035927c5,69fd1d73e7a6b5b203592b4b
eyJhbGciOiJIUzI1NiIsInR5cCI6IkpXVCJ9.eyJpZCI6IjY5ZmQxZDczZTdhNmI1YjIwMzU5MmI0YyIsImVtYWlsIjoibG9hZHRlc3QtMDg5NEBpY2hhbmdlLnRlc3QiLCJyb2xlIjoic3R1ZGVudCIsImlhdCI6MTc3ODE5NTgyNywiZXhwIjoxNzc4MjAzMDI3fQ.8qoPca6lp1gAewwuGDSBzwcvQqZDZn5cPGe-KqeW2pM,69fd1d6de7a6b5b2035927c5,69fd1d73e7a6b5b203592b4c
eyJhbGciOiJIUzI1NiIsInR5cCI6IkpXVCJ9.eyJpZCI6IjY5ZmQxZDczZTdhNmI1YjIwMzU5MmI0ZCIsImVtYWlsIjoibG9hZHRlc3QtMDg5NUBpY2hhbmdlLnRlc3QiLCJyb2xlIjoic3R1ZGVudCIsImlhdCI6MTc3ODE5NTgyNywiZXhwIjoxNzc4MjAzMDI3fQ.JumP576sy2z1SGAS0_7bCsoU96DUlkcBsboujy540yE,69fd1d6de7a6b5b2035927c5,69fd1d73e7a6b5b203592b4d
eyJhbGciOiJIUzI1NiIsInR5cCI6IkpXVCJ9.eyJpZCI6IjY5ZmQxZDczZTdhNmI1YjIwMzU5MmI0ZSIsImVtYWlsIjoibG9hZHRlc3QtMDg5NkBpY2hhbmdlLnRlc3QiLCJyb2xlIjoic3R1ZGVudCIsImlhdCI6MTc3ODE5NTgyNywiZXhwIjoxNzc4MjAzMDI3fQ.RxrbkoGSavGn5X_08joS2gyRAxx6ZBoZeUoj9ndNCDY,69fd1d6de7a6b5b2035927c5,69fd1d73e7a6b5b203592b4e
eyJhbGciOiJIUzI1NiIsInR5cCI6IkpXVCJ9.eyJpZCI6IjY5ZmQxZDczZTdhNmI1YjIwMzU5MmI0ZiIsImVtYWlsIjoibG9hZHRlc3QtMDg5N0BpY2hhbmdlLnRlc3QiLCJyb2xlIjoic3R1ZGVudCIsImlhdCI6MTc3ODE5NTgyNywiZXhwIjoxNzc4MjAzMDI3fQ.rN_5iaxQbFaqsU5zTAcAll6mlP155ch8JJ6Re1Zkl0Y,69fd1d6de7a6b5b2035927c5,69fd1d73e7a6b5b203592b4f
eyJhbGciOiJIUzI1NiIsInR5cCI6IkpXVCJ9.eyJpZCI6IjY5ZmQxZDczZTdhNmI1YjIwMzU5MmI1MCIsImVtYWlsIjoibG9hZHRlc3QtMDg5OEBpY2hhbmdlLnRlc3QiLCJyb2xlIjoic3R1ZGVudCIsImlhdCI6MTc3ODE5NTgyNywiZXhwIjoxNzc4MjAzMDI3fQ.InoOe08J1CDa3AnEIj8LQj9za1rmrEgmBDPf-VwudD4,69fd1d6de7a6b5b2035927c5,69fd1d73e7a6b5b203592b50
eyJhbGciOiJIUzI1NiIsInR5cCI6IkpXVCJ9.eyJpZCI6IjY5ZmQxZDczZTdhNmI1YjIwMzU5MmI1MSIsImVtYWlsIjoibG9hZHRlc3QtMDg5OUBpY2hhbmdlLnRlc3QiLCJyb2xlIjoic3R1ZGVudCIsImlhdCI6MTc3ODE5NTgyNywiZXhwIjoxNzc4MjAzMDI3fQ.L_N62K1a7aLaCc32JlTVreLEBq8t48Zmm2PSkp5cEUg,69fd1d6de7a6b5b2035927c5,69fd1d73e7a6b5b203592b51
eyJhbGciOiJIUzI1NiIsInR5cCI6IkpXVCJ9.eyJpZCI6IjY5ZmQxZDczZTdhNmI1YjIwMzU5MmI1MiIsImVtYWlsIjoibG9hZHRlc3QtMDkwMEBpY2hhbmdlLnRlc3QiLCJyb2xlIjoic3R1ZGVudCIsImlhdCI6MTc3ODE5NTgyNywiZXhwIjoxNzc4MjAzMDI3fQ.pmYqxYTf8YW0Ri8Iboh8c1jKKqzLbl6U46nzwmTpUtc,69fd1d6de7a6b5b2035927c5,69fd1d73e7a6b5b203592b52
eyJhbGciOiJIUzI1NiIsInR5cCI6IkpXVCJ9.eyJpZCI6IjY5ZmQxZDczZTdhNmI1YjIwMzU5MmI1NCIsImVtYWlsIjoibG9hZHRlc3QtMDkwMUBpY2hhbmdlLnRlc3QiLCJyb2xlIjoic3R1ZGVudCIsImlhdCI6MTc3ODE5NTgyNywiZXhwIjoxNzc4MjAzMDI3fQ.FSj15j_Ad7RpQMGlO9k3nGnzTOtWtQ3rST2EwhyOXwA,69fd1d6de7a6b5b2035927c5,69fd1d73e7a6b5b203592b54
eyJhbGciOiJIUzI1NiIsInR5cCI6IkpXVCJ9.eyJpZCI6IjY5ZmQxZDczZTdhNmI1YjIwMzU5MmI1NSIsImVtYWlsIjoibG9hZHRlc3QtMDkwMkBpY2hhbmdlLnRlc3QiLCJyb2xlIjoic3R1ZGVudCIsImlhdCI6MTc3ODE5NTgyNywiZXhwIjoxNzc4MjAzMDI3fQ.5ktlc4ImmLOcsEG1nkY3uiYit620eFtxKqRQ0RcOknc,69fd1d6de7a6b5b2035927c5,69fd1d73e7a6b5b203592b55
eyJhbGciOiJIUzI1NiIsInR5cCI6IkpXVCJ9.eyJpZCI6IjY5ZmQxZDczZTdhNmI1YjIwMzU5MmI1NiIsImVtYWlsIjoibG9hZHRlc3QtMDkwM0BpY2hhbmdlLnRlc3QiLCJyb2xlIjoic3R1ZGVudCIsImlhdCI6MTc3ODE5NTgyNywiZXhwIjoxNzc4MjAzMDI3fQ.j03XZHdANqjWy6zesCkrnrJ5Uv94xsDnVFFa92GfLb4,69fd1d6de7a6b5b2035927c5,69fd1d73e7a6b5b203592b56
eyJhbGciOiJIUzI1NiIsInR5cCI6IkpXVCJ9.eyJpZCI6IjY5ZmQxZDczZTdhNmI1YjIwMzU5MmI1NyIsImVtYWlsIjoibG9hZHRlc3QtMDkwNEBpY2hhbmdlLnRlc3QiLCJyb2xlIjoic3R1ZGVudCIsImlhdCI6MTc3ODE5NTgyNywiZXhwIjoxNzc4MjAzMDI3fQ.YZLj7u4MVtuFZl8HdOLqN0F5uaYW16kvdv8hqd8-TpY,69fd1d6de7a6b5b2035927c5,69fd1d73e7a6b5b203592b57
eyJhbGciOiJIUzI1NiIsInR5cCI6IkpXVCJ9.eyJpZCI6IjY5ZmQxZDczZTdhNmI1YjIwMzU5MmI1OCIsImVtYWlsIjoibG9hZHRlc3QtMDkwNUBpY2hhbmdlLnRlc3QiLCJyb2xlIjoic3R1ZGVudCIsImlhdCI6MTc3ODE5NTgyNywiZXhwIjoxNzc4MjAzMDI3fQ._l9l1UFOp6s_ao4VKN-qJKMZB5Zsok2EhUonZDSP4J0,69fd1d6de7a6b5b2035927c5,69fd1d73e7a6b5b203592b58
eyJhbGciOiJIUzI1NiIsInR5cCI6IkpXVCJ9.eyJpZCI6IjY5ZmQxZDczZTdhNmI1YjIwMzU5MmI1OSIsImVtYWlsIjoibG9hZHRlc3QtMDkwNkBpY2hhbmdlLnRlc3QiLCJyb2xlIjoic3R1ZGVudCIsImlhdCI6MTc3ODE5NTgyNywiZXhwIjoxNzc4MjAzMDI3fQ.a_N_zuFojNDI1f3QMGlNL88f6L0XjsPEaEmNuJSNlpU,69fd1d6de7a6b5b2035927c5,69fd1d73e7a6b5b203592b59
eyJhbGciOiJIUzI1NiIsInR5cCI6IkpXVCJ9.eyJpZCI6IjY5ZmQxZDczZTdhNmI1YjIwMzU5MmI1YSIsImVtYWlsIjoibG9hZHRlc3QtMDkwN0BpY2hhbmdlLnRlc3QiLCJyb2xlIjoic3R1ZGVudCIsImlhdCI6MTc3ODE5NTgyNywiZXhwIjoxNzc4MjAzMDI3fQ.2J0W2bl5mBwnMh0EZWfvidzjxHMPudEuANAcaMOiPjE,69fd1d6de7a6b5b2035927c5,69fd1d73e7a6b5b203592b5a
eyJhbGciOiJIUzI1NiIsInR5cCI6IkpXVCJ9.eyJpZCI6IjY5ZmQxZDczZTdhNmI1YjIwMzU5MmI1YiIsImVtYWlsIjoibG9hZHRlc3QtMDkwOEBpY2hhbmdlLnRlc3QiLCJyb2xlIjoic3R1ZGVudCIsImlhdCI6MTc3ODE5NTgyNywiZXhwIjoxNzc4MjAzMDI3fQ.AbwRL0dvtvFGRywdsjw3JhNnBq0FZO48CVNKY_ZFKFY,69fd1d6de7a6b5b2035927c5,69fd1d73e7a6b5b203592b5b
eyJhbGciOiJIUzI1NiIsInR5cCI6IkpXVCJ9.eyJpZCI6IjY5ZmQxZDczZTdhNmI1YjIwMzU5MmI1YyIsImVtYWlsIjoibG9hZHRlc3QtMDkwOUBpY2hhbmdlLnRlc3QiLCJyb2xlIjoic3R1ZGVudCIsImlhdCI6MTc3ODE5NTgyNywiZXhwIjoxNzc4MjAzMDI3fQ.dWt8u2Qv0PNMX2MS80xPWxWsQ3-8gXtYnoWP1AE7njI,69fd1d6de7a6b5b2035927c5,69fd1d73e7a6b5b203592b5c
eyJhbGciOiJIUzI1NiIsInR5cCI6IkpXVCJ9.eyJpZCI6IjY5ZmQxZDczZTdhNmI1YjIwMzU5MmI1ZCIsImVtYWlsIjoibG9hZHRlc3QtMDkxMEBpY2hhbmdlLnRlc3QiLCJyb2xlIjoic3R1ZGVudCIsImlhdCI6MTc3ODE5NTgyNywiZXhwIjoxNzc4MjAzMDI3fQ.VUr54xd-clMNgS2IbPtPiMNH_mpKYKrVpHCBJqysUwo,69fd1d6de7a6b5b2035927c5,69fd1d73e7a6b5b203592b5d
eyJhbGciOiJIUzI1NiIsInR5cCI6IkpXVCJ9.eyJpZCI6IjY5ZmQxZDczZTdhNmI1YjIwMzU5MmI1ZSIsImVtYWlsIjoibG9hZHRlc3QtMDkxMUBpY2hhbmdlLnRlc3QiLCJyb2xlIjoic3R1ZGVudCIsImlhdCI6MTc3ODE5NTgyNywiZXhwIjoxNzc4MjAzMDI3fQ.HwGrt7NIG1laiMD_B3Q-N7iRg4PAS9kLbQyri4WEoPo,69fd1d6de7a6b5b2035927c5,69fd1d73e7a6b5b203592b5e
eyJhbGciOiJIUzI1NiIsInR5cCI6IkpXVCJ9.eyJpZCI6IjY5ZmQxZDczZTdhNmI1YjIwMzU5MmI1ZiIsImVtYWlsIjoibG9hZHRlc3QtMDkxMkBpY2hhbmdlLnRlc3QiLCJyb2xlIjoic3R1ZGVudCIsImlhdCI6MTc3ODE5NTgyNywiZXhwIjoxNzc4MjAzMDI3fQ.20ur8OfCwOM4y4aV3k_cTk3jBGVyCfTTV7SNJ33BAzs,69fd1d6de7a6b5b2035927c5,69fd1d73e7a6b5b203592b5f
eyJhbGciOiJIUzI1NiIsInR5cCI6IkpXVCJ9.eyJpZCI6IjY5ZmQxZDczZTdhNmI1YjIwMzU5MmI2MCIsImVtYWlsIjoibG9hZHRlc3QtMDkxM0BpY2hhbmdlLnRlc3QiLCJyb2xlIjoic3R1ZGVudCIsImlhdCI6MTc3ODE5NTgyNywiZXhwIjoxNzc4MjAzMDI3fQ.ie91LK6oL7_zsV1tcaeqm_DbxgN506i3P9XsJaz4Jzs,69fd1d6de7a6b5b2035927c5,69fd1d73e7a6b5b203592b60
eyJhbGciOiJIUzI1NiIsInR5cCI6IkpXVCJ9.eyJpZCI6IjY5ZmQxZDczZTdhNmI1YjIwMzU5MmI2MSIsImVtYWlsIjoibG9hZHRlc3QtMDkxNEBpY2hhbmdlLnRlc3QiLCJyb2xlIjoic3R1ZGVudCIsImlhdCI6MTc3ODE5NTgyNywiZXhwIjoxNzc4MjAzMDI3fQ.2B2pCDDXpFxF9U0MKM2mhfadLmwvmJBHoziYd3MrRI8,69fd1d6de7a6b5b2035927c5,69fd1d73e7a6b5b203592b61
eyJhbGciOiJIUzI1NiIsInR5cCI6IkpXVCJ9.eyJpZCI6IjY5ZmQxZDczZTdhNmI1YjIwMzU5MmI2MiIsImVtYWlsIjoibG9hZHRlc3QtMDkxNUBpY2hhbmdlLnRlc3QiLCJyb2xlIjoic3R1ZGVudCIsImlhdCI6MTc3ODE5NTgyNywiZXhwIjoxNzc4MjAzMDI3fQ.OaWY98d1uktN_NRhctywFWtcVYZ8YLjIqFPrrfkXQ70,69fd1d6de7a6b5b2035927c5,69fd1d73e7a6b5b203592b62
eyJhbGciOiJIUzI1NiIsInR5cCI6IkpXVCJ9.eyJpZCI6IjY5ZmQxZDczZTdhNmI1YjIwMzU5MmI2MyIsImVtYWlsIjoibG9hZHRlc3QtMDkxNkBpY2hhbmdlLnRlc3QiLCJyb2xlIjoic3R1ZGVudCIsImlhdCI6MTc3ODE5NTgyNywiZXhwIjoxNzc4MjAzMDI3fQ.dHlMxHUY3Gjf5sPxRVN9fZAOt2_14dSwU9h_iatt5Q0,69fd1d6de7a6b5b2035927c5,69fd1d73e7a6b5b203592b63
eyJhbGciOiJIUzI1NiIsInR5cCI6IkpXVCJ9.eyJpZCI6IjY5ZmQxZDczZTdhNmI1YjIwMzU5MmI2NCIsImVtYWlsIjoibG9hZHRlc3QtMDkxN0BpY2hhbmdlLnRlc3QiLCJyb2xlIjoic3R1ZGVudCIsImlhdCI6MTc3ODE5NTgyNywiZXhwIjoxNzc4MjAzMDI3fQ.knrxleBfNmPq_vYPkrQmf5ffSsuPSq8snKCRueIInoA,69fd1d6de7a6b5b2035927c5,69fd1d73e7a6b5b203592b64
eyJhbGciOiJIUzI1NiIsInR5cCI6IkpXVCJ9.eyJpZCI6IjY5ZmQxZDczZTdhNmI1YjIwMzU5MmI2NSIsImVtYWlsIjoibG9hZHRlc3QtMDkxOEBpY2hhbmdlLnRlc3QiLCJyb2xlIjoic3R1ZGVudCIsImlhdCI6MTc3ODE5NTgyNywiZXhwIjoxNzc4MjAzMDI3fQ.zv8iSvqBTtpTl2qHEzEkjOaLI-7L7zEGt7O-Xe_5Pm8,69fd1d6de7a6b5b2035927c5,69fd1d73e7a6b5b203592b65
eyJhbGciOiJIUzI1NiIsInR5cCI6IkpXVCJ9.eyJpZCI6IjY5ZmQxZDczZTdhNmI1YjIwMzU5MmI2NiIsImVtYWlsIjoibG9hZHRlc3QtMDkxOUBpY2hhbmdlLnRlc3QiLCJyb2xlIjoic3R1ZGVudCIsImlhdCI6MTc3ODE5NTgyNywiZXhwIjoxNzc4MjAzMDI3fQ.iD-xSgAdDiwruHrB5rqxgoHhT4Od-qkqZwyEXcI_2wc,69fd1d6de7a6b5b2035927c5,69fd1d73e7a6b5b203592b66
eyJhbGciOiJIUzI1NiIsInR5cCI6IkpXVCJ9.eyJpZCI6IjY5ZmQxZDczZTdhNmI1YjIwMzU5MmI2NyIsImVtYWlsIjoibG9hZHRlc3QtMDkyMEBpY2hhbmdlLnRlc3QiLCJyb2xlIjoic3R1ZGVudCIsImlhdCI6MTc3ODE5NTgyNywiZXhwIjoxNzc4MjAzMDI3fQ.gv9xdCHpVmACJ2atYL0STH4Om5Q9ivbfoWfDbeD-s3w,69fd1d6de7a6b5b2035927c5,69fd1d73e7a6b5b203592b67
eyJhbGciOiJIUzI1NiIsInR5cCI6IkpXVCJ9.eyJpZCI6IjY5ZmQxZDczZTdhNmI1YjIwMzU5MmI2OCIsImVtYWlsIjoibG9hZHRlc3QtMDkyMUBpY2hhbmdlLnRlc3QiLCJyb2xlIjoic3R1ZGVudCIsImlhdCI6MTc3ODE5NTgyNywiZXhwIjoxNzc4MjAzMDI3fQ.x6PTQVgxWOJY5o8JFS5LzZ9iMyYrmeinjcq5kxx1GdU,69fd1d6de7a6b5b2035927c5,69fd1d73e7a6b5b203592b68
eyJhbGciOiJIUzI1NiIsInR5cCI6IkpXVCJ9.eyJpZCI6IjY5ZmQxZDczZTdhNmI1YjIwMzU5MmI2OSIsImVtYWlsIjoibG9hZHRlc3QtMDkyMkBpY2hhbmdlLnRlc3QiLCJyb2xlIjoic3R1ZGVudCIsImlhdCI6MTc3ODE5NTgyNywiZXhwIjoxNzc4MjAzMDI3fQ.zh8eRyCuyjBQCyW3V0bc2YQa5-5nvLqs7McWs8MqV78,69fd1d6de7a6b5b2035927c5,69fd1d73e7a6b5b203592b69
eyJhbGciOiJIUzI1NiIsInR5cCI6IkpXVCJ9.eyJpZCI6IjY5ZmQxZDczZTdhNmI1YjIwMzU5MmI2YSIsImVtYWlsIjoibG9hZHRlc3QtMDkyM0BpY2hhbmdlLnRlc3QiLCJyb2xlIjoic3R1ZGVudCIsImlhdCI6MTc3ODE5NTgyNywiZXhwIjoxNzc4MjAzMDI3fQ.J4OpfYaFVv2n9WHbsSOx5ce0vkKD0FRrO8oEN3jPnc4,69fd1d6de7a6b5b2035927c5,69fd1d73e7a6b5b203592b6a
eyJhbGciOiJIUzI1NiIsInR5cCI6IkpXVCJ9.eyJpZCI6IjY5ZmQxZDczZTdhNmI1YjIwMzU5MmI2YiIsImVtYWlsIjoibG9hZHRlc3QtMDkyNEBpY2hhbmdlLnRlc3QiLCJyb2xlIjoic3R1ZGVudCIsImlhdCI6MTc3ODE5NTgyNywiZXhwIjoxNzc4MjAzMDI3fQ.3Du2gE-YEdpFFuGuvy0KVjTjKNzONOHumTiO-i0C59Y,69fd1d6de7a6b5b2035927c5,69fd1d73e7a6b5b203592b6b
eyJhbGciOiJIUzI1NiIsInR5cCI6IkpXVCJ9.eyJpZCI6IjY5ZmQxZDczZTdhNmI1YjIwMzU5MmI2YyIsImVtYWlsIjoibG9hZHRlc3QtMDkyNUBpY2hhbmdlLnRlc3QiLCJyb2xlIjoic3R1ZGVudCIsImlhdCI6MTc3ODE5NTgyNywiZXhwIjoxNzc4MjAzMDI3fQ.f6HfDPcnGk7VxoPfGkDLVmuTLwC0yn0WNXQwP6Y9PnQ,69fd1d6de7a6b5b2035927c5,69fd1d73e7a6b5b203592b6c
eyJhbGciOiJIUzI1NiIsInR5cCI6IkpXVCJ9.eyJpZCI6IjY5ZmQxZDczZTdhNmI1YjIwMzU5MmI2ZCIsImVtYWlsIjoibG9hZHRlc3QtMDkyNkBpY2hhbmdlLnRlc3QiLCJyb2xlIjoic3R1ZGVudCIsImlhdCI6MTc3ODE5NTgyNywiZXhwIjoxNzc4MjAzMDI3fQ.MKzu8kHiOAGN8Sh8f9rd1eecwo3cb2Lkxu-VvY1x77Y,69fd1d6de7a6b5b2035927c5,69fd1d73e7a6b5b203592b6d
eyJhbGciOiJIUzI1NiIsInR5cCI6IkpXVCJ9.eyJpZCI6IjY5ZmQxZDczZTdhNmI1YjIwMzU5MmI2ZSIsImVtYWlsIjoibG9hZHRlc3QtMDkyN0BpY2hhbmdlLnRlc3QiLCJyb2xlIjoic3R1ZGVudCIsImlhdCI6MTc3ODE5NTgyNywiZXhwIjoxNzc4MjAzMDI3fQ.c0ZGETocxqIuZiNNAdoM7TyJGzI-2sCRwj68-S0XCfk,69fd1d6de7a6b5b2035927c5,69fd1d73e7a6b5b203592b6e
eyJhbGciOiJIUzI1NiIsInR5cCI6IkpXVCJ9.eyJpZCI6IjY5ZmQxZDczZTdhNmI1YjIwMzU5MmI2ZiIsImVtYWlsIjoibG9hZHRlc3QtMDkyOEBpY2hhbmdlLnRlc3QiLCJyb2xlIjoic3R1ZGVudCIsImlhdCI6MTc3ODE5NTgyNywiZXhwIjoxNzc4MjAzMDI3fQ.R37m4AnZvPZmv_w3quUuf04HY_A5qtzSqzrilW3rp48,69fd1d6de7a6b5b2035927c5,69fd1d73e7a6b5b203592b6f
eyJhbGciOiJIUzI1NiIsInR5cCI6IkpXVCJ9.eyJpZCI6IjY5ZmQxZDczZTdhNmI1YjIwMzU5MmI3MCIsImVtYWlsIjoibG9hZHRlc3QtMDkyOUBpY2hhbmdlLnRlc3QiLCJyb2xlIjoic3R1ZGVudCIsImlhdCI6MTc3ODE5NTgyNywiZXhwIjoxNzc4MjAzMDI3fQ.IHQjWnKX-Cd54afDLUkJNInQ7OhTit8XdpRUJinBf3Y,69fd1d6de7a6b5b2035927c5,69fd1d73e7a6b5b203592b70
eyJhbGciOiJIUzI1NiIsInR5cCI6IkpXVCJ9.eyJpZCI6IjY5ZmQxZDczZTdhNmI1YjIwMzU5MmI3MSIsImVtYWlsIjoibG9hZHRlc3QtMDkzMEBpY2hhbmdlLnRlc3QiLCJyb2xlIjoic3R1ZGVudCIsImlhdCI6MTc3ODE5NTgyNywiZXhwIjoxNzc4MjAzMDI3fQ.Yvnp-2l818o7mjm78lM2c5Q4Xu-9JoR6Xiz7WBqM8cM,69fd1d6de7a6b5b2035927c5,69fd1d73e7a6b5b203592b71
eyJhbGciOiJIUzI1NiIsInR5cCI6IkpXVCJ9.eyJpZCI6IjY5ZmQxZDczZTdhNmI1YjIwMzU5MmI3MiIsImVtYWlsIjoibG9hZHRlc3QtMDkzMUBpY2hhbmdlLnRlc3QiLCJyb2xlIjoic3R1ZGVudCIsImlhdCI6MTc3ODE5NTgyNywiZXhwIjoxNzc4MjAzMDI3fQ.tKTcNzuNCfJhyC6JbpxyeAOXUYn6J9ihZKrw2v2pncU,69fd1d6de7a6b5b2035927c5,69fd1d73e7a6b5b203592b72
eyJhbGciOiJIUzI1NiIsInR5cCI6IkpXVCJ9.eyJpZCI6IjY5ZmQxZDczZTdhNmI1YjIwMzU5MmI3MyIsImVtYWlsIjoibG9hZHRlc3QtMDkzMkBpY2hhbmdlLnRlc3QiLCJyb2xlIjoic3R1ZGVudCIsImlhdCI6MTc3ODE5NTgyNywiZXhwIjoxNzc4MjAzMDI3fQ.WfsdgQQnN7jCTBMES1YNOjxJ_GrSrnpziCuj--2ECk0,69fd1d6de7a6b5b2035927c5,69fd1d73e7a6b5b203592b73
eyJhbGciOiJIUzI1NiIsInR5cCI6IkpXVCJ9.eyJpZCI6IjY5ZmQxZDczZTdhNmI1YjIwMzU5MmI3NCIsImVtYWlsIjoibG9hZHRlc3QtMDkzM0BpY2hhbmdlLnRlc3QiLCJyb2xlIjoic3R1ZGVudCIsImlhdCI6MTc3ODE5NTgyNywiZXhwIjoxNzc4MjAzMDI3fQ.6PyObsgSoaSMo8ouaZz_0PVWdhBzL1JIIYOpHFLv7Z4,69fd1d6de7a6b5b2035927c5,69fd1d73e7a6b5b203592b74
eyJhbGciOiJIUzI1NiIsInR5cCI6IkpXVCJ9.eyJpZCI6IjY5ZmQxZDczZTdhNmI1YjIwMzU5MmI3NSIsImVtYWlsIjoibG9hZHRlc3QtMDkzNEBpY2hhbmdlLnRlc3QiLCJyb2xlIjoic3R1ZGVudCIsImlhdCI6MTc3ODE5NTgyNywiZXhwIjoxNzc4MjAzMDI3fQ.z7osSXLkCovSBaAN-OtE3kyc8fd8uZJDLpECLoS2Uvo,69fd1d6de7a6b5b2035927c5,69fd1d73e7a6b5b203592b75
eyJhbGciOiJIUzI1NiIsInR5cCI6IkpXVCJ9.eyJpZCI6IjY5ZmQxZDczZTdhNmI1YjIwMzU5MmI3NiIsImVtYWlsIjoibG9hZHRlc3QtMDkzNUBpY2hhbmdlLnRlc3QiLCJyb2xlIjoic3R1ZGVudCIsImlhdCI6MTc3ODE5NTgyNywiZXhwIjoxNzc4MjAzMDI3fQ.MdqFYGheK2zGyfvnoS9F6OQFmNixZLtArll-A8QK5XQ,69fd1d6de7a6b5b2035927c5,69fd1d73e7a6b5b203592b76
eyJhbGciOiJIUzI1NiIsInR5cCI6IkpXVCJ9.eyJpZCI6IjY5ZmQxZDczZTdhNmI1YjIwMzU5MmI3NyIsImVtYWlsIjoibG9hZHRlc3QtMDkzNkBpY2hhbmdlLnRlc3QiLCJyb2xlIjoic3R1ZGVudCIsImlhdCI6MTc3ODE5NTgyNywiZXhwIjoxNzc4MjAzMDI3fQ.SwqbKUqqKq20uyo3hglgVSBeXFAK5x-xlsEmTVDphlw,69fd1d6de7a6b5b2035927c5,69fd1d73e7a6b5b203592b77
eyJhbGciOiJIUzI1NiIsInR5cCI6IkpXVCJ9.eyJpZCI6IjY5ZmQxZDczZTdhNmI1YjIwMzU5MmI3OCIsImVtYWlsIjoibG9hZHRlc3QtMDkzN0BpY2hhbmdlLnRlc3QiLCJyb2xlIjoic3R1ZGVudCIsImlhdCI6MTc3ODE5NTgyNywiZXhwIjoxNzc4MjAzMDI3fQ.wIfj2x_sot2OQvcU_EtE1EoXJAmoVPzZd7JBc2cfd-g,69fd1d6de7a6b5b2035927c5,69fd1d73e7a6b5b203592b78
eyJhbGciOiJIUzI1NiIsInR5cCI6IkpXVCJ9.eyJpZCI6IjY5ZmQxZDczZTdhNmI1YjIwMzU5MmI3OSIsImVtYWlsIjoibG9hZHRlc3QtMDkzOEBpY2hhbmdlLnRlc3QiLCJyb2xlIjoic3R1ZGVudCIsImlhdCI6MTc3ODE5NTgyNywiZXhwIjoxNzc4MjAzMDI3fQ.1HZfznWYVpw_uplHQO91p6ypNJjFLPgWzU9Mzming10,69fd1d6de7a6b5b2035927c5,69fd1d73e7a6b5b203592b79
eyJhbGciOiJIUzI1NiIsInR5cCI6IkpXVCJ9.eyJpZCI6IjY5ZmQxZDczZTdhNmI1YjIwMzU5MmI3YSIsImVtYWlsIjoibG9hZHRlc3QtMDkzOUBpY2hhbmdlLnRlc3QiLCJyb2xlIjoic3R1ZGVudCIsImlhdCI6MTc3ODE5NTgyNywiZXhwIjoxNzc4MjAzMDI3fQ.C__300uY2n2HC4yGUsvYxSOk_2IxKRNfEcVOwx9rPZY,69fd1d6de7a6b5b2035927c5,69fd1d73e7a6b5b203592b7a
eyJhbGciOiJIUzI1NiIsInR5cCI6IkpXVCJ9.eyJpZCI6IjY5ZmQxZDczZTdhNmI1YjIwMzU5MmI3YiIsImVtYWlsIjoibG9hZHRlc3QtMDk0MEBpY2hhbmdlLnRlc3QiLCJyb2xlIjoic3R1ZGVudCIsImlhdCI6MTc3ODE5NTgyNywiZXhwIjoxNzc4MjAzMDI3fQ.QLKJpZdzk-GBfA-ESp7N1Z4o872jw8otm1MXg0OMkzk,69fd1d6de7a6b5b2035927c5,69fd1d73e7a6b5b203592b7b
eyJhbGciOiJIUzI1NiIsInR5cCI6IkpXVCJ9.eyJpZCI6IjY5ZmQxZDczZTdhNmI1YjIwMzU5MmI3YyIsImVtYWlsIjoibG9hZHRlc3QtMDk0MUBpY2hhbmdlLnRlc3QiLCJyb2xlIjoic3R1ZGVudCIsImlhdCI6MTc3ODE5NTgyNywiZXhwIjoxNzc4MjAzMDI3fQ.o31x_2IMbm3SK9N7mMSw27ikpWYya0cbPSZRPyJNkys,69fd1d6de7a6b5b2035927c5,69fd1d73e7a6b5b203592b7c
eyJhbGciOiJIUzI1NiIsInR5cCI6IkpXVCJ9.eyJpZCI6IjY5ZmQxZDczZTdhNmI1YjIwMzU5MmI3ZCIsImVtYWlsIjoibG9hZHRlc3QtMDk0MkBpY2hhbmdlLnRlc3QiLCJyb2xlIjoic3R1ZGVudCIsImlhdCI6MTc3ODE5NTgyNywiZXhwIjoxNzc4MjAzMDI3fQ.aGZW5og4kYs2Oyq4np1gydyM7Sy99yREYTg46MV4lp0,69fd1d6de7a6b5b2035927c5,69fd1d73e7a6b5b203592b7d
eyJhbGciOiJIUzI1NiIsInR5cCI6IkpXVCJ9.eyJpZCI6IjY5ZmQxZDczZTdhNmI1YjIwMzU5MmI3ZSIsImVtYWlsIjoibG9hZHRlc3QtMDk0M0BpY2hhbmdlLnRlc3QiLCJyb2xlIjoic3R1ZGVudCIsImlhdCI6MTc3ODE5NTgyNywiZXhwIjoxNzc4MjAzMDI3fQ.x5WFklMRsLrIViWSgeKBBEs1QFggzAMf8ZdPCfcEkWI,69fd1d6de7a6b5b2035927c5,69fd1d73e7a6b5b203592b7e
eyJhbGciOiJIUzI1NiIsInR5cCI6IkpXVCJ9.eyJpZCI6IjY5ZmQxZDczZTdhNmI1YjIwMzU5MmI3ZiIsImVtYWlsIjoibG9hZHRlc3QtMDk0NEBpY2hhbmdlLnRlc3QiLCJyb2xlIjoic3R1ZGVudCIsImlhdCI6MTc3ODE5NTgyNywiZXhwIjoxNzc4MjAzMDI3fQ.7XxtoP67urs2R8E7P-_g7yPvzm_LlwsrS2_k9sV1bQE,69fd1d6de7a6b5b2035927c5,69fd1d73e7a6b5b203592b7f
eyJhbGciOiJIUzI1NiIsInR5cCI6IkpXVCJ9.eyJpZCI6IjY5ZmQxZDczZTdhNmI1YjIwMzU5MmI4MCIsImVtYWlsIjoibG9hZHRlc3QtMDk0NUBpY2hhbmdlLnRlc3QiLCJyb2xlIjoic3R1ZGVudCIsImlhdCI6MTc3ODE5NTgyNywiZXhwIjoxNzc4MjAzMDI3fQ.gw28MHGvwkfSm7feNUCFA1GXKknVTzd2KO4nZK6Mkv0,69fd1d6de7a6b5b2035927c5,69fd1d73e7a6b5b203592b80
eyJhbGciOiJIUzI1NiIsInR5cCI6IkpXVCJ9.eyJpZCI6IjY5ZmQxZDczZTdhNmI1YjIwMzU5MmI4MSIsImVtYWlsIjoibG9hZHRlc3QtMDk0NkBpY2hhbmdlLnRlc3QiLCJyb2xlIjoic3R1ZGVudCIsImlhdCI6MTc3ODE5NTgyNywiZXhwIjoxNzc4MjAzMDI3fQ.gjo2YL-LE2yILt-3mYojkMrqy44LVva2_qrBeRdWZDw,69fd1d6de7a6b5b2035927c5,69fd1d73e7a6b5b203592b81
eyJhbGciOiJIUzI1NiIsInR5cCI6IkpXVCJ9.eyJpZCI6IjY5ZmQxZDczZTdhNmI1YjIwMzU5MmI4MiIsImVtYWlsIjoibG9hZHRlc3QtMDk0N0BpY2hhbmdlLnRlc3QiLCJyb2xlIjoic3R1ZGVudCIsImlhdCI6MTc3ODE5NTgyNywiZXhwIjoxNzc4MjAzMDI3fQ.lAZabWR1LkdavR8af2tMcC8PLpZzLpent8_Fd2MQb3c,69fd1d6de7a6b5b2035927c5,69fd1d73e7a6b5b203592b82
eyJhbGciOiJIUzI1NiIsInR5cCI6IkpXVCJ9.eyJpZCI6IjY5ZmQxZDczZTdhNmI1YjIwMzU5MmI4MyIsImVtYWlsIjoibG9hZHRlc3QtMDk0OEBpY2hhbmdlLnRlc3QiLCJyb2xlIjoic3R1ZGVudCIsImlhdCI6MTc3ODE5NTgyNywiZXhwIjoxNzc4MjAzMDI3fQ.HhK0FkuWGzzPwExIa5INYb7be0Gjo0iFCi7Fio-SblA,69fd1d6de7a6b5b2035927c5,69fd1d73e7a6b5b203592b83
eyJhbGciOiJIUzI1NiIsInR5cCI6IkpXVCJ9.eyJpZCI6IjY5ZmQxZDczZTdhNmI1YjIwMzU5MmI4NCIsImVtYWlsIjoibG9hZHRlc3QtMDk0OUBpY2hhbmdlLnRlc3QiLCJyb2xlIjoic3R1ZGVudCIsImlhdCI6MTc3ODE5NTgyNywiZXhwIjoxNzc4MjAzMDI3fQ.uOqPC9QCd9zMJUqEtOFIXW4ckHIFZycGN0wVtY4oS4k,69fd1d6de7a6b5b2035927c5,69fd1d73e7a6b5b203592b84
eyJhbGciOiJIUzI1NiIsInR5cCI6IkpXVCJ9.eyJpZCI6IjY5ZmQxZDczZTdhNmI1YjIwMzU5MmI4NSIsImVtYWlsIjoibG9hZHRlc3QtMDk1MEBpY2hhbmdlLnRlc3QiLCJyb2xlIjoic3R1ZGVudCIsImlhdCI6MTc3ODE5NTgyNywiZXhwIjoxNzc4MjAzMDI3fQ.L2mIRvj5lvDPlS7BfGq0undlyTi3JmSI93qmtRj7ezw,69fd1d6de7a6b5b2035927c5,69fd1d73e7a6b5b203592b85
eyJhbGciOiJIUzI1NiIsInR5cCI6IkpXVCJ9.eyJpZCI6IjY5ZmQxZDczZTdhNmI1YjIwMzU5MmI4NiIsImVtYWlsIjoibG9hZHRlc3QtMDk1MUBpY2hhbmdlLnRlc3QiLCJyb2xlIjoic3R1ZGVudCIsImlhdCI6MTc3ODE5NTgyNywiZXhwIjoxNzc4MjAzMDI3fQ._lM5SEFEBTgzSvMXjfv4n35HAeUC5ZAP87i8hOtbGLI,69fd1d6de7a6b5b2035927c5,69fd1d73e7a6b5b203592b86
eyJhbGciOiJIUzI1NiIsInR5cCI6IkpXVCJ9.eyJpZCI6IjY5ZmQxZDczZTdhNmI1YjIwMzU5MmI4NyIsImVtYWlsIjoibG9hZHRlc3QtMDk1MkBpY2hhbmdlLnRlc3QiLCJyb2xlIjoic3R1ZGVudCIsImlhdCI6MTc3ODE5NTgyNywiZXhwIjoxNzc4MjAzMDI3fQ.UQaHcXz1yCUz7NdrPpFsXP-i_HdlEQEr6UsTug9a-Bo,69fd1d6de7a6b5b2035927c5,69fd1d73e7a6b5b203592b87
eyJhbGciOiJIUzI1NiIsInR5cCI6IkpXVCJ9.eyJpZCI6IjY5ZmQxZDczZTdhNmI1YjIwMzU5MmI4OCIsImVtYWlsIjoibG9hZHRlc3QtMDk1M0BpY2hhbmdlLnRlc3QiLCJyb2xlIjoic3R1ZGVudCIsImlhdCI6MTc3ODE5NTgyNywiZXhwIjoxNzc4MjAzMDI3fQ.Lb6hF2r250Lrt2quvPbNDAzb_4xV65K_xoObkOGa3vo,69fd1d6de7a6b5b2035927c5,69fd1d73e7a6b5b203592b88
eyJhbGciOiJIUzI1NiIsInR5cCI6IkpXVCJ9.eyJpZCI6IjY5ZmQxZDczZTdhNmI1YjIwMzU5MmI4OSIsImVtYWlsIjoibG9hZHRlc3QtMDk1NEBpY2hhbmdlLnRlc3QiLCJyb2xlIjoic3R1ZGVudCIsImlhdCI6MTc3ODE5NTgyNywiZXhwIjoxNzc4MjAzMDI3fQ.VS0x2T_mguKAo7V2pNMWcY7iUM6HLbaKFqx7H6x3QwQ,69fd1d6de7a6b5b2035927c5,69fd1d73e7a6b5b203592b89
eyJhbGciOiJIUzI1NiIsInR5cCI6IkpXVCJ9.eyJpZCI6IjY5ZmQxZDczZTdhNmI1YjIwMzU5MmI4YSIsImVtYWlsIjoibG9hZHRlc3QtMDk1NUBpY2hhbmdlLnRlc3QiLCJyb2xlIjoic3R1ZGVudCIsImlhdCI6MTc3ODE5NTgyNywiZXhwIjoxNzc4MjAzMDI3fQ.vzg4ytulD8aN6rgnbcV5u0LF_h-p1rebMNDYnVC14y0,69fd1d6de7a6b5b2035927c5,69fd1d73e7a6b5b203592b8a
eyJhbGciOiJIUzI1NiIsInR5cCI6IkpXVCJ9.eyJpZCI6IjY5ZmQxZDczZTdhNmI1YjIwMzU5MmI4YiIsImVtYWlsIjoibG9hZHRlc3QtMDk1NkBpY2hhbmdlLnRlc3QiLCJyb2xlIjoic3R1ZGVudCIsImlhdCI6MTc3ODE5NTgyNywiZXhwIjoxNzc4MjAzMDI3fQ.s1QlzcrgNZRDkXrH0uRv1kMZnQgRnw-3-qEeAZD195A,69fd1d6de7a6b5b2035927c5,69fd1d73e7a6b5b203592b8b
eyJhbGciOiJIUzI1NiIsInR5cCI6IkpXVCJ9.eyJpZCI6IjY5ZmQxZDczZTdhNmI1YjIwMzU5MmI4YyIsImVtYWlsIjoibG9hZHRlc3QtMDk1N0BpY2hhbmdlLnRlc3QiLCJyb2xlIjoic3R1ZGVudCIsImlhdCI6MTc3ODE5NTgyNywiZXhwIjoxNzc4MjAzMDI3fQ.ZsQVem5vsTOtAGay3yBAeusA5vMdSjS2_2cKZhzldfY,69fd1d6de7a6b5b2035927c5,69fd1d73e7a6b5b203592b8c
eyJhbGciOiJIUzI1NiIsInR5cCI6IkpXVCJ9.eyJpZCI6IjY5ZmQxZDczZTdhNmI1YjIwMzU5MmI4ZCIsImVtYWlsIjoibG9hZHRlc3QtMDk1OEBpY2hhbmdlLnRlc3QiLCJyb2xlIjoic3R1ZGVudCIsImlhdCI6MTc3ODE5NTgyNywiZXhwIjoxNzc4MjAzMDI3fQ.U6EmwJuVwXudsYrFybYM_czzg5AB7qJeyoH-kcD8nLg,69fd1d6de7a6b5b2035927c5,69fd1d73e7a6b5b203592b8d
eyJhbGciOiJIUzI1NiIsInR5cCI6IkpXVCJ9.eyJpZCI6IjY5ZmQxZDczZTdhNmI1YjIwMzU5MmI4ZSIsImVtYWlsIjoibG9hZHRlc3QtMDk1OUBpY2hhbmdlLnRlc3QiLCJyb2xlIjoic3R1ZGVudCIsImlhdCI6MTc3ODE5NTgyNywiZXhwIjoxNzc4MjAzMDI3fQ.CwmT3LRV5WEiUQE3I1rRPzO_Mszt1ohuXSIT_NxFQjU,69fd1d6de7a6b5b2035927c5,69fd1d73e7a6b5b203592b8e
eyJhbGciOiJIUzI1NiIsInR5cCI6IkpXVCJ9.eyJpZCI6IjY5ZmQxZDczZTdhNmI1YjIwMzU5MmI4ZiIsImVtYWlsIjoibG9hZHRlc3QtMDk2MEBpY2hhbmdlLnRlc3QiLCJyb2xlIjoic3R1ZGVudCIsImlhdCI6MTc3ODE5NTgyNywiZXhwIjoxNzc4MjAzMDI3fQ.FNQxukaQjGe8k4tKSn8oS1QDpcDcxcQN3bbkdMab3Eg,69fd1d6de7a6b5b2035927c5,69fd1d73e7a6b5b203592b8f
eyJhbGciOiJIUzI1NiIsInR5cCI6IkpXVCJ9.eyJpZCI6IjY5ZmQxZDczZTdhNmI1YjIwMzU5MmI5MCIsImVtYWlsIjoibG9hZHRlc3QtMDk2MUBpY2hhbmdlLnRlc3QiLCJyb2xlIjoic3R1ZGVudCIsImlhdCI6MTc3ODE5NTgyNywiZXhwIjoxNzc4MjAzMDI3fQ.JIWCr46WRrmd7CIF9pQH3cqQqQ1MkbQ1RDXs-rYMB1s,69fd1d6de7a6b5b2035927c5,69fd1d73e7a6b5b203592b90
eyJhbGciOiJIUzI1NiIsInR5cCI6IkpXVCJ9.eyJpZCI6IjY5ZmQxZDczZTdhNmI1YjIwMzU5MmI5MSIsImVtYWlsIjoibG9hZHRlc3QtMDk2MkBpY2hhbmdlLnRlc3QiLCJyb2xlIjoic3R1ZGVudCIsImlhdCI6MTc3ODE5NTgyNywiZXhwIjoxNzc4MjAzMDI3fQ.gJwoB5SNb6PIl4jS5xRVLMQ6-_8Janw_4LXFxcJ4dyw,69fd1d6de7a6b5b2035927c5,69fd1d73e7a6b5b203592b91
eyJhbGciOiJIUzI1NiIsInR5cCI6IkpXVCJ9.eyJpZCI6IjY5ZmQxZDczZTdhNmI1YjIwMzU5MmI5MiIsImVtYWlsIjoibG9hZHRlc3QtMDk2M0BpY2hhbmdlLnRlc3QiLCJyb2xlIjoic3R1ZGVudCIsImlhdCI6MTc3ODE5NTgyNywiZXhwIjoxNzc4MjAzMDI3fQ.GjlelvCRZN8OuVPADMm2Uyfbr-R8cQinVbyxg50uZYU,69fd1d6de7a6b5b2035927c5,69fd1d73e7a6b5b203592b92
eyJhbGciOiJIUzI1NiIsInR5cCI6IkpXVCJ9.eyJpZCI6IjY5ZmQxZDczZTdhNmI1YjIwMzU5MmI5MyIsImVtYWlsIjoibG9hZHRlc3QtMDk2NEBpY2hhbmdlLnRlc3QiLCJyb2xlIjoic3R1ZGVudCIsImlhdCI6MTc3ODE5NTgyNywiZXhwIjoxNzc4MjAzMDI3fQ.-pf-ssx54IL-Mi1JDvkQlu1JKFELIUmXSRJfRRfsJS0,69fd1d6de7a6b5b2035927c5,69fd1d73e7a6b5b203592b93
eyJhbGciOiJIUzI1NiIsInR5cCI6IkpXVCJ9.eyJpZCI6IjY5ZmQxZDczZTdhNmI1YjIwMzU5MmI5NCIsImVtYWlsIjoibG9hZHRlc3QtMDk2NUBpY2hhbmdlLnRlc3QiLCJyb2xlIjoic3R1ZGVudCIsImlhdCI6MTc3ODE5NTgyNywiZXhwIjoxNzc4MjAzMDI3fQ.EjeTlnbSEVWvkJC2Jd-ChwmLGblKnPsrdHG3s82NAXg,69fd1d6de7a6b5b2035927c5,69fd1d73e7a6b5b203592b94
eyJhbGciOiJIUzI1NiIsInR5cCI6IkpXVCJ9.eyJpZCI6IjY5ZmQxZDczZTdhNmI1YjIwMzU5MmI5NSIsImVtYWlsIjoibG9hZHRlc3QtMDk2NkBpY2hhbmdlLnRlc3QiLCJyb2xlIjoic3R1ZGVudCIsImlhdCI6MTc3ODE5NTgyNywiZXhwIjoxNzc4MjAzMDI3fQ.HfvJWF_Q8-TgBQVCFE5l_2o6VajoeWpTrqaJfkDJpgo,69fd1d6de7a6b5b2035927c5,69fd1d73e7a6b5b203592b95
eyJhbGciOiJIUzI1NiIsInR5cCI6IkpXVCJ9.eyJpZCI6IjY5ZmQxZDczZTdhNmI1YjIwMzU5MmI5NiIsImVtYWlsIjoibG9hZHRlc3QtMDk2N0BpY2hhbmdlLnRlc3QiLCJyb2xlIjoic3R1ZGVudCIsImlhdCI6MTc3ODE5NTgyNywiZXhwIjoxNzc4MjAzMDI3fQ.uirscHoCBkncSoI17N54Xw-ay-AUnxdPmijgRt5EKeg,69fd1d6de7a6b5b2035927c5,69fd1d73e7a6b5b203592b96
eyJhbGciOiJIUzI1NiIsInR5cCI6IkpXVCJ9.eyJpZCI6IjY5ZmQxZDczZTdhNmI1YjIwMzU5MmI5NyIsImVtYWlsIjoibG9hZHRlc3QtMDk2OEBpY2hhbmdlLnRlc3QiLCJyb2xlIjoic3R1ZGVudCIsImlhdCI6MTc3ODE5NTgyNywiZXhwIjoxNzc4MjAzMDI3fQ.J13GQaIYuzZ2pbx3B2nxlTaeAahyptuWYHKKHoaWe80,69fd1d6de7a6b5b2035927c5,69fd1d73e7a6b5b203592b97
eyJhbGciOiJIUzI1NiIsInR5cCI6IkpXVCJ9.eyJpZCI6IjY5ZmQxZDczZTdhNmI1YjIwMzU5MmI5OCIsImVtYWlsIjoibG9hZHRlc3QtMDk2OUBpY2hhbmdlLnRlc3QiLCJyb2xlIjoic3R1ZGVudCIsImlhdCI6MTc3ODE5NTgyNywiZXhwIjoxNzc4MjAzMDI3fQ.fUlXs8CJ9xIRyig5SbOQ0M2-bz9wWEr_0AMqubCuoag,69fd1d6de7a6b5b2035927c5,69fd1d73e7a6b5b203592b98
eyJhbGciOiJIUzI1NiIsInR5cCI6IkpXVCJ9.eyJpZCI6IjY5ZmQxZDczZTdhNmI1YjIwMzU5MmI5OSIsImVtYWlsIjoibG9hZHRlc3QtMDk3MEBpY2hhbmdlLnRlc3QiLCJyb2xlIjoic3R1ZGVudCIsImlhdCI6MTc3ODE5NTgyNywiZXhwIjoxNzc4MjAzMDI3fQ.x9WzHeQhCB-oGTDP1uha3repsxAUyNKPeANeESAQnL8,69fd1d6de7a6b5b2035927c5,69fd1d73e7a6b5b203592b99
eyJhbGciOiJIUzI1NiIsInR5cCI6IkpXVCJ9.eyJpZCI6IjY5ZmQxZDczZTdhNmI1YjIwMzU5MmI5YSIsImVtYWlsIjoibG9hZHRlc3QtMDk3MUBpY2hhbmdlLnRlc3QiLCJyb2xlIjoic3R1ZGVudCIsImlhdCI6MTc3ODE5NTgyNywiZXhwIjoxNzc4MjAzMDI3fQ.WgJ_HI1jDld4bMULS1H6RaCXqozZ4yj9sYi8EUMfT1I,69fd1d6de7a6b5b2035927c5,69fd1d73e7a6b5b203592b9a
eyJhbGciOiJIUzI1NiIsInR5cCI6IkpXVCJ9.eyJpZCI6IjY5ZmQxZDczZTdhNmI1YjIwMzU5MmI5YiIsImVtYWlsIjoibG9hZHRlc3QtMDk3MkBpY2hhbmdlLnRlc3QiLCJyb2xlIjoic3R1ZGVudCIsImlhdCI6MTc3ODE5NTgyNywiZXhwIjoxNzc4MjAzMDI3fQ.njFxbrvti3OT0fxN5abRZfoGueOwbOMVxogNFq0EAQU,69fd1d6de7a6b5b2035927c5,69fd1d73e7a6b5b203592b9b
eyJhbGciOiJIUzI1NiIsInR5cCI6IkpXVCJ9.eyJpZCI6IjY5ZmQxZDczZTdhNmI1YjIwMzU5MmI5YyIsImVtYWlsIjoibG9hZHRlc3QtMDk3M0BpY2hhbmdlLnRlc3QiLCJyb2xlIjoic3R1ZGVudCIsImlhdCI6MTc3ODE5NTgyNywiZXhwIjoxNzc4MjAzMDI3fQ.kzjUW-RB6UkcRqF18AkKvZTSTqf11SucI-sEc5BmyGU,69fd1d6de7a6b5b2035927c5,69fd1d73e7a6b5b203592b9c
eyJhbGciOiJIUzI1NiIsInR5cCI6IkpXVCJ9.eyJpZCI6IjY5ZmQxZDczZTdhNmI1YjIwMzU5MmI5ZCIsImVtYWlsIjoibG9hZHRlc3QtMDk3NEBpY2hhbmdlLnRlc3QiLCJyb2xlIjoic3R1ZGVudCIsImlhdCI6MTc3ODE5NTgyNywiZXhwIjoxNzc4MjAzMDI3fQ.owgVmQEv_7VWaE6LcVcEiNyRYSsGeuq2uQInTpHsp5I,69fd1d6de7a6b5b2035927c5,69fd1d73e7a6b5b203592b9d
eyJhbGciOiJIUzI1NiIsInR5cCI6IkpXVCJ9.eyJpZCI6IjY5ZmQxZDczZTdhNmI1YjIwMzU5MmI5ZSIsImVtYWlsIjoibG9hZHRlc3QtMDk3NUBpY2hhbmdlLnRlc3QiLCJyb2xlIjoic3R1ZGVudCIsImlhdCI6MTc3ODE5NTgyNywiZXhwIjoxNzc4MjAzMDI3fQ.cypzrlgUYBvHGDpItg3vkOvwtPqKdGLp8o6YDcOwL70,69fd1d6de7a6b5b2035927c5,69fd1d73e7a6b5b203592b9e
eyJhbGciOiJIUzI1NiIsInR5cCI6IkpXVCJ9.eyJpZCI6IjY5ZmQxZDczZTdhNmI1YjIwMzU5MmI5ZiIsImVtYWlsIjoibG9hZHRlc3QtMDk3NkBpY2hhbmdlLnRlc3QiLCJyb2xlIjoic3R1ZGVudCIsImlhdCI6MTc3ODE5NTgyNywiZXhwIjoxNzc4MjAzMDI3fQ.iuCfhlGoo3g7w5LspJ1U1EMts-TOk54d4DrFoxMl2ys,69fd1d6de7a6b5b2035927c5,69fd1d73e7a6b5b203592b9f
eyJhbGciOiJIUzI1NiIsInR5cCI6IkpXVCJ9.eyJpZCI6IjY5ZmQxZDczZTdhNmI1YjIwMzU5MmJhMCIsImVtYWlsIjoibG9hZHRlc3QtMDk3N0BpY2hhbmdlLnRlc3QiLCJyb2xlIjoic3R1ZGVudCIsImlhdCI6MTc3ODE5NTgyNywiZXhwIjoxNzc4MjAzMDI3fQ.fyBJup1LRn5FOf9oGb5gP5Lb28eiuLK5sOqpvbjRgoo,69fd1d6de7a6b5b2035927c5,69fd1d73e7a6b5b203592ba0
eyJhbGciOiJIUzI1NiIsInR5cCI6IkpXVCJ9.eyJpZCI6IjY5ZmQxZDczZTdhNmI1YjIwMzU5MmJhMSIsImVtYWlsIjoibG9hZHRlc3QtMDk3OEBpY2hhbmdlLnRlc3QiLCJyb2xlIjoic3R1ZGVudCIsImlhdCI6MTc3ODE5NTgyNywiZXhwIjoxNzc4MjAzMDI3fQ.YVxjy3yEBbiyL1ALrsbHTqzQh7nXQ1kaaxBkYYwhMqg,69fd1d6de7a6b5b2035927c5,69fd1d73e7a6b5b203592ba1
eyJhbGciOiJIUzI1NiIsInR5cCI6IkpXVCJ9.eyJpZCI6IjY5ZmQxZDczZTdhNmI1YjIwMzU5MmJhMiIsImVtYWlsIjoibG9hZHRlc3QtMDk3OUBpY2hhbmdlLnRlc3QiLCJyb2xlIjoic3R1ZGVudCIsImlhdCI6MTc3ODE5NTgyNywiZXhwIjoxNzc4MjAzMDI3fQ.g3OlwzQn0MUGvTGZQ-KNWpqOUHZrcbEpYi1Sw0OY5Z4,69fd1d6de7a6b5b2035927c5,69fd1d73e7a6b5b203592ba2
eyJhbGciOiJIUzI1NiIsInR5cCI6IkpXVCJ9.eyJpZCI6IjY5ZmQxZDczZTdhNmI1YjIwMzU5MmJhMyIsImVtYWlsIjoibG9hZHRlc3QtMDk4MEBpY2hhbmdlLnRlc3QiLCJyb2xlIjoic3R1ZGVudCIsImlhdCI6MTc3ODE5NTgyNywiZXhwIjoxNzc4MjAzMDI3fQ.YH6oi6bntXTz_J2ef_Yl2ma4xt5H5TJRRuHJlVa1muA,69fd1d6de7a6b5b2035927c5,69fd1d73e7a6b5b203592ba3
eyJhbGciOiJIUzI1NiIsInR5cCI6IkpXVCJ9.eyJpZCI6IjY5ZmQxZDczZTdhNmI1YjIwMzU5MmJhNCIsImVtYWlsIjoibG9hZHRlc3QtMDk4MUBpY2hhbmdlLnRlc3QiLCJyb2xlIjoic3R1ZGVudCIsImlhdCI6MTc3ODE5NTgyNywiZXhwIjoxNzc4MjAzMDI3fQ.LdNlKskrtnEdp5I-kr0sj4OT3-ZUgkUvxUyJNVkc9LI,69fd1d6de7a6b5b2035927c5,69fd1d73e7a6b5b203592ba4
eyJhbGciOiJIUzI1NiIsInR5cCI6IkpXVCJ9.eyJpZCI6IjY5ZmQxZDczZTdhNmI1YjIwMzU5MmJhNSIsImVtYWlsIjoibG9hZHRlc3QtMDk4MkBpY2hhbmdlLnRlc3QiLCJyb2xlIjoic3R1ZGVudCIsImlhdCI6MTc3ODE5NTgyNywiZXhwIjoxNzc4MjAzMDI3fQ.44mYZxjDYPHOXZ7FI2B4HzRN_WwTAZBQ5oEXilR_JcQ,69fd1d6de7a6b5b2035927c5,69fd1d73e7a6b5b203592ba5
eyJhbGciOiJIUzI1NiIsInR5cCI6IkpXVCJ9.eyJpZCI6IjY5ZmQxZDczZTdhNmI1YjIwMzU5MmJhNiIsImVtYWlsIjoibG9hZHRlc3QtMDk4M0BpY2hhbmdlLnRlc3QiLCJyb2xlIjoic3R1ZGVudCIsImlhdCI6MTc3ODE5NTgyNywiZXhwIjoxNzc4MjAzMDI3fQ.yE-v1aTcd9c16T0nazmBRRtYCPFS8QEx7nXIAVvLiAs,69fd1d6de7a6b5b2035927c5,69fd1d73e7a6b5b203592ba6
eyJhbGciOiJIUzI1NiIsInR5cCI6IkpXVCJ9.eyJpZCI6IjY5ZmQxZDczZTdhNmI1YjIwMzU5MmJhNyIsImVtYWlsIjoibG9hZHRlc3QtMDk4NEBpY2hhbmdlLnRlc3QiLCJyb2xlIjoic3R1ZGVudCIsImlhdCI6MTc3ODE5NTgyNywiZXhwIjoxNzc4MjAzMDI3fQ.-abYEhsZG98g9hwHnFPHmbL6T9zZN9YwDIlYX9IfzSM,69fd1d6de7a6b5b2035927c5,69fd1d73e7a6b5b203592ba7
eyJhbGciOiJIUzI1NiIsInR5cCI6IkpXVCJ9.eyJpZCI6IjY5ZmQxZDczZTdhNmI1YjIwMzU5MmJhOCIsImVtYWlsIjoibG9hZHRlc3QtMDk4NUBpY2hhbmdlLnRlc3QiLCJyb2xlIjoic3R1ZGVudCIsImlhdCI6MTc3ODE5NTgyNywiZXhwIjoxNzc4MjAzMDI3fQ.i6lXe2HFTw-a2UbtdJ1m0Zej_hJdUy4Ku5ldKLQGlTk,69fd1d6de7a6b5b2035927c5,69fd1d73e7a6b5b203592ba8
eyJhbGciOiJIUzI1NiIsInR5cCI6IkpXVCJ9.eyJpZCI6IjY5ZmQxZDczZTdhNmI1YjIwMzU5MmJhOSIsImVtYWlsIjoibG9hZHRlc3QtMDk4NkBpY2hhbmdlLnRlc3QiLCJyb2xlIjoic3R1ZGVudCIsImlhdCI6MTc3ODE5NTgyNywiZXhwIjoxNzc4MjAzMDI3fQ.hukXTsCO50fMfm68iNV9DB3hPfqKal9SNZ13If_gyYg,69fd1d6de7a6b5b2035927c5,69fd1d73e7a6b5b203592ba9
eyJhbGciOiJIUzI1NiIsInR5cCI6IkpXVCJ9.eyJpZCI6IjY5ZmQxZDczZTdhNmI1YjIwMzU5MmJhYSIsImVtYWlsIjoibG9hZHRlc3QtMDk4N0BpY2hhbmdlLnRlc3QiLCJyb2xlIjoic3R1ZGVudCIsImlhdCI6MTc3ODE5NTgyNywiZXhwIjoxNzc4MjAzMDI3fQ.v5DkF3gJtrs8qh2wgetzXEoUGh_ruvMeaH8RJWBL_Wc,69fd1d6de7a6b5b2035927c5,69fd1d73e7a6b5b203592baa
eyJhbGciOiJIUzI1NiIsInR5cCI6IkpXVCJ9.eyJpZCI6IjY5ZmQxZDczZTdhNmI1YjIwMzU5MmJhYiIsImVtYWlsIjoibG9hZHRlc3QtMDk4OEBpY2hhbmdlLnRlc3QiLCJyb2xlIjoic3R1ZGVudCIsImlhdCI6MTc3ODE5NTgyNywiZXhwIjoxNzc4MjAzMDI3fQ.7vsbMPziTbY3i1x1j6pv_qcarxkUD_QKm7fWSGRhklw,69fd1d6de7a6b5b2035927c5,69fd1d73e7a6b5b203592bab
eyJhbGciOiJIUzI1NiIsInR5cCI6IkpXVCJ9.eyJpZCI6IjY5ZmQxZDczZTdhNmI1YjIwMzU5MmJhYyIsImVtYWlsIjoibG9hZHRlc3QtMDk4OUBpY2hhbmdlLnRlc3QiLCJyb2xlIjoic3R1ZGVudCIsImlhdCI6MTc3ODE5NTgyNywiZXhwIjoxNzc4MjAzMDI3fQ.Az7JGzSdQ4K6Df5bqQK79KM5sUDRngQAlm03m3TIj5I,69fd1d6de7a6b5b2035927c5,69fd1d73e7a6b5b203592bac
eyJhbGciOiJIUzI1NiIsInR5cCI6IkpXVCJ9.eyJpZCI6IjY5ZmQxZDczZTdhNmI1YjIwMzU5MmJhZCIsImVtYWlsIjoibG9hZHRlc3QtMDk5MEBpY2hhbmdlLnRlc3QiLCJyb2xlIjoic3R1ZGVudCIsImlhdCI6MTc3ODE5NTgyNywiZXhwIjoxNzc4MjAzMDI3fQ.XkHN5zcya48inxkJmMackCz--vG1e4adewqEu-Tf7o4,69fd1d6de7a6b5b2035927c5,69fd1d73e7a6b5b203592bad
eyJhbGciOiJIUzI1NiIsInR5cCI6IkpXVCJ9.eyJpZCI6IjY5ZmQxZDczZTdhNmI1YjIwMzU5MmJhZSIsImVtYWlsIjoibG9hZHRlc3QtMDk5MUBpY2hhbmdlLnRlc3QiLCJyb2xlIjoic3R1ZGVudCIsImlhdCI6MTc3ODE5NTgyNywiZXhwIjoxNzc4MjAzMDI3fQ.NiZ-9Yo_boZzJ19-PmBJ3T9j2Dy-MhJc90iVYG9PP7o,69fd1d6de7a6b5b2035927c5,69fd1d73e7a6b5b203592bae
eyJhbGciOiJIUzI1NiIsInR5cCI6IkpXVCJ9.eyJpZCI6IjY5ZmQxZDczZTdhNmI1YjIwMzU5MmJhZiIsImVtYWlsIjoibG9hZHRlc3QtMDk5MkBpY2hhbmdlLnRlc3QiLCJyb2xlIjoic3R1ZGVudCIsImlhdCI6MTc3ODE5NTgyNywiZXhwIjoxNzc4MjAzMDI3fQ.kQYlusy5Mh8hkg5jxNO16PJ3XudeYH5KyiVkN6-DTfU,69fd1d6de7a6b5b2035927c5,69fd1d73e7a6b5b203592baf
eyJhbGciOiJIUzI1NiIsInR5cCI6IkpXVCJ9.eyJpZCI6IjY5ZmQxZDczZTdhNmI1YjIwMzU5MmJiMCIsImVtYWlsIjoibG9hZHRlc3QtMDk5M0BpY2hhbmdlLnRlc3QiLCJyb2xlIjoic3R1ZGVudCIsImlhdCI6MTc3ODE5NTgyNywiZXhwIjoxNzc4MjAzMDI3fQ.Q8kklYp7BCFxqnoxeGb-XtRVdLyadXjouLOP9SiCf8Q,69fd1d6de7a6b5b2035927c5,69fd1d73e7a6b5b203592bb0
eyJhbGciOiJIUzI1NiIsInR5cCI6IkpXVCJ9.eyJpZCI6IjY5ZmQxZDczZTdhNmI1YjIwMzU5MmJiMSIsImVtYWlsIjoibG9hZHRlc3QtMDk5NEBpY2hhbmdlLnRlc3QiLCJyb2xlIjoic3R1ZGVudCIsImlhdCI6MTc3ODE5NTgyNywiZXhwIjoxNzc4MjAzMDI3fQ.9G-VQDxGM2-MC7hHQziRqKYYb3SDBs-xL6inC-fCby4,69fd1d6de7a6b5b2035927c5,69fd1d73e7a6b5b203592bb1
eyJhbGciOiJIUzI1NiIsInR5cCI6IkpXVCJ9.eyJpZCI6IjY5ZmQxZDczZTdhNmI1YjIwMzU5MmJiMiIsImVtYWlsIjoibG9hZHRlc3QtMDk5NUBpY2hhbmdlLnRlc3QiLCJyb2xlIjoic3R1ZGVudCIsImlhdCI6MTc3ODE5NTgyNywiZXhwIjoxNzc4MjAzMDI3fQ.gfyU6RiQb7GuEEEYdPN-qrCGE0AD6nFXQv3NPnFUxQM,69fd1d6de7a6b5b2035927c5,69fd1d73e7a6b5b203592bb2
eyJhbGciOiJIUzI1NiIsInR5cCI6IkpXVCJ9.eyJpZCI6IjY5ZmQxZDczZTdhNmI1YjIwMzU5MmJiMyIsImVtYWlsIjoibG9hZHRlc3QtMDk5NkBpY2hhbmdlLnRlc3QiLCJyb2xlIjoic3R1ZGVudCIsImlhdCI6MTc3ODE5NTgyNywiZXhwIjoxNzc4MjAzMDI3fQ.ACqGY6txA0tzGhU5BnwUiDZlCnhTe7TAc9Vh19F1qlo,69fd1d6de7a6b5b2035927c5,69fd1d73e7a6b5b203592bb3
eyJhbGciOiJIUzI1NiIsInR5cCI6IkpXVCJ9.eyJpZCI6IjY5ZmQxZDczZTdhNmI1YjIwMzU5MmJiNCIsImVtYWlsIjoibG9hZHRlc3QtMDk5N0BpY2hhbmdlLnRlc3QiLCJyb2xlIjoic3R1ZGVudCIsImlhdCI6MTc3ODE5NTgyNywiZXhwIjoxNzc4MjAzMDI3fQ.RRbgmQbeYxlKQbEZLQZWbxwU70-dNkcqN3F5aTZT9Ug,69fd1d6de7a6b5b2035927c5,69fd1d73e7a6b5b203592bb4
eyJhbGciOiJIUzI1NiIsInR5cCI6IkpXVCJ9.eyJpZCI6IjY5ZmQxZDczZTdhNmI1YjIwMzU5MmJiNSIsImVtYWlsIjoibG9hZHRlc3QtMDk5OEBpY2hhbmdlLnRlc3QiLCJyb2xlIjoic3R1ZGVudCIsImlhdCI6MTc3ODE5NTgyNywiZXhwIjoxNzc4MjAzMDI3fQ.tFcXVtmsC3qdy5sIrWVghPBWPU8BV7b4h5W83xsKq6g,69fd1d6de7a6b5b2035927c5,69fd1d73e7a6b5b203592bb5
eyJhbGciOiJIUzI1NiIsInR5cCI6IkpXVCJ9.eyJpZCI6IjY5ZmQxZDczZTdhNmI1YjIwMzU5MmJiNiIsImVtYWlsIjoibG9hZHRlc3QtMDk5OUBpY2hhbmdlLnRlc3QiLCJyb2xlIjoic3R1ZGVudCIsImlhdCI6MTc3ODE5NTgyNywiZXhwIjoxNzc4MjAzMDI3fQ.NfbUn9vyHaFxhXsMloAisxTSmYm2tKW-kKut2-e9H-s,69fd1d6de7a6b5b2035927c5,69fd1d73e7a6b5b203592bb6
eyJhbGciOiJIUzI1NiIsInR5cCI6IkpXVCJ9.eyJpZCI6IjY5ZmQxZDczZTdhNmI1YjIwMzU5MmJiNyIsImVtYWlsIjoibG9hZHRlc3QtMTAwMEBpY2hhbmdlLnRlc3QiLCJyb2xlIjoic3R1ZGVudCIsImlhdCI6MTc3ODE5NTgyNywiZXhwIjoxNzc4MjAzMDI3fQ.sow1fIGporQiRVqNbWz7NMQ4yQvc8-RYWc-n_4Zn8as,69fd1d6de7a6b5b2035927c5,69fd1d73e7a6b5b203592bb7
eyJhbGciOiJIUzI1NiIsInR5cCI6IkpXVCJ9.eyJpZCI6IjY5ZmQxZDczZTdhNmI1YjIwMzU5MmJiOSIsImVtYWlsIjoibG9hZHRlc3QtMTAwMUBpY2hhbmdlLnRlc3QiLCJyb2xlIjoic3R1ZGVudCIsImlhdCI6MTc3ODE5NTgyNywiZXhwIjoxNzc4MjAzMDI3fQ.MQrLXN8eBki24o1ehsvQpxNwduEf3t8delD8zL_eGao,69fd1d6de7a6b5b2035927c5,69fd1d73e7a6b5b203592bb9
eyJhbGciOiJIUzI1NiIsInR5cCI6IkpXVCJ9.eyJpZCI6IjY5ZmQxZDczZTdhNmI1YjIwMzU5MmJiYSIsImVtYWlsIjoibG9hZHRlc3QtMTAwMkBpY2hhbmdlLnRlc3QiLCJyb2xlIjoic3R1ZGVudCIsImlhdCI6MTc3ODE5NTgyNywiZXhwIjoxNzc4MjAzMDI3fQ.UiMH9kxaUuDInpu8nJwCcZUwaMEwj1S0cONSE82nCGs,69fd1d6de7a6b5b2035927c5,69fd1d73e7a6b5b203592bba
eyJhbGciOiJIUzI1NiIsInR5cCI6IkpXVCJ9.eyJpZCI6IjY5ZmQxZDczZTdhNmI1YjIwMzU5MmJiYiIsImVtYWlsIjoibG9hZHRlc3QtMTAwM0BpY2hhbmdlLnRlc3QiLCJyb2xlIjoic3R1ZGVudCIsImlhdCI6MTc3ODE5NTgyNywiZXhwIjoxNzc4MjAzMDI3fQ.8TsOr0LGsetkN1rVVUAZnxy8LYgv7TktQRPzuBcmwc4,69fd1d6de7a6b5b2035927c5,69fd1d73e7a6b5b203592bbb
eyJhbGciOiJIUzI1NiIsInR5cCI6IkpXVCJ9.eyJpZCI6IjY5ZmQxZDczZTdhNmI1YjIwMzU5MmJiYyIsImVtYWlsIjoibG9hZHRlc3QtMTAwNEBpY2hhbmdlLnRlc3QiLCJyb2xlIjoic3R1ZGVudCIsImlhdCI6MTc3ODE5NTgyNywiZXhwIjoxNzc4MjAzMDI3fQ.yYonnO37P67n8Sqm2JcWYMSexxFGuqgoG6op2fiLgXQ,69fd1d6de7a6b5b2035927c5,69fd1d73e7a6b5b203592bbc
eyJhbGciOiJIUzI1NiIsInR5cCI6IkpXVCJ9.eyJpZCI6IjY5ZmQxZDczZTdhNmI1YjIwMzU5MmJiZCIsImVtYWlsIjoibG9hZHRlc3QtMTAwNUBpY2hhbmdlLnRlc3QiLCJyb2xlIjoic3R1ZGVudCIsImlhdCI6MTc3ODE5NTgyNywiZXhwIjoxNzc4MjAzMDI3fQ.phFMdudSdPnlTAPFMQvY-w6r6VYJOsIl3vXewPkYMXo,69fd1d6de7a6b5b2035927c5,69fd1d73e7a6b5b203592bbd
eyJhbGciOiJIUzI1NiIsInR5cCI6IkpXVCJ9.eyJpZCI6IjY5ZmQxZDczZTdhNmI1YjIwMzU5MmJiZSIsImVtYWlsIjoibG9hZHRlc3QtMTAwNkBpY2hhbmdlLnRlc3QiLCJyb2xlIjoic3R1ZGVudCIsImlhdCI6MTc3ODE5NTgyNywiZXhwIjoxNzc4MjAzMDI3fQ.KQDORJ6jsdLG9OB3CZSz9KOPrdpkWWnyYVYloB2VL3k,69fd1d6de7a6b5b2035927c5,69fd1d73e7a6b5b203592bbe
eyJhbGciOiJIUzI1NiIsInR5cCI6IkpXVCJ9.eyJpZCI6IjY5ZmQxZDczZTdhNmI1YjIwMzU5MmJiZiIsImVtYWlsIjoibG9hZHRlc3QtMTAwN0BpY2hhbmdlLnRlc3QiLCJyb2xlIjoic3R1ZGVudCIsImlhdCI6MTc3ODE5NTgyNywiZXhwIjoxNzc4MjAzMDI3fQ.tMFvmYXGXeB8PTIkHzG2Da7xDkweuILO0Heh31FDb_E,69fd1d6de7a6b5b2035927c5,69fd1d73e7a6b5b203592bbf
eyJhbGciOiJIUzI1NiIsInR5cCI6IkpXVCJ9.eyJpZCI6IjY5ZmQxZDczZTdhNmI1YjIwMzU5MmJjMCIsImVtYWlsIjoibG9hZHRlc3QtMTAwOEBpY2hhbmdlLnRlc3QiLCJyb2xlIjoic3R1ZGVudCIsImlhdCI6MTc3ODE5NTgyNywiZXhwIjoxNzc4MjAzMDI3fQ.TfBtEowB-OTQL6KVl90PS4wFqhsGMmH-UhYmypKYgi0,69fd1d6de7a6b5b2035927c5,69fd1d73e7a6b5b203592bc0
eyJhbGciOiJIUzI1NiIsInR5cCI6IkpXVCJ9.eyJpZCI6IjY5ZmQxZDczZTdhNmI1YjIwMzU5MmJjMSIsImVtYWlsIjoibG9hZHRlc3QtMTAwOUBpY2hhbmdlLnRlc3QiLCJyb2xlIjoic3R1ZGVudCIsImlhdCI6MTc3ODE5NTgyNywiZXhwIjoxNzc4MjAzMDI3fQ.aN6PeUMUknuRV0l1yL9CdHAQzaxASKrjkZdxv_QmLhg,69fd1d6de7a6b5b2035927c5,69fd1d73e7a6b5b203592bc1
eyJhbGciOiJIUzI1NiIsInR5cCI6IkpXVCJ9.eyJpZCI6IjY5ZmQxZDczZTdhNmI1YjIwMzU5MmJjMiIsImVtYWlsIjoibG9hZHRlc3QtMTAxMEBpY2hhbmdlLnRlc3QiLCJyb2xlIjoic3R1ZGVudCIsImlhdCI6MTc3ODE5NTgyNywiZXhwIjoxNzc4MjAzMDI3fQ.HCfX4IWfb1TD4j8COh14y8eXkvaGL-UiuMZgKu-1Mxc,69fd1d6de7a6b5b2035927c5,69fd1d73e7a6b5b203592bc2
eyJhbGciOiJIUzI1NiIsInR5cCI6IkpXVCJ9.eyJpZCI6IjY5ZmQxZDczZTdhNmI1YjIwMzU5MmJjMyIsImVtYWlsIjoibG9hZHRlc3QtMTAxMUBpY2hhbmdlLnRlc3QiLCJyb2xlIjoic3R1ZGVudCIsImlhdCI6MTc3ODE5NTgyNywiZXhwIjoxNzc4MjAzMDI3fQ.xMkp3O2E0V2WkvpDQN6xtoD1R8TYBAZ6KmKdNVDf-8A,69fd1d6de7a6b5b2035927c5,69fd1d73e7a6b5b203592bc3
eyJhbGciOiJIUzI1NiIsInR5cCI6IkpXVCJ9.eyJpZCI6IjY5ZmQxZDczZTdhNmI1YjIwMzU5MmJjNCIsImVtYWlsIjoibG9hZHRlc3QtMTAxMkBpY2hhbmdlLnRlc3QiLCJyb2xlIjoic3R1ZGVudCIsImlhdCI6MTc3ODE5NTgyNywiZXhwIjoxNzc4MjAzMDI3fQ.LuSCIU1IjJYIkkc0Z3wkCXfFzJCbx_BoxBhuWOgpo_Q,69fd1d6de7a6b5b2035927c5,69fd1d73e7a6b5b203592bc4
eyJhbGciOiJIUzI1NiIsInR5cCI6IkpXVCJ9.eyJpZCI6IjY5ZmQxZDczZTdhNmI1YjIwMzU5MmJjNSIsImVtYWlsIjoibG9hZHRlc3QtMTAxM0BpY2hhbmdlLnRlc3QiLCJyb2xlIjoic3R1ZGVudCIsImlhdCI6MTc3ODE5NTgyNywiZXhwIjoxNzc4MjAzMDI3fQ.Yfk8OY8c1c_2uGHySrUxvx5uyETz9weIZ_Nv0DO7B7A,69fd1d6de7a6b5b2035927c5,69fd1d73e7a6b5b203592bc5
eyJhbGciOiJIUzI1NiIsInR5cCI6IkpXVCJ9.eyJpZCI6IjY5ZmQxZDczZTdhNmI1YjIwMzU5MmJjNiIsImVtYWlsIjoibG9hZHRlc3QtMTAxNEBpY2hhbmdlLnRlc3QiLCJyb2xlIjoic3R1ZGVudCIsImlhdCI6MTc3ODE5NTgyNywiZXhwIjoxNzc4MjAzMDI3fQ.5R6B7h-vO3KaJJ6PofTIE14-jeB6Ae7-wFFzCGaW26I,69fd1d6de7a6b5b2035927c5,69fd1d73e7a6b5b203592bc6
eyJhbGciOiJIUzI1NiIsInR5cCI6IkpXVCJ9.eyJpZCI6IjY5ZmQxZDczZTdhNmI1YjIwMzU5MmJjNyIsImVtYWlsIjoibG9hZHRlc3QtMTAxNUBpY2hhbmdlLnRlc3QiLCJyb2xlIjoic3R1ZGVudCIsImlhdCI6MTc3ODE5NTgyNywiZXhwIjoxNzc4MjAzMDI3fQ.w8O4H0g99IBVVGPFsdQyP3ykSwDiBMwUUFRJuaZugsk,69fd1d6de7a6b5b2035927c5,69fd1d73e7a6b5b203592bc7
eyJhbGciOiJIUzI1NiIsInR5cCI6IkpXVCJ9.eyJpZCI6IjY5ZmQxZDczZTdhNmI1YjIwMzU5MmJjOCIsImVtYWlsIjoibG9hZHRlc3QtMTAxNkBpY2hhbmdlLnRlc3QiLCJyb2xlIjoic3R1ZGVudCIsImlhdCI6MTc3ODE5NTgyNywiZXhwIjoxNzc4MjAzMDI3fQ.zlf3TwnrSXVWjG5urg7XR8M7d00a7Yv-10450pMMkkk,69fd1d6de7a6b5b2035927c5,69fd1d73e7a6b5b203592bc8
eyJhbGciOiJIUzI1NiIsInR5cCI6IkpXVCJ9.eyJpZCI6IjY5ZmQxZDczZTdhNmI1YjIwMzU5MmJjOSIsImVtYWlsIjoibG9hZHRlc3QtMTAxN0BpY2hhbmdlLnRlc3QiLCJyb2xlIjoic3R1ZGVudCIsImlhdCI6MTc3ODE5NTgyNywiZXhwIjoxNzc4MjAzMDI3fQ.mbYA5RRWXHMF8npMAecQsTQLYQRBNlfMWB-EGljL76I,69fd1d6de7a6b5b2035927c5,69fd1d73e7a6b5b203592bc9
eyJhbGciOiJIUzI1NiIsInR5cCI6IkpXVCJ9.eyJpZCI6IjY5ZmQxZDczZTdhNmI1YjIwMzU5MmJjYSIsImVtYWlsIjoibG9hZHRlc3QtMTAxOEBpY2hhbmdlLnRlc3QiLCJyb2xlIjoic3R1ZGVudCIsImlhdCI6MTc3ODE5NTgyNywiZXhwIjoxNzc4MjAzMDI3fQ.frpM7jNnDCYT9-WhqHrE70Cfv3c2RCRG5oQIFZnI9Ws,69fd1d6de7a6b5b2035927c5,69fd1d73e7a6b5b203592bca
eyJhbGciOiJIUzI1NiIsInR5cCI6IkpXVCJ9.eyJpZCI6IjY5ZmQxZDczZTdhNmI1YjIwMzU5MmJjYiIsImVtYWlsIjoibG9hZHRlc3QtMTAxOUBpY2hhbmdlLnRlc3QiLCJyb2xlIjoic3R1ZGVudCIsImlhdCI6MTc3ODE5NTgyNywiZXhwIjoxNzc4MjAzMDI3fQ.QEZSiqWNtUdmcM_W2o6FuwjJJonSqxeqjDIHOenxtcQ,69fd1d6de7a6b5b2035927c5,69fd1d73e7a6b5b203592bcb
eyJhbGciOiJIUzI1NiIsInR5cCI6IkpXVCJ9.eyJpZCI6IjY5ZmQxZDczZTdhNmI1YjIwMzU5MmJjYyIsImVtYWlsIjoibG9hZHRlc3QtMTAyMEBpY2hhbmdlLnRlc3QiLCJyb2xlIjoic3R1ZGVudCIsImlhdCI6MTc3ODE5NTgyNywiZXhwIjoxNzc4MjAzMDI3fQ.Bd_ZRVgEyWA6-uTWwiN2MfYCHrt9N2FPaNgcqEp1zVY,69fd1d6de7a6b5b2035927c5,69fd1d73e7a6b5b203592bcc
eyJhbGciOiJIUzI1NiIsInR5cCI6IkpXVCJ9.eyJpZCI6IjY5ZmQxZDczZTdhNmI1YjIwMzU5MmJjZCIsImVtYWlsIjoibG9hZHRlc3QtMTAyMUBpY2hhbmdlLnRlc3QiLCJyb2xlIjoic3R1ZGVudCIsImlhdCI6MTc3ODE5NTgyNywiZXhwIjoxNzc4MjAzMDI3fQ.nvuRmLjqGrS_fXKXqb1DBLlGsTeakoU1x_l6BHkmpyI,69fd1d6de7a6b5b2035927c5,69fd1d73e7a6b5b203592bcd
eyJhbGciOiJIUzI1NiIsInR5cCI6IkpXVCJ9.eyJpZCI6IjY5ZmQxZDczZTdhNmI1YjIwMzU5MmJjZSIsImVtYWlsIjoibG9hZHRlc3QtMTAyMkBpY2hhbmdlLnRlc3QiLCJyb2xlIjoic3R1ZGVudCIsImlhdCI6MTc3ODE5NTgyNywiZXhwIjoxNzc4MjAzMDI3fQ.fOoxjCs3_nTF_TfiZahuxPDtopEqtkd9VCMI8r5Bd0A,69fd1d6de7a6b5b2035927c5,69fd1d73e7a6b5b203592bce
eyJhbGciOiJIUzI1NiIsInR5cCI6IkpXVCJ9.eyJpZCI6IjY5ZmQxZDczZTdhNmI1YjIwMzU5MmJjZiIsImVtYWlsIjoibG9hZHRlc3QtMTAyM0BpY2hhbmdlLnRlc3QiLCJyb2xlIjoic3R1ZGVudCIsImlhdCI6MTc3ODE5NTgyNywiZXhwIjoxNzc4MjAzMDI3fQ.D5EMS6JyvAYYFy2g81-wYVeQtGHvs7AdN2OlaxxziV8,69fd1d6de7a6b5b2035927c5,69fd1d73e7a6b5b203592bcf
eyJhbGciOiJIUzI1NiIsInR5cCI6IkpXVCJ9.eyJpZCI6IjY5ZmQxZDczZTdhNmI1YjIwMzU5MmJkMCIsImVtYWlsIjoibG9hZHRlc3QtMTAyNEBpY2hhbmdlLnRlc3QiLCJyb2xlIjoic3R1ZGVudCIsImlhdCI6MTc3ODE5NTgyNywiZXhwIjoxNzc4MjAzMDI3fQ.LktKogfue7JxTM46uAR8UeKnZL7oHzwNu7oK5f5X3U0,69fd1d6de7a6b5b2035927c5,69fd1d73e7a6b5b203592bd0
eyJhbGciOiJIUzI1NiIsInR5cCI6IkpXVCJ9.eyJpZCI6IjY5ZmQxZDczZTdhNmI1YjIwMzU5MmJkMSIsImVtYWlsIjoibG9hZHRlc3QtMTAyNUBpY2hhbmdlLnRlc3QiLCJyb2xlIjoic3R1ZGVudCIsImlhdCI6MTc3ODE5NTgyNywiZXhwIjoxNzc4MjAzMDI3fQ.vEF88j-LuvTAJ34QKe6CRlZUoFsKHAPowV-wX-XuUoE,69fd1d6de7a6b5b2035927c5,69fd1d73e7a6b5b203592bd1
eyJhbGciOiJIUzI1NiIsInR5cCI6IkpXVCJ9.eyJpZCI6IjY5ZmQxZDczZTdhNmI1YjIwMzU5MmJkMiIsImVtYWlsIjoibG9hZHRlc3QtMTAyNkBpY2hhbmdlLnRlc3QiLCJyb2xlIjoic3R1ZGVudCIsImlhdCI6MTc3ODE5NTgyNywiZXhwIjoxNzc4MjAzMDI3fQ.vFXgfG9HNAI5-nbq557kKyEvSYfDzBmAWeRHrpmpiXs,69fd1d6de7a6b5b2035927c5,69fd1d73e7a6b5b203592bd2
eyJhbGciOiJIUzI1NiIsInR5cCI6IkpXVCJ9.eyJpZCI6IjY5ZmQxZDczZTdhNmI1YjIwMzU5MmJkMyIsImVtYWlsIjoibG9hZHRlc3QtMTAyN0BpY2hhbmdlLnRlc3QiLCJyb2xlIjoic3R1ZGVudCIsImlhdCI6MTc3ODE5NTgyNywiZXhwIjoxNzc4MjAzMDI3fQ.F_nS_fsEnbsgodlAcj41uUTi2e4yas2cQACItSCDFL8,69fd1d6de7a6b5b2035927c5,69fd1d73e7a6b5b203592bd3
eyJhbGciOiJIUzI1NiIsInR5cCI6IkpXVCJ9.eyJpZCI6IjY5ZmQxZDczZTdhNmI1YjIwMzU5MmJkNCIsImVtYWlsIjoibG9hZHRlc3QtMTAyOEBpY2hhbmdlLnRlc3QiLCJyb2xlIjoic3R1ZGVudCIsImlhdCI6MTc3ODE5NTgyNywiZXhwIjoxNzc4MjAzMDI3fQ.CVcT4mqqLQ1vFiwXojMcZjuPYiDILvWX7rOQdyAL_KM,69fd1d6de7a6b5b2035927c5,69fd1d73e7a6b5b203592bd4
eyJhbGciOiJIUzI1NiIsInR5cCI6IkpXVCJ9.eyJpZCI6IjY5ZmQxZDczZTdhNmI1YjIwMzU5MmJkNSIsImVtYWlsIjoibG9hZHRlc3QtMTAyOUBpY2hhbmdlLnRlc3QiLCJyb2xlIjoic3R1ZGVudCIsImlhdCI6MTc3ODE5NTgyNywiZXhwIjoxNzc4MjAzMDI3fQ.bG9-LQiy34XFbEM3gKumzw63djPUidBqkUwtpxaXtz4,69fd1d6de7a6b5b2035927c5,69fd1d73e7a6b5b203592bd5
eyJhbGciOiJIUzI1NiIsInR5cCI6IkpXVCJ9.eyJpZCI6IjY5ZmQxZDczZTdhNmI1YjIwMzU5MmJkNiIsImVtYWlsIjoibG9hZHRlc3QtMTAzMEBpY2hhbmdlLnRlc3QiLCJyb2xlIjoic3R1ZGVudCIsImlhdCI6MTc3ODE5NTgyNywiZXhwIjoxNzc4MjAzMDI3fQ.-_IiIXozBPsOgwN6Bk7ISAa_8y-jC2L6Uwz-Pntwumg,69fd1d6de7a6b5b2035927c5,69fd1d73e7a6b5b203592bd6
eyJhbGciOiJIUzI1NiIsInR5cCI6IkpXVCJ9.eyJpZCI6IjY5ZmQxZDczZTdhNmI1YjIwMzU5MmJkNyIsImVtYWlsIjoibG9hZHRlc3QtMTAzMUBpY2hhbmdlLnRlc3QiLCJyb2xlIjoic3R1ZGVudCIsImlhdCI6MTc3ODE5NTgyNywiZXhwIjoxNzc4MjAzMDI3fQ.yAzU-veFwfAZp2fXgB6sDir5Tn9VuLrW4k0KOJWmNek,69fd1d6de7a6b5b2035927c5,69fd1d73e7a6b5b203592bd7
eyJhbGciOiJIUzI1NiIsInR5cCI6IkpXVCJ9.eyJpZCI6IjY5ZmQxZDczZTdhNmI1YjIwMzU5MmJkOCIsImVtYWlsIjoibG9hZHRlc3QtMTAzMkBpY2hhbmdlLnRlc3QiLCJyb2xlIjoic3R1ZGVudCIsImlhdCI6MTc3ODE5NTgyNywiZXhwIjoxNzc4MjAzMDI3fQ.jlFRupvoBzWRz4q6OQpHL7jyQ8tIjTyncUyN8E9oSe0,69fd1d6de7a6b5b2035927c5,69fd1d73e7a6b5b203592bd8
eyJhbGciOiJIUzI1NiIsInR5cCI6IkpXVCJ9.eyJpZCI6IjY5ZmQxZDczZTdhNmI1YjIwMzU5MmJkOSIsImVtYWlsIjoibG9hZHRlc3QtMTAzM0BpY2hhbmdlLnRlc3QiLCJyb2xlIjoic3R1ZGVudCIsImlhdCI6MTc3ODE5NTgyNywiZXhwIjoxNzc4MjAzMDI3fQ.OCs6DDQoMbtYYB8_HVuamjdLtl3qHHLdEZMt9YHtW2U,69fd1d6de7a6b5b2035927c5,69fd1d73e7a6b5b203592bd9
eyJhbGciOiJIUzI1NiIsInR5cCI6IkpXVCJ9.eyJpZCI6IjY5ZmQxZDczZTdhNmI1YjIwMzU5MmJkYSIsImVtYWlsIjoibG9hZHRlc3QtMTAzNEBpY2hhbmdlLnRlc3QiLCJyb2xlIjoic3R1ZGVudCIsImlhdCI6MTc3ODE5NTgyNywiZXhwIjoxNzc4MjAzMDI3fQ.VrogabGRqX8aeN-lFo5fXxWS1kX9RQw0fSu-tcpdSgo,69fd1d6de7a6b5b2035927c5,69fd1d73e7a6b5b203592bda
eyJhbGciOiJIUzI1NiIsInR5cCI6IkpXVCJ9.eyJpZCI6IjY5ZmQxZDczZTdhNmI1YjIwMzU5MmJkYiIsImVtYWlsIjoibG9hZHRlc3QtMTAzNUBpY2hhbmdlLnRlc3QiLCJyb2xlIjoic3R1ZGVudCIsImlhdCI6MTc3ODE5NTgyNywiZXhwIjoxNzc4MjAzMDI3fQ.Xb2pE3Xo3hEoNHB59U7Af1I3FDQK5ZVPZKz2-Va4M7Q,69fd1d6de7a6b5b2035927c5,69fd1d73e7a6b5b203592bdb
eyJhbGciOiJIUzI1NiIsInR5cCI6IkpXVCJ9.eyJpZCI6IjY5ZmQxZDczZTdhNmI1YjIwMzU5MmJkYyIsImVtYWlsIjoibG9hZHRlc3QtMTAzNkBpY2hhbmdlLnRlc3QiLCJyb2xlIjoic3R1ZGVudCIsImlhdCI6MTc3ODE5NTgyNywiZXhwIjoxNzc4MjAzMDI3fQ.wiNx20McCNthXxkQ88ea1PSnzPx2Q0W2EUYNzzUl3dg,69fd1d6de7a6b5b2035927c5,69fd1d73e7a6b5b203592bdc
eyJhbGciOiJIUzI1NiIsInR5cCI6IkpXVCJ9.eyJpZCI6IjY5ZmQxZDczZTdhNmI1YjIwMzU5MmJkZCIsImVtYWlsIjoibG9hZHRlc3QtMTAzN0BpY2hhbmdlLnRlc3QiLCJyb2xlIjoic3R1ZGVudCIsImlhdCI6MTc3ODE5NTgyNywiZXhwIjoxNzc4MjAzMDI3fQ.5FMj39hNev78CHt80nQAigRmljvSOjISIMokBDvHsho,69fd1d6de7a6b5b2035927c5,69fd1d73e7a6b5b203592bdd
eyJhbGciOiJIUzI1NiIsInR5cCI6IkpXVCJ9.eyJpZCI6IjY5ZmQxZDczZTdhNmI1YjIwMzU5MmJkZSIsImVtYWlsIjoibG9hZHRlc3QtMTAzOEBpY2hhbmdlLnRlc3QiLCJyb2xlIjoic3R1ZGVudCIsImlhdCI6MTc3ODE5NTgyNywiZXhwIjoxNzc4MjAzMDI3fQ.ooEt3nho6Ddz3WuN0SlUwk0pvT-vh9ib6O63G6GggX8,69fd1d6de7a6b5b2035927c5,69fd1d73e7a6b5b203592bde
eyJhbGciOiJIUzI1NiIsInR5cCI6IkpXVCJ9.eyJpZCI6IjY5ZmQxZDczZTdhNmI1YjIwMzU5MmJkZiIsImVtYWlsIjoibG9hZHRlc3QtMTAzOUBpY2hhbmdlLnRlc3QiLCJyb2xlIjoic3R1ZGVudCIsImlhdCI6MTc3ODE5NTgyNywiZXhwIjoxNzc4MjAzMDI3fQ.kVCdnwLmx-zLuRYHYO1Tl2SF-POQ2d-6Qnj6UGUmFLA,69fd1d6de7a6b5b2035927c5,69fd1d73e7a6b5b203592bdf
eyJhbGciOiJIUzI1NiIsInR5cCI6IkpXVCJ9.eyJpZCI6IjY5ZmQxZDczZTdhNmI1YjIwMzU5MmJlMCIsImVtYWlsIjoibG9hZHRlc3QtMTA0MEBpY2hhbmdlLnRlc3QiLCJyb2xlIjoic3R1ZGVudCIsImlhdCI6MTc3ODE5NTgyNywiZXhwIjoxNzc4MjAzMDI3fQ.EaAhv7lred5y0dE_2_A6o6rkt_YObdgGb4ZD9kNMjIY,69fd1d6de7a6b5b2035927c5,69fd1d73e7a6b5b203592be0
eyJhbGciOiJIUzI1NiIsInR5cCI6IkpXVCJ9.eyJpZCI6IjY5ZmQxZDczZTdhNmI1YjIwMzU5MmJlMSIsImVtYWlsIjoibG9hZHRlc3QtMTA0MUBpY2hhbmdlLnRlc3QiLCJyb2xlIjoic3R1ZGVudCIsImlhdCI6MTc3ODE5NTgyNywiZXhwIjoxNzc4MjAzMDI3fQ.ak0Lk4RnfMbIMlKZpQT0zRdrg9sDfP6T71HPm21P32g,69fd1d6de7a6b5b2035927c5,69fd1d73e7a6b5b203592be1
eyJhbGciOiJIUzI1NiIsInR5cCI6IkpXVCJ9.eyJpZCI6IjY5ZmQxZDczZTdhNmI1YjIwMzU5MmJlMiIsImVtYWlsIjoibG9hZHRlc3QtMTA0MkBpY2hhbmdlLnRlc3QiLCJyb2xlIjoic3R1ZGVudCIsImlhdCI6MTc3ODE5NTgyNywiZXhwIjoxNzc4MjAzMDI3fQ.GQjGmGlMVBaVBv3_AudvZguo6voGXabE-G6O5MT3ZoU,69fd1d6de7a6b5b2035927c5,69fd1d73e7a6b5b203592be2
eyJhbGciOiJIUzI1NiIsInR5cCI6IkpXVCJ9.eyJpZCI6IjY5ZmQxZDczZTdhNmI1YjIwMzU5MmJlMyIsImVtYWlsIjoibG9hZHRlc3QtMTA0M0BpY2hhbmdlLnRlc3QiLCJyb2xlIjoic3R1ZGVudCIsImlhdCI6MTc3ODE5NTgyNywiZXhwIjoxNzc4MjAzMDI3fQ.llBUK71n6bPHBpiQStpnn7Pgun5YPd-f1vK60HITxr8,69fd1d6de7a6b5b2035927c5,69fd1d73e7a6b5b203592be3
eyJhbGciOiJIUzI1NiIsInR5cCI6IkpXVCJ9.eyJpZCI6IjY5ZmQxZDczZTdhNmI1YjIwMzU5MmJlNCIsImVtYWlsIjoibG9hZHRlc3QtMTA0NEBpY2hhbmdlLnRlc3QiLCJyb2xlIjoic3R1ZGVudCIsImlhdCI6MTc3ODE5NTgyNywiZXhwIjoxNzc4MjAzMDI3fQ.wcKCmFGWWjrW6EbODGQ3sGYlkouBh7rQqqemyhCwR3Y,69fd1d6de7a6b5b2035927c5,69fd1d73e7a6b5b203592be4
eyJhbGciOiJIUzI1NiIsInR5cCI6IkpXVCJ9.eyJpZCI6IjY5ZmQxZDczZTdhNmI1YjIwMzU5MmJlNSIsImVtYWlsIjoibG9hZHRlc3QtMTA0NUBpY2hhbmdlLnRlc3QiLCJyb2xlIjoic3R1ZGVudCIsImlhdCI6MTc3ODE5NTgyNywiZXhwIjoxNzc4MjAzMDI3fQ.L_S_U9QMgWzeUkZ9QS7l6BVmcRizcZXLtGvuM18Q2H8,69fd1d6de7a6b5b2035927c5,69fd1d73e7a6b5b203592be5
eyJhbGciOiJIUzI1NiIsInR5cCI6IkpXVCJ9.eyJpZCI6IjY5ZmQxZDczZTdhNmI1YjIwMzU5MmJlNiIsImVtYWlsIjoibG9hZHRlc3QtMTA0NkBpY2hhbmdlLnRlc3QiLCJyb2xlIjoic3R1ZGVudCIsImlhdCI6MTc3ODE5NTgyNywiZXhwIjoxNzc4MjAzMDI3fQ.rkEHyiTM5ishDEAPIECQZNY_sdldiCPKBU9fICag5aw,69fd1d6de7a6b5b2035927c5,69fd1d73e7a6b5b203592be6
eyJhbGciOiJIUzI1NiIsInR5cCI6IkpXVCJ9.eyJpZCI6IjY5ZmQxZDczZTdhNmI1YjIwMzU5MmJlNyIsImVtYWlsIjoibG9hZHRlc3QtMTA0N0BpY2hhbmdlLnRlc3QiLCJyb2xlIjoic3R1ZGVudCIsImlhdCI6MTc3ODE5NTgyNywiZXhwIjoxNzc4MjAzMDI3fQ.k9THFK5_feRYT8oCMnNrHEX6xF2s5R5xEqNjjXuB-pM,69fd1d6de7a6b5b2035927c5,69fd1d73e7a6b5b203592be7
eyJhbGciOiJIUzI1NiIsInR5cCI6IkpXVCJ9.eyJpZCI6IjY5ZmQxZDczZTdhNmI1YjIwMzU5MmJlOCIsImVtYWlsIjoibG9hZHRlc3QtMTA0OEBpY2hhbmdlLnRlc3QiLCJyb2xlIjoic3R1ZGVudCIsImlhdCI6MTc3ODE5NTgyNywiZXhwIjoxNzc4MjAzMDI3fQ.JKVjAHb23MNSAcCMwDxBvTKZEVDl6S528mM7hUobQ2o,69fd1d6de7a6b5b2035927c5,69fd1d73e7a6b5b203592be8
eyJhbGciOiJIUzI1NiIsInR5cCI6IkpXVCJ9.eyJpZCI6IjY5ZmQxZDczZTdhNmI1YjIwMzU5MmJlOSIsImVtYWlsIjoibG9hZHRlc3QtMTA0OUBpY2hhbmdlLnRlc3QiLCJyb2xlIjoic3R1ZGVudCIsImlhdCI6MTc3ODE5NTgyNywiZXhwIjoxNzc4MjAzMDI3fQ.XEWh2XAW4uaDjkr53CWe45DUpELb-X02CKeEAHlnS1s,69fd1d6de7a6b5b2035927c5,69fd1d73e7a6b5b203592be9
eyJhbGciOiJIUzI1NiIsInR5cCI6IkpXVCJ9.eyJpZCI6IjY5ZmQxZDczZTdhNmI1YjIwMzU5MmJlYSIsImVtYWlsIjoibG9hZHRlc3QtMTA1MEBpY2hhbmdlLnRlc3QiLCJyb2xlIjoic3R1ZGVudCIsImlhdCI6MTc3ODE5NTgyNywiZXhwIjoxNzc4MjAzMDI3fQ.8hf2zu5oQjlQiVHMkjt-gijJ5rAIzWz3ncJPTHDmD-4,69fd1d6de7a6b5b2035927c5,69fd1d73e7a6b5b203592bea
eyJhbGciOiJIUzI1NiIsInR5cCI6IkpXVCJ9.eyJpZCI6IjY5ZmQxZDczZTdhNmI1YjIwMzU5MmJlYiIsImVtYWlsIjoibG9hZHRlc3QtMTA1MUBpY2hhbmdlLnRlc3QiLCJyb2xlIjoic3R1ZGVudCIsImlhdCI6MTc3ODE5NTgyNywiZXhwIjoxNzc4MjAzMDI3fQ.iw24yExedJIu7IVoKzjSTDJ3Vtnmd6ltrLT80VoNGb0,69fd1d6de7a6b5b2035927c5,69fd1d73e7a6b5b203592beb
eyJhbGciOiJIUzI1NiIsInR5cCI6IkpXVCJ9.eyJpZCI6IjY5ZmQxZDczZTdhNmI1YjIwMzU5MmJlYyIsImVtYWlsIjoibG9hZHRlc3QtMTA1MkBpY2hhbmdlLnRlc3QiLCJyb2xlIjoic3R1ZGVudCIsImlhdCI6MTc3ODE5NTgyNywiZXhwIjoxNzc4MjAzMDI3fQ.aWMCi216VnFYdh9dXukla8AExX2o07ZFYWgiTylNAYY,69fd1d6de7a6b5b2035927c5,69fd1d73e7a6b5b203592bec
eyJhbGciOiJIUzI1NiIsInR5cCI6IkpXVCJ9.eyJpZCI6IjY5ZmQxZDczZTdhNmI1YjIwMzU5MmJlZCIsImVtYWlsIjoibG9hZHRlc3QtMTA1M0BpY2hhbmdlLnRlc3QiLCJyb2xlIjoic3R1ZGVudCIsImlhdCI6MTc3ODE5NTgyNywiZXhwIjoxNzc4MjAzMDI3fQ.qPG_fOgtBtEuqORhj_TbX8632VOEp186SpVAoplqyxE,69fd1d6de7a6b5b2035927c5,69fd1d73e7a6b5b203592bed
eyJhbGciOiJIUzI1NiIsInR5cCI6IkpXVCJ9.eyJpZCI6IjY5ZmQxZDczZTdhNmI1YjIwMzU5MmJlZSIsImVtYWlsIjoibG9hZHRlc3QtMTA1NEBpY2hhbmdlLnRlc3QiLCJyb2xlIjoic3R1ZGVudCIsImlhdCI6MTc3ODE5NTgyNywiZXhwIjoxNzc4MjAzMDI3fQ.suM2QkydqYQpwxcibZU5XFKmAODd6g9lgnmBj5Gop0U,69fd1d6de7a6b5b2035927c5,69fd1d73e7a6b5b203592bee
eyJhbGciOiJIUzI1NiIsInR5cCI6IkpXVCJ9.eyJpZCI6IjY5ZmQxZDczZTdhNmI1YjIwMzU5MmJlZiIsImVtYWlsIjoibG9hZHRlc3QtMTA1NUBpY2hhbmdlLnRlc3QiLCJyb2xlIjoic3R1ZGVudCIsImlhdCI6MTc3ODE5NTgyNywiZXhwIjoxNzc4MjAzMDI3fQ.1puI9cgbpufNB74v2ccqH70HYeujLHLIL2TFPUpSPdI,69fd1d6de7a6b5b2035927c5,69fd1d73e7a6b5b203592bef
eyJhbGciOiJIUzI1NiIsInR5cCI6IkpXVCJ9.eyJpZCI6IjY5ZmQxZDczZTdhNmI1YjIwMzU5MmJmMCIsImVtYWlsIjoibG9hZHRlc3QtMTA1NkBpY2hhbmdlLnRlc3QiLCJyb2xlIjoic3R1ZGVudCIsImlhdCI6MTc3ODE5NTgyNywiZXhwIjoxNzc4MjAzMDI3fQ.DQm-8LYjFa1tHLQfpqkC6rXCpbPOQv-NBQpd-raOnxA,69fd1d6de7a6b5b2035927c5,69fd1d73e7a6b5b203592bf0
eyJhbGciOiJIUzI1NiIsInR5cCI6IkpXVCJ9.eyJpZCI6IjY5ZmQxZDczZTdhNmI1YjIwMzU5MmJmMSIsImVtYWlsIjoibG9hZHRlc3QtMTA1N0BpY2hhbmdlLnRlc3QiLCJyb2xlIjoic3R1ZGVudCIsImlhdCI6MTc3ODE5NTgyNywiZXhwIjoxNzc4MjAzMDI3fQ.-77p6UO3f1bDSultzbxn2vcgNhFNnD3mDMXNH_VbMno,69fd1d6de7a6b5b2035927c5,69fd1d73e7a6b5b203592bf1
eyJhbGciOiJIUzI1NiIsInR5cCI6IkpXVCJ9.eyJpZCI6IjY5ZmQxZDczZTdhNmI1YjIwMzU5MmJmMiIsImVtYWlsIjoibG9hZHRlc3QtMTA1OEBpY2hhbmdlLnRlc3QiLCJyb2xlIjoic3R1ZGVudCIsImlhdCI6MTc3ODE5NTgyNywiZXhwIjoxNzc4MjAzMDI3fQ.eUJI8XfQrAbayv5kSUNveUzdPWs7TzzigwvbH8cCu-o,69fd1d6de7a6b5b2035927c5,69fd1d73e7a6b5b203592bf2
eyJhbGciOiJIUzI1NiIsInR5cCI6IkpXVCJ9.eyJpZCI6IjY5ZmQxZDczZTdhNmI1YjIwMzU5MmJmMyIsImVtYWlsIjoibG9hZHRlc3QtMTA1OUBpY2hhbmdlLnRlc3QiLCJyb2xlIjoic3R1ZGVudCIsImlhdCI6MTc3ODE5NTgyNywiZXhwIjoxNzc4MjAzMDI3fQ.agIkv31VyNr_IEABFNqw6q0Z48CvOY0FzKYOEub4O6c,69fd1d6de7a6b5b2035927c5,69fd1d73e7a6b5b203592bf3
eyJhbGciOiJIUzI1NiIsInR5cCI6IkpXVCJ9.eyJpZCI6IjY5ZmQxZDczZTdhNmI1YjIwMzU5MmJmNCIsImVtYWlsIjoibG9hZHRlc3QtMTA2MEBpY2hhbmdlLnRlc3QiLCJyb2xlIjoic3R1ZGVudCIsImlhdCI6MTc3ODE5NTgyNywiZXhwIjoxNzc4MjAzMDI3fQ.E5uOB_9gKengdGFpqQRgfJ3eH_sDC0dm17mD7NuUiFQ,69fd1d6de7a6b5b2035927c5,69fd1d73e7a6b5b203592bf4
eyJhbGciOiJIUzI1NiIsInR5cCI6IkpXVCJ9.eyJpZCI6IjY5ZmQxZDczZTdhNmI1YjIwMzU5MmJmNSIsImVtYWlsIjoibG9hZHRlc3QtMTA2MUBpY2hhbmdlLnRlc3QiLCJyb2xlIjoic3R1ZGVudCIsImlhdCI6MTc3ODE5NTgyNywiZXhwIjoxNzc4MjAzMDI3fQ.bvrlhfW4FoRwaMoF5ClHjTGQyTxt0u-Hv0QM8MmD5vY,69fd1d6de7a6b5b2035927c5,69fd1d73e7a6b5b203592bf5
eyJhbGciOiJIUzI1NiIsInR5cCI6IkpXVCJ9.eyJpZCI6IjY5ZmQxZDczZTdhNmI1YjIwMzU5MmJmNiIsImVtYWlsIjoibG9hZHRlc3QtMTA2MkBpY2hhbmdlLnRlc3QiLCJyb2xlIjoic3R1ZGVudCIsImlhdCI6MTc3ODE5NTgyNywiZXhwIjoxNzc4MjAzMDI3fQ.rxaTLdNLtNxew0wYmPAkC0826ezG3KuJxshuv9U8fig,69fd1d6de7a6b5b2035927c5,69fd1d73e7a6b5b203592bf6
eyJhbGciOiJIUzI1NiIsInR5cCI6IkpXVCJ9.eyJpZCI6IjY5ZmQxZDczZTdhNmI1YjIwMzU5MmJmNyIsImVtYWlsIjoibG9hZHRlc3QtMTA2M0BpY2hhbmdlLnRlc3QiLCJyb2xlIjoic3R1ZGVudCIsImlhdCI6MTc3ODE5NTgyNywiZXhwIjoxNzc4MjAzMDI3fQ.kCUrkjSiC0xArHmg7wBjTRFvjTRMg5bId5MNCk7Eot8,69fd1d6de7a6b5b2035927c5,69fd1d73e7a6b5b203592bf7
eyJhbGciOiJIUzI1NiIsInR5cCI6IkpXVCJ9.eyJpZCI6IjY5ZmQxZDczZTdhNmI1YjIwMzU5MmJmOCIsImVtYWlsIjoibG9hZHRlc3QtMTA2NEBpY2hhbmdlLnRlc3QiLCJyb2xlIjoic3R1ZGVudCIsImlhdCI6MTc3ODE5NTgyNywiZXhwIjoxNzc4MjAzMDI3fQ.TG2tuXMetAc3IpvS20X44nqbQ4IpCWae9Pi5MJ6S3Bc,69fd1d6de7a6b5b2035927c5,69fd1d73e7a6b5b203592bf8
eyJhbGciOiJIUzI1NiIsInR5cCI6IkpXVCJ9.eyJpZCI6IjY5ZmQxZDczZTdhNmI1YjIwMzU5MmJmOSIsImVtYWlsIjoibG9hZHRlc3QtMTA2NUBpY2hhbmdlLnRlc3QiLCJyb2xlIjoic3R1ZGVudCIsImlhdCI6MTc3ODE5NTgyNywiZXhwIjoxNzc4MjAzMDI3fQ.b0ayj3CvxVLMBNtd7l26vWsHoPO-fNkzyv77vzWXNEU,69fd1d6de7a6b5b2035927c5,69fd1d73e7a6b5b203592bf9
eyJhbGciOiJIUzI1NiIsInR5cCI6IkpXVCJ9.eyJpZCI6IjY5ZmQxZDczZTdhNmI1YjIwMzU5MmJmYSIsImVtYWlsIjoibG9hZHRlc3QtMTA2NkBpY2hhbmdlLnRlc3QiLCJyb2xlIjoic3R1ZGVudCIsImlhdCI6MTc3ODE5NTgyNywiZXhwIjoxNzc4MjAzMDI3fQ.w_rp1rN45JHnPav03zKovYBCWWJhKyzjnNN-Yk6X_qY,69fd1d6de7a6b5b2035927c5,69fd1d73e7a6b5b203592bfa
eyJhbGciOiJIUzI1NiIsInR5cCI6IkpXVCJ9.eyJpZCI6IjY5ZmQxZDczZTdhNmI1YjIwMzU5MmJmYiIsImVtYWlsIjoibG9hZHRlc3QtMTA2N0BpY2hhbmdlLnRlc3QiLCJyb2xlIjoic3R1ZGVudCIsImlhdCI6MTc3ODE5NTgyNywiZXhwIjoxNzc4MjAzMDI3fQ.jLXwgLlnUh3xKk2JiDfhSvzLsH5amiqC5wXIQsInG3I,69fd1d6de7a6b5b2035927c5,69fd1d73e7a6b5b203592bfb
eyJhbGciOiJIUzI1NiIsInR5cCI6IkpXVCJ9.eyJpZCI6IjY5ZmQxZDczZTdhNmI1YjIwMzU5MmJmYyIsImVtYWlsIjoibG9hZHRlc3QtMTA2OEBpY2hhbmdlLnRlc3QiLCJyb2xlIjoic3R1ZGVudCIsImlhdCI6MTc3ODE5NTgyNywiZXhwIjoxNzc4MjAzMDI3fQ.nSTWQBrtEs_B7pPEP7ynBR8MojRYb9RRR-5HYzAVSQQ,69fd1d6de7a6b5b2035927c5,69fd1d73e7a6b5b203592bfc
eyJhbGciOiJIUzI1NiIsInR5cCI6IkpXVCJ9.eyJpZCI6IjY5ZmQxZDczZTdhNmI1YjIwMzU5MmJmZCIsImVtYWlsIjoibG9hZHRlc3QtMTA2OUBpY2hhbmdlLnRlc3QiLCJyb2xlIjoic3R1ZGVudCIsImlhdCI6MTc3ODE5NTgyNywiZXhwIjoxNzc4MjAzMDI3fQ.1Lslxb0zUU0sOem44fnDjVUzld5u7txSb8Rr1TWRNyc,69fd1d6de7a6b5b2035927c5,69fd1d73e7a6b5b203592bfd
eyJhbGciOiJIUzI1NiIsInR5cCI6IkpXVCJ9.eyJpZCI6IjY5ZmQxZDczZTdhNmI1YjIwMzU5MmJmZSIsImVtYWlsIjoibG9hZHRlc3QtMTA3MEBpY2hhbmdlLnRlc3QiLCJyb2xlIjoic3R1ZGVudCIsImlhdCI6MTc3ODE5NTgyNywiZXhwIjoxNzc4MjAzMDI3fQ.lYE5l32xC2iwn25URgDmha8mWuaVP-FRt-Fp_jfJZGw,69fd1d6de7a6b5b2035927c5,69fd1d73e7a6b5b203592bfe
eyJhbGciOiJIUzI1NiIsInR5cCI6IkpXVCJ9.eyJpZCI6IjY5ZmQxZDczZTdhNmI1YjIwMzU5MmJmZiIsImVtYWlsIjoibG9hZHRlc3QtMTA3MUBpY2hhbmdlLnRlc3QiLCJyb2xlIjoic3R1ZGVudCIsImlhdCI6MTc3ODE5NTgyNywiZXhwIjoxNzc4MjAzMDI3fQ.LVSBwRAW9j0r_m-__xbsq4_qWmPH6LRaCEgQsk4YpDw,69fd1d6de7a6b5b2035927c5,69fd1d73e7a6b5b203592bff
eyJhbGciOiJIUzI1NiIsInR5cCI6IkpXVCJ9.eyJpZCI6IjY5ZmQxZDczZTdhNmI1YjIwMzU5MmMwMCIsImVtYWlsIjoibG9hZHRlc3QtMTA3MkBpY2hhbmdlLnRlc3QiLCJyb2xlIjoic3R1ZGVudCIsImlhdCI6MTc3ODE5NTgyNywiZXhwIjoxNzc4MjAzMDI3fQ.3IIEH3Gs6gDCRgrB7y9YMZZ_ubOAA84D1kwzJi65PAA,69fd1d6de7a6b5b2035927c5,69fd1d73e7a6b5b203592c00
eyJhbGciOiJIUzI1NiIsInR5cCI6IkpXVCJ9.eyJpZCI6IjY5ZmQxZDczZTdhNmI1YjIwMzU5MmMwMSIsImVtYWlsIjoibG9hZHRlc3QtMTA3M0BpY2hhbmdlLnRlc3QiLCJyb2xlIjoic3R1ZGVudCIsImlhdCI6MTc3ODE5NTgyNywiZXhwIjoxNzc4MjAzMDI3fQ.SgnJt8y6_ExSUsGAh-ve0LnriEsb4QIF9LU7Ry67g2U,69fd1d6de7a6b5b2035927c5,69fd1d73e7a6b5b203592c01
eyJhbGciOiJIUzI1NiIsInR5cCI6IkpXVCJ9.eyJpZCI6IjY5ZmQxZDczZTdhNmI1YjIwMzU5MmMwMiIsImVtYWlsIjoibG9hZHRlc3QtMTA3NEBpY2hhbmdlLnRlc3QiLCJyb2xlIjoic3R1ZGVudCIsImlhdCI6MTc3ODE5NTgyNywiZXhwIjoxNzc4MjAzMDI3fQ.rz3ojH9nADoA-9ssYUVXNaW1l2mde3M9K_hzgIpfaIk,69fd1d6de7a6b5b2035927c5,69fd1d73e7a6b5b203592c02
eyJhbGciOiJIUzI1NiIsInR5cCI6IkpXVCJ9.eyJpZCI6IjY5ZmQxZDczZTdhNmI1YjIwMzU5MmMwMyIsImVtYWlsIjoibG9hZHRlc3QtMTA3NUBpY2hhbmdlLnRlc3QiLCJyb2xlIjoic3R1ZGVudCIsImlhdCI6MTc3ODE5NTgyNywiZXhwIjoxNzc4MjAzMDI3fQ.tJpvkrIHwmp-K8psRFxv6CRk4x5NQyHDZwOFLQUwM2k,69fd1d6de7a6b5b2035927c5,69fd1d73e7a6b5b203592c03
eyJhbGciOiJIUzI1NiIsInR5cCI6IkpXVCJ9.eyJpZCI6IjY5ZmQxZDczZTdhNmI1YjIwMzU5MmMwNCIsImVtYWlsIjoibG9hZHRlc3QtMTA3NkBpY2hhbmdlLnRlc3QiLCJyb2xlIjoic3R1ZGVudCIsImlhdCI6MTc3ODE5NTgyNywiZXhwIjoxNzc4MjAzMDI3fQ.TxV73C8m_QmCI6PABpV-BeVlIOXHPA-NksGzxNHJZ4s,69fd1d6de7a6b5b2035927c5,69fd1d73e7a6b5b203592c04
eyJhbGciOiJIUzI1NiIsInR5cCI6IkpXVCJ9.eyJpZCI6IjY5ZmQxZDczZTdhNmI1YjIwMzU5MmMwNSIsImVtYWlsIjoibG9hZHRlc3QtMTA3N0BpY2hhbmdlLnRlc3QiLCJyb2xlIjoic3R1ZGVudCIsImlhdCI6MTc3ODE5NTgyNywiZXhwIjoxNzc4MjAzMDI3fQ.yb84mHPMx8CluKRSHWZO5L9Vd1x0BGQRRICfkxBloFc,69fd1d6de7a6b5b2035927c5,69fd1d73e7a6b5b203592c05
eyJhbGciOiJIUzI1NiIsInR5cCI6IkpXVCJ9.eyJpZCI6IjY5ZmQxZDczZTdhNmI1YjIwMzU5MmMwNiIsImVtYWlsIjoibG9hZHRlc3QtMTA3OEBpY2hhbmdlLnRlc3QiLCJyb2xlIjoic3R1ZGVudCIsImlhdCI6MTc3ODE5NTgyNywiZXhwIjoxNzc4MjAzMDI3fQ.om9M9NRRs7EXUF6o1gTuv6dck5akCzjv9TnpXFSL6HY,69fd1d6de7a6b5b2035927c5,69fd1d73e7a6b5b203592c06
eyJhbGciOiJIUzI1NiIsInR5cCI6IkpXVCJ9.eyJpZCI6IjY5ZmQxZDczZTdhNmI1YjIwMzU5MmMwNyIsImVtYWlsIjoibG9hZHRlc3QtMTA3OUBpY2hhbmdlLnRlc3QiLCJyb2xlIjoic3R1ZGVudCIsImlhdCI6MTc3ODE5NTgyNywiZXhwIjoxNzc4MjAzMDI3fQ.Mk8rlPuOJ7qBnAHjqCegcIxTZjTfBSuZmmIp-BekmrI,69fd1d6de7a6b5b2035927c5,69fd1d73e7a6b5b203592c07
eyJhbGciOiJIUzI1NiIsInR5cCI6IkpXVCJ9.eyJpZCI6IjY5ZmQxZDczZTdhNmI1YjIwMzU5MmMwOCIsImVtYWlsIjoibG9hZHRlc3QtMTA4MEBpY2hhbmdlLnRlc3QiLCJyb2xlIjoic3R1ZGVudCIsImlhdCI6MTc3ODE5NTgyNywiZXhwIjoxNzc4MjAzMDI3fQ.6A3LOUrmW4Oug57FV3Vnw_6HjXsbCU8UFgky-8HubII,69fd1d6de7a6b5b2035927c5,69fd1d73e7a6b5b203592c08
eyJhbGciOiJIUzI1NiIsInR5cCI6IkpXVCJ9.eyJpZCI6IjY5ZmQxZDczZTdhNmI1YjIwMzU5MmMwOSIsImVtYWlsIjoibG9hZHRlc3QtMTA4MUBpY2hhbmdlLnRlc3QiLCJyb2xlIjoic3R1ZGVudCIsImlhdCI6MTc3ODE5NTgyNywiZXhwIjoxNzc4MjAzMDI3fQ.Tpr_1KsOJQeA2KWx4TJIh9YX15oSeMK-HsZCipHRHfo,69fd1d6de7a6b5b2035927c5,69fd1d73e7a6b5b203592c09
eyJhbGciOiJIUzI1NiIsInR5cCI6IkpXVCJ9.eyJpZCI6IjY5ZmQxZDczZTdhNmI1YjIwMzU5MmMwYSIsImVtYWlsIjoibG9hZHRlc3QtMTA4MkBpY2hhbmdlLnRlc3QiLCJyb2xlIjoic3R1ZGVudCIsImlhdCI6MTc3ODE5NTgyNywiZXhwIjoxNzc4MjAzMDI3fQ.cFq1s1lZB1DTtWOZ-ggZwc61_gTT-idg_r_g9hAlVNg,69fd1d6de7a6b5b2035927c5,69fd1d73e7a6b5b203592c0a
eyJhbGciOiJIUzI1NiIsInR5cCI6IkpXVCJ9.eyJpZCI6IjY5ZmQxZDczZTdhNmI1YjIwMzU5MmMwYiIsImVtYWlsIjoibG9hZHRlc3QtMTA4M0BpY2hhbmdlLnRlc3QiLCJyb2xlIjoic3R1ZGVudCIsImlhdCI6MTc3ODE5NTgyNywiZXhwIjoxNzc4MjAzMDI3fQ.z-aZDKW-FDoskd8I64FFHvJCBkFm_LHyR0XhqqwzGTE,69fd1d6de7a6b5b2035927c5,69fd1d73e7a6b5b203592c0b
eyJhbGciOiJIUzI1NiIsInR5cCI6IkpXVCJ9.eyJpZCI6IjY5ZmQxZDczZTdhNmI1YjIwMzU5MmMwYyIsImVtYWlsIjoibG9hZHRlc3QtMTA4NEBpY2hhbmdlLnRlc3QiLCJyb2xlIjoic3R1ZGVudCIsImlhdCI6MTc3ODE5NTgyNywiZXhwIjoxNzc4MjAzMDI3fQ.X31VFQOatL4L9Kw6MXGpH6fdEuv-MkhBqc4awxVrLRc,69fd1d6de7a6b5b2035927c5,69fd1d73e7a6b5b203592c0c
eyJhbGciOiJIUzI1NiIsInR5cCI6IkpXVCJ9.eyJpZCI6IjY5ZmQxZDczZTdhNmI1YjIwMzU5MmMwZCIsImVtYWlsIjoibG9hZHRlc3QtMTA4NUBpY2hhbmdlLnRlc3QiLCJyb2xlIjoic3R1ZGVudCIsImlhdCI6MTc3ODE5NTgyNywiZXhwIjoxNzc4MjAzMDI3fQ.xoF7KlhfmtLjc9lwNat7eMsl4YvjAq7EcapkiaW03oU,69fd1d6de7a6b5b2035927c5,69fd1d73e7a6b5b203592c0d
eyJhbGciOiJIUzI1NiIsInR5cCI6IkpXVCJ9.eyJpZCI6IjY5ZmQxZDczZTdhNmI1YjIwMzU5MmMwZSIsImVtYWlsIjoibG9hZHRlc3QtMTA4NkBpY2hhbmdlLnRlc3QiLCJyb2xlIjoic3R1ZGVudCIsImlhdCI6MTc3ODE5NTgyNywiZXhwIjoxNzc4MjAzMDI3fQ.1EFSKE0um3tosxblMoMauQ-R2H2U19kfXybSWkh7Lbk,69fd1d6de7a6b5b2035927c5,69fd1d73e7a6b5b203592c0e
eyJhbGciOiJIUzI1NiIsInR5cCI6IkpXVCJ9.eyJpZCI6IjY5ZmQxZDczZTdhNmI1YjIwMzU5MmMwZiIsImVtYWlsIjoibG9hZHRlc3QtMTA4N0BpY2hhbmdlLnRlc3QiLCJyb2xlIjoic3R1ZGVudCIsImlhdCI6MTc3ODE5NTgyNywiZXhwIjoxNzc4MjAzMDI3fQ.edUydm-Ux9o3tOysl3bGGBqYLsKQ7uO3ZKtOjmNU_jU,69fd1d6de7a6b5b2035927c5,69fd1d73e7a6b5b203592c0f
eyJhbGciOiJIUzI1NiIsInR5cCI6IkpXVCJ9.eyJpZCI6IjY5ZmQxZDczZTdhNmI1YjIwMzU5MmMxMCIsImVtYWlsIjoibG9hZHRlc3QtMTA4OEBpY2hhbmdlLnRlc3QiLCJyb2xlIjoic3R1ZGVudCIsImlhdCI6MTc3ODE5NTgyNywiZXhwIjoxNzc4MjAzMDI3fQ.-BD8RImaWUjLE5KKEZSqteA6nGGgDLwpq7hzaaElXHo,69fd1d6de7a6b5b2035927c5,69fd1d73e7a6b5b203592c10
eyJhbGciOiJIUzI1NiIsInR5cCI6IkpXVCJ9.eyJpZCI6IjY5ZmQxZDczZTdhNmI1YjIwMzU5MmMxMSIsImVtYWlsIjoibG9hZHRlc3QtMTA4OUBpY2hhbmdlLnRlc3QiLCJyb2xlIjoic3R1ZGVudCIsImlhdCI6MTc3ODE5NTgyOCwiZXhwIjoxNzc4MjAzMDI4fQ.UWvPI5aI9N7V41FN5OH0i9aTYgUb0SuZe0v6oNjQA6M,69fd1d6de7a6b5b2035927c5,69fd1d73e7a6b5b203592c11
eyJhbGciOiJIUzI1NiIsInR5cCI6IkpXVCJ9.eyJpZCI6IjY5ZmQxZDczZTdhNmI1YjIwMzU5MmMxMiIsImVtYWlsIjoibG9hZHRlc3QtMTA5MEBpY2hhbmdlLnRlc3QiLCJyb2xlIjoic3R1ZGVudCIsImlhdCI6MTc3ODE5NTgyOCwiZXhwIjoxNzc4MjAzMDI4fQ.x3wsJkZLdCitxNV4aLqFpT0oWdJYt7voa8NsWA8I5pM,69fd1d6de7a6b5b2035927c5,69fd1d73e7a6b5b203592c12
eyJhbGciOiJIUzI1NiIsInR5cCI6IkpXVCJ9.eyJpZCI6IjY5ZmQxZDczZTdhNmI1YjIwMzU5MmMxMyIsImVtYWlsIjoibG9hZHRlc3QtMTA5MUBpY2hhbmdlLnRlc3QiLCJyb2xlIjoic3R1ZGVudCIsImlhdCI6MTc3ODE5NTgyOCwiZXhwIjoxNzc4MjAzMDI4fQ.byZzVNifsj6iGn1h9rbpV51TB8hnxkZ5NKPfKQVD0fQ,69fd1d6de7a6b5b2035927c5,69fd1d73e7a6b5b203592c13
eyJhbGciOiJIUzI1NiIsInR5cCI6IkpXVCJ9.eyJpZCI6IjY5ZmQxZDczZTdhNmI1YjIwMzU5MmMxNCIsImVtYWlsIjoibG9hZHRlc3QtMTA5MkBpY2hhbmdlLnRlc3QiLCJyb2xlIjoic3R1ZGVudCIsImlhdCI6MTc3ODE5NTgyOCwiZXhwIjoxNzc4MjAzMDI4fQ.H2XggTIry3uuzFiRsq_rqoYQoX-DTXD5ExRx3dQQu0I,69fd1d6de7a6b5b2035927c5,69fd1d73e7a6b5b203592c14
eyJhbGciOiJIUzI1NiIsInR5cCI6IkpXVCJ9.eyJpZCI6IjY5ZmQxZDczZTdhNmI1YjIwMzU5MmMxNSIsImVtYWlsIjoibG9hZHRlc3QtMTA5M0BpY2hhbmdlLnRlc3QiLCJyb2xlIjoic3R1ZGVudCIsImlhdCI6MTc3ODE5NTgyOCwiZXhwIjoxNzc4MjAzMDI4fQ.tI7IDdbxvTtsKY9M3iJQ2ro65u9Qm2UOJadYfzJPCKw,69fd1d6de7a6b5b2035927c5,69fd1d73e7a6b5b203592c15
eyJhbGciOiJIUzI1NiIsInR5cCI6IkpXVCJ9.eyJpZCI6IjY5ZmQxZDczZTdhNmI1YjIwMzU5MmMxNiIsImVtYWlsIjoibG9hZHRlc3QtMTA5NEBpY2hhbmdlLnRlc3QiLCJyb2xlIjoic3R1ZGVudCIsImlhdCI6MTc3ODE5NTgyOCwiZXhwIjoxNzc4MjAzMDI4fQ.-hH54_vt2Dt0Kg1D2HXSA2eBnB-yO0Lw-_w_RIB22HI,69fd1d6de7a6b5b2035927c5,69fd1d73e7a6b5b203592c16
eyJhbGciOiJIUzI1NiIsInR5cCI6IkpXVCJ9.eyJpZCI6IjY5ZmQxZDczZTdhNmI1YjIwMzU5MmMxNyIsImVtYWlsIjoibG9hZHRlc3QtMTA5NUBpY2hhbmdlLnRlc3QiLCJyb2xlIjoic3R1ZGVudCIsImlhdCI6MTc3ODE5NTgyOCwiZXhwIjoxNzc4MjAzMDI4fQ.8ynbkGhaWBY32m1xo94kicgcGJcXIU61sEEgpifgRyU,69fd1d6de7a6b5b2035927c5,69fd1d73e7a6b5b203592c17
eyJhbGciOiJIUzI1NiIsInR5cCI6IkpXVCJ9.eyJpZCI6IjY5ZmQxZDczZTdhNmI1YjIwMzU5MmMxOCIsImVtYWlsIjoibG9hZHRlc3QtMTA5NkBpY2hhbmdlLnRlc3QiLCJyb2xlIjoic3R1ZGVudCIsImlhdCI6MTc3ODE5NTgyOCwiZXhwIjoxNzc4MjAzMDI4fQ.-1jqKo_mGXDnUBmCO-cRZR20gW3rw1_ppaeDKnJAzko,69fd1d6de7a6b5b2035927c5,69fd1d73e7a6b5b203592c18
eyJhbGciOiJIUzI1NiIsInR5cCI6IkpXVCJ9.eyJpZCI6IjY5ZmQxZDczZTdhNmI1YjIwMzU5MmMxOSIsImVtYWlsIjoibG9hZHRlc3QtMTA5N0BpY2hhbmdlLnRlc3QiLCJyb2xlIjoic3R1ZGVudCIsImlhdCI6MTc3ODE5NTgyOCwiZXhwIjoxNzc4MjAzMDI4fQ.f5LzTTyZHGTV49lm_ZWNIeo4S774GHA8e_TwDizFws4,69fd1d6de7a6b5b2035927c5,69fd1d73e7a6b5b203592c19
eyJhbGciOiJIUzI1NiIsInR5cCI6IkpXVCJ9.eyJpZCI6IjY5ZmQxZDczZTdhNmI1YjIwMzU5MmMxYSIsImVtYWlsIjoibG9hZHRlc3QtMTA5OEBpY2hhbmdlLnRlc3QiLCJyb2xlIjoic3R1ZGVudCIsImlhdCI6MTc3ODE5NTgyOCwiZXhwIjoxNzc4MjAzMDI4fQ.kNEs_zgDOigh7fw1iZEikjqU0_1rGcXB5IJviR5FyQU,69fd1d6de7a6b5b2035927c5,69fd1d73e7a6b5b203592c1a
eyJhbGciOiJIUzI1NiIsInR5cCI6IkpXVCJ9.eyJpZCI6IjY5ZmQxZDczZTdhNmI1YjIwMzU5MmMxYiIsImVtYWlsIjoibG9hZHRlc3QtMTA5OUBpY2hhbmdlLnRlc3QiLCJyb2xlIjoic3R1ZGVudCIsImlhdCI6MTc3ODE5NTgyOCwiZXhwIjoxNzc4MjAzMDI4fQ.ppwVgd36qs61_ktbSWvHPkPWC98ezwwYGmhLlPbiTA4,69fd1d6de7a6b5b2035927c5,69fd1d73e7a6b5b203592c1b
eyJhbGciOiJIUzI1NiIsInR5cCI6IkpXVCJ9.eyJpZCI6IjY5ZmQxZDczZTdhNmI1YjIwMzU5MmMxYyIsImVtYWlsIjoibG9hZHRlc3QtMTEwMEBpY2hhbmdlLnRlc3QiLCJyb2xlIjoic3R1ZGVudCIsImlhdCI6MTc3ODE5NTgyOCwiZXhwIjoxNzc4MjAzMDI4fQ.rsuSPKbJy-qGAY_vcp1xWCroU5mevS9O5waWqKv6NKg,69fd1d6de7a6b5b2035927c5,69fd1d73e7a6b5b203592c1c
eyJhbGciOiJIUzI1NiIsInR5cCI6IkpXVCJ9.eyJpZCI6IjY5ZmQxZDc0ZTdhNmI1YjIwMzU5MmMxZSIsImVtYWlsIjoibG9hZHRlc3QtMTEwMUBpY2hhbmdlLnRlc3QiLCJyb2xlIjoic3R1ZGVudCIsImlhdCI6MTc3ODE5NTgyOCwiZXhwIjoxNzc4MjAzMDI4fQ.4v0-FGe_1KSLQozgKy2j_ULKSxqu_i5JLZNiVEODA0k,69fd1d6de7a6b5b2035927c5,69fd1d74e7a6b5b203592c1e
eyJhbGciOiJIUzI1NiIsInR5cCI6IkpXVCJ9.eyJpZCI6IjY5ZmQxZDc0ZTdhNmI1YjIwMzU5MmMxZiIsImVtYWlsIjoibG9hZHRlc3QtMTEwMkBpY2hhbmdlLnRlc3QiLCJyb2xlIjoic3R1ZGVudCIsImlhdCI6MTc3ODE5NTgyOCwiZXhwIjoxNzc4MjAzMDI4fQ.VKleRVlfVRtFZ741ImHBCSsKKMcNCrBJ-pbMJE2gfi4,69fd1d6de7a6b5b2035927c5,69fd1d74e7a6b5b203592c1f
eyJhbGciOiJIUzI1NiIsInR5cCI6IkpXVCJ9.eyJpZCI6IjY5ZmQxZDc0ZTdhNmI1YjIwMzU5MmMyMCIsImVtYWlsIjoibG9hZHRlc3QtMTEwM0BpY2hhbmdlLnRlc3QiLCJyb2xlIjoic3R1ZGVudCIsImlhdCI6MTc3ODE5NTgyOCwiZXhwIjoxNzc4MjAzMDI4fQ.kHizYJaeozEJ5hHfGTEt9fi9HM65snLsEwii4V3T9q8,69fd1d6de7a6b5b2035927c5,69fd1d74e7a6b5b203592c20
eyJhbGciOiJIUzI1NiIsInR5cCI6IkpXVCJ9.eyJpZCI6IjY5ZmQxZDc0ZTdhNmI1YjIwMzU5MmMyMSIsImVtYWlsIjoibG9hZHRlc3QtMTEwNEBpY2hhbmdlLnRlc3QiLCJyb2xlIjoic3R1ZGVudCIsImlhdCI6MTc3ODE5NTgyOCwiZXhwIjoxNzc4MjAzMDI4fQ.7goMUypKtfjjoActRwX0UdXg4Y1sUv2U5SYdkZ_xemg,69fd1d6de7a6b5b2035927c5,69fd1d74e7a6b5b203592c21
eyJhbGciOiJIUzI1NiIsInR5cCI6IkpXVCJ9.eyJpZCI6IjY5ZmQxZDc0ZTdhNmI1YjIwMzU5MmMyMiIsImVtYWlsIjoibG9hZHRlc3QtMTEwNUBpY2hhbmdlLnRlc3QiLCJyb2xlIjoic3R1ZGVudCIsImlhdCI6MTc3ODE5NTgyOCwiZXhwIjoxNzc4MjAzMDI4fQ.v5blBsyYuoO9-9SM7nAx32tAf-VguSi2KovP0Q_kPvk,69fd1d6de7a6b5b2035927c5,69fd1d74e7a6b5b203592c22
eyJhbGciOiJIUzI1NiIsInR5cCI6IkpXVCJ9.eyJpZCI6IjY5ZmQxZDc0ZTdhNmI1YjIwMzU5MmMyMyIsImVtYWlsIjoibG9hZHRlc3QtMTEwNkBpY2hhbmdlLnRlc3QiLCJyb2xlIjoic3R1ZGVudCIsImlhdCI6MTc3ODE5NTgyOCwiZXhwIjoxNzc4MjAzMDI4fQ.ZtOHsgSwvwuF1dk1SRO89KpJluRzlSiNLIOUuQhwwxg,69fd1d6de7a6b5b2035927c5,69fd1d74e7a6b5b203592c23
eyJhbGciOiJIUzI1NiIsInR5cCI6IkpXVCJ9.eyJpZCI6IjY5ZmQxZDc0ZTdhNmI1YjIwMzU5MmMyNCIsImVtYWlsIjoibG9hZHRlc3QtMTEwN0BpY2hhbmdlLnRlc3QiLCJyb2xlIjoic3R1ZGVudCIsImlhdCI6MTc3ODE5NTgyOCwiZXhwIjoxNzc4MjAzMDI4fQ.fJqy9pee_AfEQOQpFYp5QG2OexVFxPuRnhjL9BdJt4o,69fd1d6de7a6b5b2035927c5,69fd1d74e7a6b5b203592c24
eyJhbGciOiJIUzI1NiIsInR5cCI6IkpXVCJ9.eyJpZCI6IjY5ZmQxZDc0ZTdhNmI1YjIwMzU5MmMyNSIsImVtYWlsIjoibG9hZHRlc3QtMTEwOEBpY2hhbmdlLnRlc3QiLCJyb2xlIjoic3R1ZGVudCIsImlhdCI6MTc3ODE5NTgyOCwiZXhwIjoxNzc4MjAzMDI4fQ.rVJJUf9fjGTBZreiov1swpFOAhbuEfXC1hZjM3Foh6M,69fd1d6de7a6b5b2035927c5,69fd1d74e7a6b5b203592c25
eyJhbGciOiJIUzI1NiIsInR5cCI6IkpXVCJ9.eyJpZCI6IjY5ZmQxZDc0ZTdhNmI1YjIwMzU5MmMyNiIsImVtYWlsIjoibG9hZHRlc3QtMTEwOUBpY2hhbmdlLnRlc3QiLCJyb2xlIjoic3R1ZGVudCIsImlhdCI6MTc3ODE5NTgyOCwiZXhwIjoxNzc4MjAzMDI4fQ.ITrF34h24c5d1pTsq-EuDGOdzz_RDUmtw75EOV5A2Ug,69fd1d6de7a6b5b2035927c5,69fd1d74e7a6b5b203592c26
eyJhbGciOiJIUzI1NiIsInR5cCI6IkpXVCJ9.eyJpZCI6IjY5ZmQxZDc0ZTdhNmI1YjIwMzU5MmMyNyIsImVtYWlsIjoibG9hZHRlc3QtMTExMEBpY2hhbmdlLnRlc3QiLCJyb2xlIjoic3R1ZGVudCIsImlhdCI6MTc3ODE5NTgyOCwiZXhwIjoxNzc4MjAzMDI4fQ.e14qwKJqBetG-hyB4p6tY4aYlrqHEqAuw5KRS5VqpRI,69fd1d6de7a6b5b2035927c5,69fd1d74e7a6b5b203592c27
eyJhbGciOiJIUzI1NiIsInR5cCI6IkpXVCJ9.eyJpZCI6IjY5ZmQxZDc0ZTdhNmI1YjIwMzU5MmMyOCIsImVtYWlsIjoibG9hZHRlc3QtMTExMUBpY2hhbmdlLnRlc3QiLCJyb2xlIjoic3R1ZGVudCIsImlhdCI6MTc3ODE5NTgyOCwiZXhwIjoxNzc4MjAzMDI4fQ.GNqKHS6VR2d8Q_--h17HdetTJU2mF0B8Melabs3DaUQ,69fd1d6de7a6b5b2035927c5,69fd1d74e7a6b5b203592c28
eyJhbGciOiJIUzI1NiIsInR5cCI6IkpXVCJ9.eyJpZCI6IjY5ZmQxZDc0ZTdhNmI1YjIwMzU5MmMyOSIsImVtYWlsIjoibG9hZHRlc3QtMTExMkBpY2hhbmdlLnRlc3QiLCJyb2xlIjoic3R1ZGVudCIsImlhdCI6MTc3ODE5NTgyOCwiZXhwIjoxNzc4MjAzMDI4fQ.RqJsq57puQXs6SFQ4D8XjqsHKAEkWZuXXz8j6ovEB0w,69fd1d6de7a6b5b2035927c5,69fd1d74e7a6b5b203592c29
eyJhbGciOiJIUzI1NiIsInR5cCI6IkpXVCJ9.eyJpZCI6IjY5ZmQxZDc0ZTdhNmI1YjIwMzU5MmMyYSIsImVtYWlsIjoibG9hZHRlc3QtMTExM0BpY2hhbmdlLnRlc3QiLCJyb2xlIjoic3R1ZGVudCIsImlhdCI6MTc3ODE5NTgyOCwiZXhwIjoxNzc4MjAzMDI4fQ.FrXRHOOdI2pipIcVNSLuM0c_ypbmHSkDspK1FZZPulQ,69fd1d6de7a6b5b2035927c5,69fd1d74e7a6b5b203592c2a
eyJhbGciOiJIUzI1NiIsInR5cCI6IkpXVCJ9.eyJpZCI6IjY5ZmQxZDc0ZTdhNmI1YjIwMzU5MmMyYiIsImVtYWlsIjoibG9hZHRlc3QtMTExNEBpY2hhbmdlLnRlc3QiLCJyb2xlIjoic3R1ZGVudCIsImlhdCI6MTc3ODE5NTgyOCwiZXhwIjoxNzc4MjAzMDI4fQ.oTQ3HuQV6Wu1iwbVhm6sSQ2yWIIQAeo13wzY8sLbpdA,69fd1d6de7a6b5b2035927c5,69fd1d74e7a6b5b203592c2b
eyJhbGciOiJIUzI1NiIsInR5cCI6IkpXVCJ9.eyJpZCI6IjY5ZmQxZDc0ZTdhNmI1YjIwMzU5MmMyYyIsImVtYWlsIjoibG9hZHRlc3QtMTExNUBpY2hhbmdlLnRlc3QiLCJyb2xlIjoic3R1ZGVudCIsImlhdCI6MTc3ODE5NTgyOCwiZXhwIjoxNzc4MjAzMDI4fQ.dmL2H0O5DYG25GJCX8FTT9oT-bbrzti1o-ZM7LhjuXE,69fd1d6de7a6b5b2035927c5,69fd1d74e7a6b5b203592c2c
eyJhbGciOiJIUzI1NiIsInR5cCI6IkpXVCJ9.eyJpZCI6IjY5ZmQxZDc0ZTdhNmI1YjIwMzU5MmMyZCIsImVtYWlsIjoibG9hZHRlc3QtMTExNkBpY2hhbmdlLnRlc3QiLCJyb2xlIjoic3R1ZGVudCIsImlhdCI6MTc3ODE5NTgyOCwiZXhwIjoxNzc4MjAzMDI4fQ.KVRL02Kl5m_TSfJ0FNXFoz7IAXFy1_L27aMe_95GRK0,69fd1d6de7a6b5b2035927c5,69fd1d74e7a6b5b203592c2d
eyJhbGciOiJIUzI1NiIsInR5cCI6IkpXVCJ9.eyJpZCI6IjY5ZmQxZDc0ZTdhNmI1YjIwMzU5MmMyZSIsImVtYWlsIjoibG9hZHRlc3QtMTExN0BpY2hhbmdlLnRlc3QiLCJyb2xlIjoic3R1ZGVudCIsImlhdCI6MTc3ODE5NTgyOCwiZXhwIjoxNzc4MjAzMDI4fQ.9NECpX-VggjXMI6yJAQDBwHOEMsFNWbCJjtyZjt5rHY,69fd1d6de7a6b5b2035927c5,69fd1d74e7a6b5b203592c2e
eyJhbGciOiJIUzI1NiIsInR5cCI6IkpXVCJ9.eyJpZCI6IjY5ZmQxZDc0ZTdhNmI1YjIwMzU5MmMyZiIsImVtYWlsIjoibG9hZHRlc3QtMTExOEBpY2hhbmdlLnRlc3QiLCJyb2xlIjoic3R1ZGVudCIsImlhdCI6MTc3ODE5NTgyOCwiZXhwIjoxNzc4MjAzMDI4fQ.OJeylDK0PatTDWvg0mpoaWsIsXUG7LEuLgaoC4xeyJE,69fd1d6de7a6b5b2035927c5,69fd1d74e7a6b5b203592c2f
eyJhbGciOiJIUzI1NiIsInR5cCI6IkpXVCJ9.eyJpZCI6IjY5ZmQxZDc0ZTdhNmI1YjIwMzU5MmMzMCIsImVtYWlsIjoibG9hZHRlc3QtMTExOUBpY2hhbmdlLnRlc3QiLCJyb2xlIjoic3R1ZGVudCIsImlhdCI6MTc3ODE5NTgyOCwiZXhwIjoxNzc4MjAzMDI4fQ.2dbA40mOug3PXCk_6-MgwdrOmfb715g_y_4B4V4jDxY,69fd1d6de7a6b5b2035927c5,69fd1d74e7a6b5b203592c30
eyJhbGciOiJIUzI1NiIsInR5cCI6IkpXVCJ9.eyJpZCI6IjY5ZmQxZDc0ZTdhNmI1YjIwMzU5MmMzMSIsImVtYWlsIjoibG9hZHRlc3QtMTEyMEBpY2hhbmdlLnRlc3QiLCJyb2xlIjoic3R1ZGVudCIsImlhdCI6MTc3ODE5NTgyOCwiZXhwIjoxNzc4MjAzMDI4fQ.Y8eQWvgGJAlz3sIEl24pTZQCSOBVFL_4mZ66ol31JSg,69fd1d6de7a6b5b2035927c5,69fd1d74e7a6b5b203592c31
eyJhbGciOiJIUzI1NiIsInR5cCI6IkpXVCJ9.eyJpZCI6IjY5ZmQxZDc0ZTdhNmI1YjIwMzU5MmMzMiIsImVtYWlsIjoibG9hZHRlc3QtMTEyMUBpY2hhbmdlLnRlc3QiLCJyb2xlIjoic3R1ZGVudCIsImlhdCI6MTc3ODE5NTgyOCwiZXhwIjoxNzc4MjAzMDI4fQ.nhHtNzeMeqdsVYUoc4eMBuXC1mclGjxCb-cCicwzY2A,69fd1d6de7a6b5b2035927c5,69fd1d74e7a6b5b203592c32
eyJhbGciOiJIUzI1NiIsInR5cCI6IkpXVCJ9.eyJpZCI6IjY5ZmQxZDc0ZTdhNmI1YjIwMzU5MmMzMyIsImVtYWlsIjoibG9hZHRlc3QtMTEyMkBpY2hhbmdlLnRlc3QiLCJyb2xlIjoic3R1ZGVudCIsImlhdCI6MTc3ODE5NTgyOCwiZXhwIjoxNzc4MjAzMDI4fQ.e5z4cgZzw83lRWpEkmPmLi7iO9Harsel5t-MDQiWotk,69fd1d6de7a6b5b2035927c5,69fd1d74e7a6b5b203592c33
eyJhbGciOiJIUzI1NiIsInR5cCI6IkpXVCJ9.eyJpZCI6IjY5ZmQxZDc0ZTdhNmI1YjIwMzU5MmMzNCIsImVtYWlsIjoibG9hZHRlc3QtMTEyM0BpY2hhbmdlLnRlc3QiLCJyb2xlIjoic3R1ZGVudCIsImlhdCI6MTc3ODE5NTgyOCwiZXhwIjoxNzc4MjAzMDI4fQ.Qi4Whk05Bq_yiXGgZ9tfJzkL83AA8H6bOsOZ8bU58ew,69fd1d6de7a6b5b2035927c5,69fd1d74e7a6b5b203592c34
eyJhbGciOiJIUzI1NiIsInR5cCI6IkpXVCJ9.eyJpZCI6IjY5ZmQxZDc0ZTdhNmI1YjIwMzU5MmMzNSIsImVtYWlsIjoibG9hZHRlc3QtMTEyNEBpY2hhbmdlLnRlc3QiLCJyb2xlIjoic3R1ZGVudCIsImlhdCI6MTc3ODE5NTgyOCwiZXhwIjoxNzc4MjAzMDI4fQ.OmjfHGHv45f3aXi4knCGvWnTN9i3B6xif7LASoLz9LI,69fd1d6de7a6b5b2035927c5,69fd1d74e7a6b5b203592c35
eyJhbGciOiJIUzI1NiIsInR5cCI6IkpXVCJ9.eyJpZCI6IjY5ZmQxZDc0ZTdhNmI1YjIwMzU5MmMzNiIsImVtYWlsIjoibG9hZHRlc3QtMTEyNUBpY2hhbmdlLnRlc3QiLCJyb2xlIjoic3R1ZGVudCIsImlhdCI6MTc3ODE5NTgyOCwiZXhwIjoxNzc4MjAzMDI4fQ.P1S9um86v3rEZ97J_rk4QWrFO3sYnVaKCOfGU8iTuPo,69fd1d6de7a6b5b2035927c5,69fd1d74e7a6b5b203592c36
eyJhbGciOiJIUzI1NiIsInR5cCI6IkpXVCJ9.eyJpZCI6IjY5ZmQxZDc0ZTdhNmI1YjIwMzU5MmMzNyIsImVtYWlsIjoibG9hZHRlc3QtMTEyNkBpY2hhbmdlLnRlc3QiLCJyb2xlIjoic3R1ZGVudCIsImlhdCI6MTc3ODE5NTgyOCwiZXhwIjoxNzc4MjAzMDI4fQ.pO5Bq_8fpIqmog1TGdjMAi3kRHMdH6FrkrWsSVufF2c,69fd1d6de7a6b5b2035927c5,69fd1d74e7a6b5b203592c37
eyJhbGciOiJIUzI1NiIsInR5cCI6IkpXVCJ9.eyJpZCI6IjY5ZmQxZDc0ZTdhNmI1YjIwMzU5MmMzOCIsImVtYWlsIjoibG9hZHRlc3QtMTEyN0BpY2hhbmdlLnRlc3QiLCJyb2xlIjoic3R1ZGVudCIsImlhdCI6MTc3ODE5NTgyOCwiZXhwIjoxNzc4MjAzMDI4fQ.E47zBMkbCEskdZOnUCCltGE1MwGQE4v4ejSUW6djS9g,69fd1d6de7a6b5b2035927c5,69fd1d74e7a6b5b203592c38
eyJhbGciOiJIUzI1NiIsInR5cCI6IkpXVCJ9.eyJpZCI6IjY5ZmQxZDc0ZTdhNmI1YjIwMzU5MmMzOSIsImVtYWlsIjoibG9hZHRlc3QtMTEyOEBpY2hhbmdlLnRlc3QiLCJyb2xlIjoic3R1ZGVudCIsImlhdCI6MTc3ODE5NTgyOCwiZXhwIjoxNzc4MjAzMDI4fQ.JX0U_c0QHX--cQqZL7_AURWqL3VPUmUU3-rbV8Lt1Qs,69fd1d6de7a6b5b2035927c5,69fd1d74e7a6b5b203592c39
eyJhbGciOiJIUzI1NiIsInR5cCI6IkpXVCJ9.eyJpZCI6IjY5ZmQxZDc0ZTdhNmI1YjIwMzU5MmMzYSIsImVtYWlsIjoibG9hZHRlc3QtMTEyOUBpY2hhbmdlLnRlc3QiLCJyb2xlIjoic3R1ZGVudCIsImlhdCI6MTc3ODE5NTgyOCwiZXhwIjoxNzc4MjAzMDI4fQ.DJAYQ9QtE5I9oxB3opdJjvJrLMxAahepscRA59dq9xM,69fd1d6de7a6b5b2035927c5,69fd1d74e7a6b5b203592c3a
eyJhbGciOiJIUzI1NiIsInR5cCI6IkpXVCJ9.eyJpZCI6IjY5ZmQxZDc0ZTdhNmI1YjIwMzU5MmMzYiIsImVtYWlsIjoibG9hZHRlc3QtMTEzMEBpY2hhbmdlLnRlc3QiLCJyb2xlIjoic3R1ZGVudCIsImlhdCI6MTc3ODE5NTgyOCwiZXhwIjoxNzc4MjAzMDI4fQ.KBdmxlV9O0-_3Kj9zAmIT7lBA45AtPwiA_q8ZJl02k8,69fd1d6de7a6b5b2035927c5,69fd1d74e7a6b5b203592c3b
eyJhbGciOiJIUzI1NiIsInR5cCI6IkpXVCJ9.eyJpZCI6IjY5ZmQxZDc0ZTdhNmI1YjIwMzU5MmMzYyIsImVtYWlsIjoibG9hZHRlc3QtMTEzMUBpY2hhbmdlLnRlc3QiLCJyb2xlIjoic3R1ZGVudCIsImlhdCI6MTc3ODE5NTgyOCwiZXhwIjoxNzc4MjAzMDI4fQ.1d8T4lDz1WnnBE27HPfVT2PDFzey7VOC7ksoFIOzIFk,69fd1d6de7a6b5b2035927c5,69fd1d74e7a6b5b203592c3c
eyJhbGciOiJIUzI1NiIsInR5cCI6IkpXVCJ9.eyJpZCI6IjY5ZmQxZDc0ZTdhNmI1YjIwMzU5MmMzZCIsImVtYWlsIjoibG9hZHRlc3QtMTEzMkBpY2hhbmdlLnRlc3QiLCJyb2xlIjoic3R1ZGVudCIsImlhdCI6MTc3ODE5NTgyOCwiZXhwIjoxNzc4MjAzMDI4fQ.-stZ44YIEmVrtoWLGv2eaHDNv4e-XUcSIhybjihve_M,69fd1d6de7a6b5b2035927c5,69fd1d74e7a6b5b203592c3d
eyJhbGciOiJIUzI1NiIsInR5cCI6IkpXVCJ9.eyJpZCI6IjY5ZmQxZDc0ZTdhNmI1YjIwMzU5MmMzZSIsImVtYWlsIjoibG9hZHRlc3QtMTEzM0BpY2hhbmdlLnRlc3QiLCJyb2xlIjoic3R1ZGVudCIsImlhdCI6MTc3ODE5NTgyOCwiZXhwIjoxNzc4MjAzMDI4fQ.-2F24OEnQVL3U2tZuw3BGl6j7yYI4n0RRuEx-Bj8lZo,69fd1d6de7a6b5b2035927c5,69fd1d74e7a6b5b203592c3e
eyJhbGciOiJIUzI1NiIsInR5cCI6IkpXVCJ9.eyJpZCI6IjY5ZmQxZDc0ZTdhNmI1YjIwMzU5MmMzZiIsImVtYWlsIjoibG9hZHRlc3QtMTEzNEBpY2hhbmdlLnRlc3QiLCJyb2xlIjoic3R1ZGVudCIsImlhdCI6MTc3ODE5NTgyOCwiZXhwIjoxNzc4MjAzMDI4fQ.sLbLn-5d4hvCkzp6nCNAs7Z5Sd02f477NW4SZjGdN-k,69fd1d6de7a6b5b2035927c5,69fd1d74e7a6b5b203592c3f
eyJhbGciOiJIUzI1NiIsInR5cCI6IkpXVCJ9.eyJpZCI6IjY5ZmQxZDc0ZTdhNmI1YjIwMzU5MmM0MCIsImVtYWlsIjoibG9hZHRlc3QtMTEzNUBpY2hhbmdlLnRlc3QiLCJyb2xlIjoic3R1ZGVudCIsImlhdCI6MTc3ODE5NTgyOCwiZXhwIjoxNzc4MjAzMDI4fQ.Gxk-XREDW7_6q8HRJJ0MKzi_-nbJ_jSIIzE5Yug0C5g,69fd1d6de7a6b5b2035927c5,69fd1d74e7a6b5b203592c40
eyJhbGciOiJIUzI1NiIsInR5cCI6IkpXVCJ9.eyJpZCI6IjY5ZmQxZDc0ZTdhNmI1YjIwMzU5MmM0MSIsImVtYWlsIjoibG9hZHRlc3QtMTEzNkBpY2hhbmdlLnRlc3QiLCJyb2xlIjoic3R1ZGVudCIsImlhdCI6MTc3ODE5NTgyOCwiZXhwIjoxNzc4MjAzMDI4fQ.9lFOqBXLgLXemqLWjmWMUsKHKadmHmvjowU6kLMgl08,69fd1d6de7a6b5b2035927c5,69fd1d74e7a6b5b203592c41
eyJhbGciOiJIUzI1NiIsInR5cCI6IkpXVCJ9.eyJpZCI6IjY5ZmQxZDc0ZTdhNmI1YjIwMzU5MmM0MiIsImVtYWlsIjoibG9hZHRlc3QtMTEzN0BpY2hhbmdlLnRlc3QiLCJyb2xlIjoic3R1ZGVudCIsImlhdCI6MTc3ODE5NTgyOCwiZXhwIjoxNzc4MjAzMDI4fQ.xeTxyT5d_vLW0f92u_UHpETcBuREQ7Lknj98JUxvALQ,69fd1d6de7a6b5b2035927c5,69fd1d74e7a6b5b203592c42
eyJhbGciOiJIUzI1NiIsInR5cCI6IkpXVCJ9.eyJpZCI6IjY5ZmQxZDc0ZTdhNmI1YjIwMzU5MmM0MyIsImVtYWlsIjoibG9hZHRlc3QtMTEzOEBpY2hhbmdlLnRlc3QiLCJyb2xlIjoic3R1ZGVudCIsImlhdCI6MTc3ODE5NTgyOCwiZXhwIjoxNzc4MjAzMDI4fQ.SwhvJdjVWuMF-sJ1HuGjNEx1MpO5OjIjVehQsRqpSk8,69fd1d6de7a6b5b2035927c5,69fd1d74e7a6b5b203592c43
eyJhbGciOiJIUzI1NiIsInR5cCI6IkpXVCJ9.eyJpZCI6IjY5ZmQxZDc0ZTdhNmI1YjIwMzU5MmM0NCIsImVtYWlsIjoibG9hZHRlc3QtMTEzOUBpY2hhbmdlLnRlc3QiLCJyb2xlIjoic3R1ZGVudCIsImlhdCI6MTc3ODE5NTgyOCwiZXhwIjoxNzc4MjAzMDI4fQ.nVe2htTz--VXtZkMBWNkoCH6XLaYcsP_t7OigEu08uA,69fd1d6de7a6b5b2035927c5,69fd1d74e7a6b5b203592c44
eyJhbGciOiJIUzI1NiIsInR5cCI6IkpXVCJ9.eyJpZCI6IjY5ZmQxZDc0ZTdhNmI1YjIwMzU5MmM0NSIsImVtYWlsIjoibG9hZHRlc3QtMTE0MEBpY2hhbmdlLnRlc3QiLCJyb2xlIjoic3R1ZGVudCIsImlhdCI6MTc3ODE5NTgyOCwiZXhwIjoxNzc4MjAzMDI4fQ.UnNrD06k91f7O-mRMeIQoRT0UNA2djdMZXBf55Y-jIM,69fd1d6de7a6b5b2035927c5,69fd1d74e7a6b5b203592c45
eyJhbGciOiJIUzI1NiIsInR5cCI6IkpXVCJ9.eyJpZCI6IjY5ZmQxZDc0ZTdhNmI1YjIwMzU5MmM0NiIsImVtYWlsIjoibG9hZHRlc3QtMTE0MUBpY2hhbmdlLnRlc3QiLCJyb2xlIjoic3R1ZGVudCIsImlhdCI6MTc3ODE5NTgyOCwiZXhwIjoxNzc4MjAzMDI4fQ.1eT_SbWz-fOoaaGWTUtBwN6Ekss84GQb2YGcGKwjoVk,69fd1d6de7a6b5b2035927c5,69fd1d74e7a6b5b203592c46
eyJhbGciOiJIUzI1NiIsInR5cCI6IkpXVCJ9.eyJpZCI6IjY5ZmQxZDc0ZTdhNmI1YjIwMzU5MmM0NyIsImVtYWlsIjoibG9hZHRlc3QtMTE0MkBpY2hhbmdlLnRlc3QiLCJyb2xlIjoic3R1ZGVudCIsImlhdCI6MTc3ODE5NTgyOCwiZXhwIjoxNzc4MjAzMDI4fQ.b6HMCg5ruEWXlrq_wRTyuF-vAwP60DzPtjY9giTF01g,69fd1d6de7a6b5b2035927c5,69fd1d74e7a6b5b203592c47
eyJhbGciOiJIUzI1NiIsInR5cCI6IkpXVCJ9.eyJpZCI6IjY5ZmQxZDc0ZTdhNmI1YjIwMzU5MmM0OCIsImVtYWlsIjoibG9hZHRlc3QtMTE0M0BpY2hhbmdlLnRlc3QiLCJyb2xlIjoic3R1ZGVudCIsImlhdCI6MTc3ODE5NTgyOCwiZXhwIjoxNzc4MjAzMDI4fQ.EwdI-pOp6b8w6Y5vHrUbmQFhnmODI4l396zhQmEuW2k,69fd1d6de7a6b5b2035927c5,69fd1d74e7a6b5b203592c48
eyJhbGciOiJIUzI1NiIsInR5cCI6IkpXVCJ9.eyJpZCI6IjY5ZmQxZDc0ZTdhNmI1YjIwMzU5MmM0OSIsImVtYWlsIjoibG9hZHRlc3QtMTE0NEBpY2hhbmdlLnRlc3QiLCJyb2xlIjoic3R1ZGVudCIsImlhdCI6MTc3ODE5NTgyOCwiZXhwIjoxNzc4MjAzMDI4fQ.-uWedj-l_wnZMkFewcN6v7guhjtxP46qWMKId9Jg1Dw,69fd1d6de7a6b5b2035927c5,69fd1d74e7a6b5b203592c49
eyJhbGciOiJIUzI1NiIsInR5cCI6IkpXVCJ9.eyJpZCI6IjY5ZmQxZDc0ZTdhNmI1YjIwMzU5MmM0YSIsImVtYWlsIjoibG9hZHRlc3QtMTE0NUBpY2hhbmdlLnRlc3QiLCJyb2xlIjoic3R1ZGVudCIsImlhdCI6MTc3ODE5NTgyOCwiZXhwIjoxNzc4MjAzMDI4fQ.unXOh3dsiNhBEwxaEdLkgiLef-W3XZc1E_vy-G08mmA,69fd1d6de7a6b5b2035927c5,69fd1d74e7a6b5b203592c4a
eyJhbGciOiJIUzI1NiIsInR5cCI6IkpXVCJ9.eyJpZCI6IjY5ZmQxZDc0ZTdhNmI1YjIwMzU5MmM0YiIsImVtYWlsIjoibG9hZHRlc3QtMTE0NkBpY2hhbmdlLnRlc3QiLCJyb2xlIjoic3R1ZGVudCIsImlhdCI6MTc3ODE5NTgyOCwiZXhwIjoxNzc4MjAzMDI4fQ.K8MGB5v3jk39yJ6x7DI6SqDeeGRPvxWXeuwOcoE-Ahw,69fd1d6de7a6b5b2035927c5,69fd1d74e7a6b5b203592c4b
eyJhbGciOiJIUzI1NiIsInR5cCI6IkpXVCJ9.eyJpZCI6IjY5ZmQxZDc0ZTdhNmI1YjIwMzU5MmM0YyIsImVtYWlsIjoibG9hZHRlc3QtMTE0N0BpY2hhbmdlLnRlc3QiLCJyb2xlIjoic3R1ZGVudCIsImlhdCI6MTc3ODE5NTgyOCwiZXhwIjoxNzc4MjAzMDI4fQ.cFCrEJSNtC1f6jRt3TcJXnGnCv02ef_ynKwHr0up4zI,69fd1d6de7a6b5b2035927c5,69fd1d74e7a6b5b203592c4c
eyJhbGciOiJIUzI1NiIsInR5cCI6IkpXVCJ9.eyJpZCI6IjY5ZmQxZDc0ZTdhNmI1YjIwMzU5MmM0ZCIsImVtYWlsIjoibG9hZHRlc3QtMTE0OEBpY2hhbmdlLnRlc3QiLCJyb2xlIjoic3R1ZGVudCIsImlhdCI6MTc3ODE5NTgyOCwiZXhwIjoxNzc4MjAzMDI4fQ.XQaXAMtUW1MMWAkv_Y8eTheA4U5p1MnWpYD4Oo3KwvU,69fd1d6de7a6b5b2035927c5,69fd1d74e7a6b5b203592c4d
eyJhbGciOiJIUzI1NiIsInR5cCI6IkpXVCJ9.eyJpZCI6IjY5ZmQxZDc0ZTdhNmI1YjIwMzU5MmM0ZSIsImVtYWlsIjoibG9hZHRlc3QtMTE0OUBpY2hhbmdlLnRlc3QiLCJyb2xlIjoic3R1ZGVudCIsImlhdCI6MTc3ODE5NTgyOCwiZXhwIjoxNzc4MjAzMDI4fQ.kcM3x4qBjjK83E4ExBUkfDpCON_67YGiOk1MjM3YxYQ,69fd1d6de7a6b5b2035927c5,69fd1d74e7a6b5b203592c4e
eyJhbGciOiJIUzI1NiIsInR5cCI6IkpXVCJ9.eyJpZCI6IjY5ZmQxZDc0ZTdhNmI1YjIwMzU5MmM0ZiIsImVtYWlsIjoibG9hZHRlc3QtMTE1MEBpY2hhbmdlLnRlc3QiLCJyb2xlIjoic3R1ZGVudCIsImlhdCI6MTc3ODE5NTgyOCwiZXhwIjoxNzc4MjAzMDI4fQ.trrGVdFKAAayiZKRiuiqFTQM4LEmXmWLUOUhMaVPl6U,69fd1d6de7a6b5b2035927c5,69fd1d74e7a6b5b203592c4f
eyJhbGciOiJIUzI1NiIsInR5cCI6IkpXVCJ9.eyJpZCI6IjY5ZmQxZDc0ZTdhNmI1YjIwMzU5MmM1MCIsImVtYWlsIjoibG9hZHRlc3QtMTE1MUBpY2hhbmdlLnRlc3QiLCJyb2xlIjoic3R1ZGVudCIsImlhdCI6MTc3ODE5NTgyOCwiZXhwIjoxNzc4MjAzMDI4fQ.MRQMml9C-pzJx2Jzu_SxNnatSJss94EAhgmRlxm9Dyc,69fd1d6de7a6b5b2035927c5,69fd1d74e7a6b5b203592c50
eyJhbGciOiJIUzI1NiIsInR5cCI6IkpXVCJ9.eyJpZCI6IjY5ZmQxZDc0ZTdhNmI1YjIwMzU5MmM1MSIsImVtYWlsIjoibG9hZHRlc3QtMTE1MkBpY2hhbmdlLnRlc3QiLCJyb2xlIjoic3R1ZGVudCIsImlhdCI6MTc3ODE5NTgyOCwiZXhwIjoxNzc4MjAzMDI4fQ.nUjYDjm-vRjMUev6ot1zj-71ZSbr-Y5IEd6JPHkdDN8,69fd1d6de7a6b5b2035927c5,69fd1d74e7a6b5b203592c51
eyJhbGciOiJIUzI1NiIsInR5cCI6IkpXVCJ9.eyJpZCI6IjY5ZmQxZDc0ZTdhNmI1YjIwMzU5MmM1MiIsImVtYWlsIjoibG9hZHRlc3QtMTE1M0BpY2hhbmdlLnRlc3QiLCJyb2xlIjoic3R1ZGVudCIsImlhdCI6MTc3ODE5NTgyOCwiZXhwIjoxNzc4MjAzMDI4fQ.qY53uRZK9cHHQyC99q8AP-nNlSUu1HUtFJ7MSHvf27I,69fd1d6de7a6b5b2035927c5,69fd1d74e7a6b5b203592c52
eyJhbGciOiJIUzI1NiIsInR5cCI6IkpXVCJ9.eyJpZCI6IjY5ZmQxZDc0ZTdhNmI1YjIwMzU5MmM1MyIsImVtYWlsIjoibG9hZHRlc3QtMTE1NEBpY2hhbmdlLnRlc3QiLCJyb2xlIjoic3R1ZGVudCIsImlhdCI6MTc3ODE5NTgyOCwiZXhwIjoxNzc4MjAzMDI4fQ.uKurLFS76o_Xi--X6kZyFBU3tqhj_GVSjouGGS5xWbI,69fd1d6de7a6b5b2035927c5,69fd1d74e7a6b5b203592c53
eyJhbGciOiJIUzI1NiIsInR5cCI6IkpXVCJ9.eyJpZCI6IjY5ZmQxZDc0ZTdhNmI1YjIwMzU5MmM1NCIsImVtYWlsIjoibG9hZHRlc3QtMTE1NUBpY2hhbmdlLnRlc3QiLCJyb2xlIjoic3R1ZGVudCIsImlhdCI6MTc3ODE5NTgyOCwiZXhwIjoxNzc4MjAzMDI4fQ.ar3Qi-sTtrQUsRMfwR4gGRLNuBggLziA74rcVwwI92Q,69fd1d6de7a6b5b2035927c5,69fd1d74e7a6b5b203592c54
eyJhbGciOiJIUzI1NiIsInR5cCI6IkpXVCJ9.eyJpZCI6IjY5ZmQxZDc0ZTdhNmI1YjIwMzU5MmM1NSIsImVtYWlsIjoibG9hZHRlc3QtMTE1NkBpY2hhbmdlLnRlc3QiLCJyb2xlIjoic3R1ZGVudCIsImlhdCI6MTc3ODE5NTgyOCwiZXhwIjoxNzc4MjAzMDI4fQ.4Gkrfu62U1s4uiU9IhC-qs3_tYO-VEaTdJjVcuRmLIM,69fd1d6de7a6b5b2035927c5,69fd1d74e7a6b5b203592c55
eyJhbGciOiJIUzI1NiIsInR5cCI6IkpXVCJ9.eyJpZCI6IjY5ZmQxZDc0ZTdhNmI1YjIwMzU5MmM1NiIsImVtYWlsIjoibG9hZHRlc3QtMTE1N0BpY2hhbmdlLnRlc3QiLCJyb2xlIjoic3R1ZGVudCIsImlhdCI6MTc3ODE5NTgyOCwiZXhwIjoxNzc4MjAzMDI4fQ.0fDUupEsU5QcPMpSCGYaULLSugzvSJv9Zok4H30hxl4,69fd1d6de7a6b5b2035927c5,69fd1d74e7a6b5b203592c56
eyJhbGciOiJIUzI1NiIsInR5cCI6IkpXVCJ9.eyJpZCI6IjY5ZmQxZDc0ZTdhNmI1YjIwMzU5MmM1NyIsImVtYWlsIjoibG9hZHRlc3QtMTE1OEBpY2hhbmdlLnRlc3QiLCJyb2xlIjoic3R1ZGVudCIsImlhdCI6MTc3ODE5NTgyOCwiZXhwIjoxNzc4MjAzMDI4fQ.xEt1fYMuPlNXQ5-3zcRiks_qVQwIEfnA8zLDHXkxFV8,69fd1d6de7a6b5b2035927c5,69fd1d74e7a6b5b203592c57
eyJhbGciOiJIUzI1NiIsInR5cCI6IkpXVCJ9.eyJpZCI6IjY5ZmQxZDc0ZTdhNmI1YjIwMzU5MmM1OCIsImVtYWlsIjoibG9hZHRlc3QtMTE1OUBpY2hhbmdlLnRlc3QiLCJyb2xlIjoic3R1ZGVudCIsImlhdCI6MTc3ODE5NTgyOCwiZXhwIjoxNzc4MjAzMDI4fQ.92ML7hNlTyOBh6bMyAwZNYqevVL2jlXNr6HmFZYWNIE,69fd1d6de7a6b5b2035927c5,69fd1d74e7a6b5b203592c58
eyJhbGciOiJIUzI1NiIsInR5cCI6IkpXVCJ9.eyJpZCI6IjY5ZmQxZDc0ZTdhNmI1YjIwMzU5MmM1OSIsImVtYWlsIjoibG9hZHRlc3QtMTE2MEBpY2hhbmdlLnRlc3QiLCJyb2xlIjoic3R1ZGVudCIsImlhdCI6MTc3ODE5NTgyOCwiZXhwIjoxNzc4MjAzMDI4fQ.8tf5j2ZktHY4y7eWgBzMZnna_MB08WS1xUE-GqMMGR0,69fd1d6de7a6b5b2035927c5,69fd1d74e7a6b5b203592c59
eyJhbGciOiJIUzI1NiIsInR5cCI6IkpXVCJ9.eyJpZCI6IjY5ZmQxZDc0ZTdhNmI1YjIwMzU5MmM1YSIsImVtYWlsIjoibG9hZHRlc3QtMTE2MUBpY2hhbmdlLnRlc3QiLCJyb2xlIjoic3R1ZGVudCIsImlhdCI6MTc3ODE5NTgyOCwiZXhwIjoxNzc4MjAzMDI4fQ._G5WqUGZ7net9DTg-LiydNxL2E5AViaEHDZp-Q5vOw8,69fd1d6de7a6b5b2035927c5,69fd1d74e7a6b5b203592c5a
eyJhbGciOiJIUzI1NiIsInR5cCI6IkpXVCJ9.eyJpZCI6IjY5ZmQxZDc0ZTdhNmI1YjIwMzU5MmM1YiIsImVtYWlsIjoibG9hZHRlc3QtMTE2MkBpY2hhbmdlLnRlc3QiLCJyb2xlIjoic3R1ZGVudCIsImlhdCI6MTc3ODE5NTgyOCwiZXhwIjoxNzc4MjAzMDI4fQ.67KTJVqzDA80sBoWfIZLaTWU1U6Ym2HqiXePGUi5sbc,69fd1d6de7a6b5b2035927c5,69fd1d74e7a6b5b203592c5b
eyJhbGciOiJIUzI1NiIsInR5cCI6IkpXVCJ9.eyJpZCI6IjY5ZmQxZDc0ZTdhNmI1YjIwMzU5MmM1YyIsImVtYWlsIjoibG9hZHRlc3QtMTE2M0BpY2hhbmdlLnRlc3QiLCJyb2xlIjoic3R1ZGVudCIsImlhdCI6MTc3ODE5NTgyOCwiZXhwIjoxNzc4MjAzMDI4fQ.vcQtG_H0mrzCzXJVyYWFsEcyDu-IUClO_2sOqhOrP_s,69fd1d6de7a6b5b2035927c5,69fd1d74e7a6b5b203592c5c
eyJhbGciOiJIUzI1NiIsInR5cCI6IkpXVCJ9.eyJpZCI6IjY5ZmQxZDc0ZTdhNmI1YjIwMzU5MmM1ZCIsImVtYWlsIjoibG9hZHRlc3QtMTE2NEBpY2hhbmdlLnRlc3QiLCJyb2xlIjoic3R1ZGVudCIsImlhdCI6MTc3ODE5NTgyOCwiZXhwIjoxNzc4MjAzMDI4fQ.BdW59RkdgmaN4Jcda4IWYEezJIk7QuaabVSWIt1f3U0,69fd1d6de7a6b5b2035927c5,69fd1d74e7a6b5b203592c5d
eyJhbGciOiJIUzI1NiIsInR5cCI6IkpXVCJ9.eyJpZCI6IjY5ZmQxZDc0ZTdhNmI1YjIwMzU5MmM1ZSIsImVtYWlsIjoibG9hZHRlc3QtMTE2NUBpY2hhbmdlLnRlc3QiLCJyb2xlIjoic3R1ZGVudCIsImlhdCI6MTc3ODE5NTgyOCwiZXhwIjoxNzc4MjAzMDI4fQ.oxdijiFRW-oGdIcq9dCHEmC4dJLRmE7NR0PifVkCZ8Q,69fd1d6de7a6b5b2035927c5,69fd1d74e7a6b5b203592c5e
eyJhbGciOiJIUzI1NiIsInR5cCI6IkpXVCJ9.eyJpZCI6IjY5ZmQxZDc0ZTdhNmI1YjIwMzU5MmM1ZiIsImVtYWlsIjoibG9hZHRlc3QtMTE2NkBpY2hhbmdlLnRlc3QiLCJyb2xlIjoic3R1ZGVudCIsImlhdCI6MTc3ODE5NTgyOCwiZXhwIjoxNzc4MjAzMDI4fQ.8W4w9Jk3y-26nOdokJyA2cISEj3wK9DpIm65g2Emm6Q,69fd1d6de7a6b5b2035927c5,69fd1d74e7a6b5b203592c5f
eyJhbGciOiJIUzI1NiIsInR5cCI6IkpXVCJ9.eyJpZCI6IjY5ZmQxZDc0ZTdhNmI1YjIwMzU5MmM2MCIsImVtYWlsIjoibG9hZHRlc3QtMTE2N0BpY2hhbmdlLnRlc3QiLCJyb2xlIjoic3R1ZGVudCIsImlhdCI6MTc3ODE5NTgyOCwiZXhwIjoxNzc4MjAzMDI4fQ.eLq4UsfUvuQZoKCH6dYMd7oLpylU8wKCgQrdF25iEY4,69fd1d6de7a6b5b2035927c5,69fd1d74e7a6b5b203592c60
eyJhbGciOiJIUzI1NiIsInR5cCI6IkpXVCJ9.eyJpZCI6IjY5ZmQxZDc0ZTdhNmI1YjIwMzU5MmM2MSIsImVtYWlsIjoibG9hZHRlc3QtMTE2OEBpY2hhbmdlLnRlc3QiLCJyb2xlIjoic3R1ZGVudCIsImlhdCI6MTc3ODE5NTgyOCwiZXhwIjoxNzc4MjAzMDI4fQ.Trrn6HXzlw2ZRLS451kmwO64ODZrog0TzC56QWPkCx4,69fd1d6de7a6b5b2035927c5,69fd1d74e7a6b5b203592c61
eyJhbGciOiJIUzI1NiIsInR5cCI6IkpXVCJ9.eyJpZCI6IjY5ZmQxZDc0ZTdhNmI1YjIwMzU5MmM2MiIsImVtYWlsIjoibG9hZHRlc3QtMTE2OUBpY2hhbmdlLnRlc3QiLCJyb2xlIjoic3R1ZGVudCIsImlhdCI6MTc3ODE5NTgyOCwiZXhwIjoxNzc4MjAzMDI4fQ.38XqsHvma0AU7QtTvw9SlzZ-OXLNdtzoe8v_jQb6n8M,69fd1d6de7a6b5b2035927c5,69fd1d74e7a6b5b203592c62
eyJhbGciOiJIUzI1NiIsInR5cCI6IkpXVCJ9.eyJpZCI6IjY5ZmQxZDc0ZTdhNmI1YjIwMzU5MmM2MyIsImVtYWlsIjoibG9hZHRlc3QtMTE3MEBpY2hhbmdlLnRlc3QiLCJyb2xlIjoic3R1ZGVudCIsImlhdCI6MTc3ODE5NTgyOCwiZXhwIjoxNzc4MjAzMDI4fQ.b4IIqwCKfb6DKMPZesthRsVz1ijFGxqVrd4KE1yUF-g,69fd1d6de7a6b5b2035927c5,69fd1d74e7a6b5b203592c63
eyJhbGciOiJIUzI1NiIsInR5cCI6IkpXVCJ9.eyJpZCI6IjY5ZmQxZDc0ZTdhNmI1YjIwMzU5MmM2NCIsImVtYWlsIjoibG9hZHRlc3QtMTE3MUBpY2hhbmdlLnRlc3QiLCJyb2xlIjoic3R1ZGVudCIsImlhdCI6MTc3ODE5NTgyOCwiZXhwIjoxNzc4MjAzMDI4fQ.xaoxhu5B-FsisaWGZUb_QoGhgp0q9M18VF5LIIKRT-Y,69fd1d6de7a6b5b2035927c5,69fd1d74e7a6b5b203592c64
eyJhbGciOiJIUzI1NiIsInR5cCI6IkpXVCJ9.eyJpZCI6IjY5ZmQxZDc0ZTdhNmI1YjIwMzU5MmM2NSIsImVtYWlsIjoibG9hZHRlc3QtMTE3MkBpY2hhbmdlLnRlc3QiLCJyb2xlIjoic3R1ZGVudCIsImlhdCI6MTc3ODE5NTgyOCwiZXhwIjoxNzc4MjAzMDI4fQ.EPWsQkOqVYwv_49-oMHPv_HmhGuYheWagcZWnohxyXE,69fd1d6de7a6b5b2035927c5,69fd1d74e7a6b5b203592c65
eyJhbGciOiJIUzI1NiIsInR5cCI6IkpXVCJ9.eyJpZCI6IjY5ZmQxZDc0ZTdhNmI1YjIwMzU5MmM2NiIsImVtYWlsIjoibG9hZHRlc3QtMTE3M0BpY2hhbmdlLnRlc3QiLCJyb2xlIjoic3R1ZGVudCIsImlhdCI6MTc3ODE5NTgyOCwiZXhwIjoxNzc4MjAzMDI4fQ.Pfk34XGb835OucuJA9cxLwhGfTpuhVpwhR8tb3X7kqQ,69fd1d6de7a6b5b2035927c5,69fd1d74e7a6b5b203592c66
eyJhbGciOiJIUzI1NiIsInR5cCI6IkpXVCJ9.eyJpZCI6IjY5ZmQxZDc0ZTdhNmI1YjIwMzU5MmM2NyIsImVtYWlsIjoibG9hZHRlc3QtMTE3NEBpY2hhbmdlLnRlc3QiLCJyb2xlIjoic3R1ZGVudCIsImlhdCI6MTc3ODE5NTgyOCwiZXhwIjoxNzc4MjAzMDI4fQ.RonNvq5-EGjzNX3IQQqv8-e7C0Whnoqt2cYSWllV5oM,69fd1d6de7a6b5b2035927c5,69fd1d74e7a6b5b203592c67
eyJhbGciOiJIUzI1NiIsInR5cCI6IkpXVCJ9.eyJpZCI6IjY5ZmQxZDc0ZTdhNmI1YjIwMzU5MmM2OCIsImVtYWlsIjoibG9hZHRlc3QtMTE3NUBpY2hhbmdlLnRlc3QiLCJyb2xlIjoic3R1ZGVudCIsImlhdCI6MTc3ODE5NTgyOCwiZXhwIjoxNzc4MjAzMDI4fQ.VlRo_0z2cmgDfUPrm_WZUkASWfMjdzH1oDqz3VclOsU,69fd1d6de7a6b5b2035927c5,69fd1d74e7a6b5b203592c68
eyJhbGciOiJIUzI1NiIsInR5cCI6IkpXVCJ9.eyJpZCI6IjY5ZmQxZDc0ZTdhNmI1YjIwMzU5MmM2OSIsImVtYWlsIjoibG9hZHRlc3QtMTE3NkBpY2hhbmdlLnRlc3QiLCJyb2xlIjoic3R1ZGVudCIsImlhdCI6MTc3ODE5NTgyOCwiZXhwIjoxNzc4MjAzMDI4fQ.LlJM-AJ41rD1byEclXBz8CYlyL2NoHieAUV7Zwr0jGs,69fd1d6de7a6b5b2035927c5,69fd1d74e7a6b5b203592c69
eyJhbGciOiJIUzI1NiIsInR5cCI6IkpXVCJ9.eyJpZCI6IjY5ZmQxZDc0ZTdhNmI1YjIwMzU5MmM2YSIsImVtYWlsIjoibG9hZHRlc3QtMTE3N0BpY2hhbmdlLnRlc3QiLCJyb2xlIjoic3R1ZGVudCIsImlhdCI6MTc3ODE5NTgyOCwiZXhwIjoxNzc4MjAzMDI4fQ.xmDmtxPXtjuzZmV2QKb8Rl528YvkM4CimZjt5C_1P94,69fd1d6de7a6b5b2035927c5,69fd1d74e7a6b5b203592c6a
eyJhbGciOiJIUzI1NiIsInR5cCI6IkpXVCJ9.eyJpZCI6IjY5ZmQxZDc0ZTdhNmI1YjIwMzU5MmM2YiIsImVtYWlsIjoibG9hZHRlc3QtMTE3OEBpY2hhbmdlLnRlc3QiLCJyb2xlIjoic3R1ZGVudCIsImlhdCI6MTc3ODE5NTgyOCwiZXhwIjoxNzc4MjAzMDI4fQ.6xUtzdKukqkcQRG_HZyybufuZ_gpjCDQCv0N08d5qbQ,69fd1d6de7a6b5b2035927c5,69fd1d74e7a6b5b203592c6b
eyJhbGciOiJIUzI1NiIsInR5cCI6IkpXVCJ9.eyJpZCI6IjY5ZmQxZDc0ZTdhNmI1YjIwMzU5MmM2YyIsImVtYWlsIjoibG9hZHRlc3QtMTE3OUBpY2hhbmdlLnRlc3QiLCJyb2xlIjoic3R1ZGVudCIsImlhdCI6MTc3ODE5NTgyOCwiZXhwIjoxNzc4MjAzMDI4fQ.Q8rpzwi0oIUHZlKLmtlKRWvlT0S9I70Uu3F147qvo9A,69fd1d6de7a6b5b2035927c5,69fd1d74e7a6b5b203592c6c
eyJhbGciOiJIUzI1NiIsInR5cCI6IkpXVCJ9.eyJpZCI6IjY5ZmQxZDc0ZTdhNmI1YjIwMzU5MmM2ZCIsImVtYWlsIjoibG9hZHRlc3QtMTE4MEBpY2hhbmdlLnRlc3QiLCJyb2xlIjoic3R1ZGVudCIsImlhdCI6MTc3ODE5NTgyOCwiZXhwIjoxNzc4MjAzMDI4fQ.Jh9nRxF_TyBOhgzcOrQblnCmD3TbVjJzlOd65kseZ3o,69fd1d6de7a6b5b2035927c5,69fd1d74e7a6b5b203592c6d
eyJhbGciOiJIUzI1NiIsInR5cCI6IkpXVCJ9.eyJpZCI6IjY5ZmQxZDc0ZTdhNmI1YjIwMzU5MmM2ZSIsImVtYWlsIjoibG9hZHRlc3QtMTE4MUBpY2hhbmdlLnRlc3QiLCJyb2xlIjoic3R1ZGVudCIsImlhdCI6MTc3ODE5NTgyOCwiZXhwIjoxNzc4MjAzMDI4fQ.cPOKded2mL10Encnt1W7qXhbpQrheWksF-_4UZeX1Ew,69fd1d6de7a6b5b2035927c5,69fd1d74e7a6b5b203592c6e
eyJhbGciOiJIUzI1NiIsInR5cCI6IkpXVCJ9.eyJpZCI6IjY5ZmQxZDc0ZTdhNmI1YjIwMzU5MmM2ZiIsImVtYWlsIjoibG9hZHRlc3QtMTE4MkBpY2hhbmdlLnRlc3QiLCJyb2xlIjoic3R1ZGVudCIsImlhdCI6MTc3ODE5NTgyOCwiZXhwIjoxNzc4MjAzMDI4fQ.066D_y2-9zPljYR6Jt-UpUuuHR9f09fo-xx78Nk5AiI,69fd1d6de7a6b5b2035927c5,69fd1d74e7a6b5b203592c6f
eyJhbGciOiJIUzI1NiIsInR5cCI6IkpXVCJ9.eyJpZCI6IjY5ZmQxZDc0ZTdhNmI1YjIwMzU5MmM3MCIsImVtYWlsIjoibG9hZHRlc3QtMTE4M0BpY2hhbmdlLnRlc3QiLCJyb2xlIjoic3R1ZGVudCIsImlhdCI6MTc3ODE5NTgyOCwiZXhwIjoxNzc4MjAzMDI4fQ.twswUFr5_YMXecuagLIubhHNxH-zReQ_FKT9bTLeRFM,69fd1d6de7a6b5b2035927c5,69fd1d74e7a6b5b203592c70
eyJhbGciOiJIUzI1NiIsInR5cCI6IkpXVCJ9.eyJpZCI6IjY5ZmQxZDc0ZTdhNmI1YjIwMzU5MmM3MSIsImVtYWlsIjoibG9hZHRlc3QtMTE4NEBpY2hhbmdlLnRlc3QiLCJyb2xlIjoic3R1ZGVudCIsImlhdCI6MTc3ODE5NTgyOCwiZXhwIjoxNzc4MjAzMDI4fQ.f4ec2-y51J8ZCCaPXvOENeB6rMkHOA8yjRpaivAyYe8,69fd1d6de7a6b5b2035927c5,69fd1d74e7a6b5b203592c71
eyJhbGciOiJIUzI1NiIsInR5cCI6IkpXVCJ9.eyJpZCI6IjY5ZmQxZDc0ZTdhNmI1YjIwMzU5MmM3MiIsImVtYWlsIjoibG9hZHRlc3QtMTE4NUBpY2hhbmdlLnRlc3QiLCJyb2xlIjoic3R1ZGVudCIsImlhdCI6MTc3ODE5NTgyOCwiZXhwIjoxNzc4MjAzMDI4fQ.j6rUZCl1sRdZVdDa1CivWQKVa4c4ZNEsFWu6y0UhNeo,69fd1d6de7a6b5b2035927c5,69fd1d74e7a6b5b203592c72
eyJhbGciOiJIUzI1NiIsInR5cCI6IkpXVCJ9.eyJpZCI6IjY5ZmQxZDc0ZTdhNmI1YjIwMzU5MmM3MyIsImVtYWlsIjoibG9hZHRlc3QtMTE4NkBpY2hhbmdlLnRlc3QiLCJyb2xlIjoic3R1ZGVudCIsImlhdCI6MTc3ODE5NTgyOCwiZXhwIjoxNzc4MjAzMDI4fQ.qM2PX5RMeWpiP1A-gusaW4fYUcVlWxeJLi4Vo_DYMuM,69fd1d6de7a6b5b2035927c5,69fd1d74e7a6b5b203592c73
eyJhbGciOiJIUzI1NiIsInR5cCI6IkpXVCJ9.eyJpZCI6IjY5ZmQxZDc0ZTdhNmI1YjIwMzU5MmM3NCIsImVtYWlsIjoibG9hZHRlc3QtMTE4N0BpY2hhbmdlLnRlc3QiLCJyb2xlIjoic3R1ZGVudCIsImlhdCI6MTc3ODE5NTgyOCwiZXhwIjoxNzc4MjAzMDI4fQ.QYJHAyjPQnYhw7hZ4Tc6kfsZsPfARSSmcFWOyHZ1208,69fd1d6de7a6b5b2035927c5,69fd1d74e7a6b5b203592c74
eyJhbGciOiJIUzI1NiIsInR5cCI6IkpXVCJ9.eyJpZCI6IjY5ZmQxZDc0ZTdhNmI1YjIwMzU5MmM3NSIsImVtYWlsIjoibG9hZHRlc3QtMTE4OEBpY2hhbmdlLnRlc3QiLCJyb2xlIjoic3R1ZGVudCIsImlhdCI6MTc3ODE5NTgyOCwiZXhwIjoxNzc4MjAzMDI4fQ.TcWDVbi5VQfNkEGu3fDq8oYCxo2FKW5Yc6KCLX4e7_w,69fd1d6de7a6b5b2035927c5,69fd1d74e7a6b5b203592c75
eyJhbGciOiJIUzI1NiIsInR5cCI6IkpXVCJ9.eyJpZCI6IjY5ZmQxZDc0ZTdhNmI1YjIwMzU5MmM3NiIsImVtYWlsIjoibG9hZHRlc3QtMTE4OUBpY2hhbmdlLnRlc3QiLCJyb2xlIjoic3R1ZGVudCIsImlhdCI6MTc3ODE5NTgyOCwiZXhwIjoxNzc4MjAzMDI4fQ.OwcusGK2EnA9jhvQ7CDxOq4aUAH9E8IXZLmqeI6eo9s,69fd1d6de7a6b5b2035927c5,69fd1d74e7a6b5b203592c76
eyJhbGciOiJIUzI1NiIsInR5cCI6IkpXVCJ9.eyJpZCI6IjY5ZmQxZDc0ZTdhNmI1YjIwMzU5MmM3NyIsImVtYWlsIjoibG9hZHRlc3QtMTE5MEBpY2hhbmdlLnRlc3QiLCJyb2xlIjoic3R1ZGVudCIsImlhdCI6MTc3ODE5NTgyOCwiZXhwIjoxNzc4MjAzMDI4fQ.0q3Y7lDwlgSRPnE6dBC-qN2ACKLHMU2wTpG7aur3fjc,69fd1d6de7a6b5b2035927c5,69fd1d74e7a6b5b203592c77
eyJhbGciOiJIUzI1NiIsInR5cCI6IkpXVCJ9.eyJpZCI6IjY5ZmQxZDc0ZTdhNmI1YjIwMzU5MmM3OCIsImVtYWlsIjoibG9hZHRlc3QtMTE5MUBpY2hhbmdlLnRlc3QiLCJyb2xlIjoic3R1ZGVudCIsImlhdCI6MTc3ODE5NTgyOCwiZXhwIjoxNzc4MjAzMDI4fQ.Df0gZWj2bOmHW9RZw3tsGD9zG0Nj_RIgTWXWY5gSe10,69fd1d6de7a6b5b2035927c5,69fd1d74e7a6b5b203592c78
eyJhbGciOiJIUzI1NiIsInR5cCI6IkpXVCJ9.eyJpZCI6IjY5ZmQxZDc0ZTdhNmI1YjIwMzU5MmM3OSIsImVtYWlsIjoibG9hZHRlc3QtMTE5MkBpY2hhbmdlLnRlc3QiLCJyb2xlIjoic3R1ZGVudCIsImlhdCI6MTc3ODE5NTgyOCwiZXhwIjoxNzc4MjAzMDI4fQ.i-R7R9MGGTeOJqryO4cAbRfQMOjdHmxUPfd-0bU3Nss,69fd1d6de7a6b5b2035927c5,69fd1d74e7a6b5b203592c79
eyJhbGciOiJIUzI1NiIsInR5cCI6IkpXVCJ9.eyJpZCI6IjY5ZmQxZDc0ZTdhNmI1YjIwMzU5MmM3YSIsImVtYWlsIjoibG9hZHRlc3QtMTE5M0BpY2hhbmdlLnRlc3QiLCJyb2xlIjoic3R1ZGVudCIsImlhdCI6MTc3ODE5NTgyOCwiZXhwIjoxNzc4MjAzMDI4fQ.05AkNKo0hccEZRWZ7RobeOtCmdjjZiIJ92AQRk6g6Tw,69fd1d6de7a6b5b2035927c5,69fd1d74e7a6b5b203592c7a
eyJhbGciOiJIUzI1NiIsInR5cCI6IkpXVCJ9.eyJpZCI6IjY5ZmQxZDc0ZTdhNmI1YjIwMzU5MmM3YiIsImVtYWlsIjoibG9hZHRlc3QtMTE5NEBpY2hhbmdlLnRlc3QiLCJyb2xlIjoic3R1ZGVudCIsImlhdCI6MTc3ODE5NTgyOCwiZXhwIjoxNzc4MjAzMDI4fQ.2_K6gMYCc0a2lrz3AIP5PbKkHE7POWiyaghB6fbwpP8,69fd1d6de7a6b5b2035927c5,69fd1d74e7a6b5b203592c7b
eyJhbGciOiJIUzI1NiIsInR5cCI6IkpXVCJ9.eyJpZCI6IjY5ZmQxZDc0ZTdhNmI1YjIwMzU5MmM3YyIsImVtYWlsIjoibG9hZHRlc3QtMTE5NUBpY2hhbmdlLnRlc3QiLCJyb2xlIjoic3R1ZGVudCIsImlhdCI6MTc3ODE5NTgyOCwiZXhwIjoxNzc4MjAzMDI4fQ.8LphbAX9i6QbBwHwy8eWn9kBLr9x5UA3PrN4nZk1C9g,69fd1d6de7a6b5b2035927c5,69fd1d74e7a6b5b203592c7c
eyJhbGciOiJIUzI1NiIsInR5cCI6IkpXVCJ9.eyJpZCI6IjY5ZmQxZDc0ZTdhNmI1YjIwMzU5MmM3ZCIsImVtYWlsIjoibG9hZHRlc3QtMTE5NkBpY2hhbmdlLnRlc3QiLCJyb2xlIjoic3R1ZGVudCIsImlhdCI6MTc3ODE5NTgyOCwiZXhwIjoxNzc4MjAzMDI4fQ.sSjDnuI7j6yLsCrKXl9nG8Jhksjx6iBJm6sJQGK0KTc,69fd1d6de7a6b5b2035927c5,69fd1d74e7a6b5b203592c7d
eyJhbGciOiJIUzI1NiIsInR5cCI6IkpXVCJ9.eyJpZCI6IjY5ZmQxZDc0ZTdhNmI1YjIwMzU5MmM3ZSIsImVtYWlsIjoibG9hZHRlc3QtMTE5N0BpY2hhbmdlLnRlc3QiLCJyb2xlIjoic3R1ZGVudCIsImlhdCI6MTc3ODE5NTgyOCwiZXhwIjoxNzc4MjAzMDI4fQ.NkhaQc8uXmd4GBJv4M4WXM3jl-4JFfhZRj8eQkhFKmc,69fd1d6de7a6b5b2035927c5,69fd1d74e7a6b5b203592c7e
eyJhbGciOiJIUzI1NiIsInR5cCI6IkpXVCJ9.eyJpZCI6IjY5ZmQxZDc0ZTdhNmI1YjIwMzU5MmM3ZiIsImVtYWlsIjoibG9hZHRlc3QtMTE5OEBpY2hhbmdlLnRlc3QiLCJyb2xlIjoic3R1ZGVudCIsImlhdCI6MTc3ODE5NTgyOCwiZXhwIjoxNzc4MjAzMDI4fQ.TVcRPZ1LZ_dbC_4endkI_OOq_jIX701S2BQTN7NLYNk,69fd1d6de7a6b5b2035927c5,69fd1d74e7a6b5b203592c7f
eyJhbGciOiJIUzI1NiIsInR5cCI6IkpXVCJ9.eyJpZCI6IjY5ZmQxZDc0ZTdhNmI1YjIwMzU5MmM4MCIsImVtYWlsIjoibG9hZHRlc3QtMTE5OUBpY2hhbmdlLnRlc3QiLCJyb2xlIjoic3R1ZGVudCIsImlhdCI6MTc3ODE5NTgyOCwiZXhwIjoxNzc4MjAzMDI4fQ.lq2glgIVvjodi0Agr0jU4X6uIpgaEIbC1OzCAH6sv4E,69fd1d6de7a6b5b2035927c5,69fd1d74e7a6b5b203592c80
eyJhbGciOiJIUzI1NiIsInR5cCI6IkpXVCJ9.eyJpZCI6IjY5ZmQxZDc0ZTdhNmI1YjIwMzU5MmM4MSIsImVtYWlsIjoibG9hZHRlc3QtMTIwMEBpY2hhbmdlLnRlc3QiLCJyb2xlIjoic3R1ZGVudCIsImlhdCI6MTc3ODE5NTgyOCwiZXhwIjoxNzc4MjAzMDI4fQ.epZeQQ07prTF724-yaXqX_TnFEOdfz6x-gWIKRYE8pE,69fd1d6de7a6b5b2035927c5,69fd1d74e7a6b5b203592c81